A002-L08	48 0096 ALAKURTTI 0091-8602 6658-03021 R	
A002-L09	952 0100 ALAPAYEVSK 0156-8024 5752-06145 R	unsure
A002-L16	355 0185 ALTENBURG, E GER 0231-8055 5059-01230 R	
A009-L15	1058 1780 DROGOBYCH 0232-8602 4922-02334 R	
A009-L21	199 1885 DZHANKOY 0250-8633 4541-03425 R	
A014-L24	486 3400 KERCH N. 0249-8172 4523-03630 R	
A018-L10	594 4134 KREST KHALDZHAY 0124-8000 6251-13437 R	
A018-L20	242 9963 KUBINKA 0167-8030 5537-03639 R	
A018-L22	97 4193 KUNG CHU LING, MANCH 0290-8009 4331-12445 R	
A022-L03	853 0209 MA CHIANG, CHINA 0498-8416 2439-11816 R	
A029-L08	329 0188 PI?SAGAT 0339-?611 3951-04921 S	unsure
A035-L04	182 7745 SSU PING #1, MANCH 0290-8010 4310-12419 R	
A035-L17	15 7920 STRYY 0232-8619 4915-02348 R	
A035-L27	936 0290 SURAZHEVKA 0291-8009 4327-13217 Y	
A039-L26	132 8848 USMAN 0166-8044 5202-03939 R	
C002-L38	324 0238-0043	
C002-L40	275 0238-9998	
C006-L25	208 0328-0208	
C011-L07	275 0251-9871	
C011-L27	281 0252-0899	
C011-L32	4025- 4957E BA	
C011-L35	4025- 4948E M	
C011-L44	116 0325-0010	
C015-L15	254 0324-0046	
C015-L48	4014- 6912E D	
C020-L15	275 0169-	
C024-L13	241 0168-	
C024-L28	607 0843 BOGOYAVLENSKOYE 5315-04018	
C024-L43	5752- 3406E B	
C028-L14	056 0232-0699	
C028-L16	056 0232-0701	
C028-L20	392 0232-0749	
C032-L25	4732- 1904E G	
C032-L30	056 0251-0036	
C032-L45	235 0251-0342	
C036-L07	275 0231-9897	
C036-L11	382 0323-0085	
C036-L32	227 0248-	
C041-L32	188 0231-0450	
C047-L05	243 0283-	
C052-L06	275 0169-9974	
C052-L08	4646- 2335E A	
C056-L17	400 0232-0334	
C056-L26	671 1590 DEBLIN POL 5134-02151	
C056-L28	056 0232-0596	
C056-L30	246 0232-1537	
C056-L40	030 0251-0856	
C060-L14	352 0234-0031	
C060-L25	106 0234-0480	
C064-L40	4917- 2325E F	
C064-L48	275 0232-9991	
C068-L18	248 0169-1201	
C068-L21	275 0169-9930	
C068-L26	275 0169-	
C068-L27	248 0169-1153	
C068-L28	FINOW E GER 5251-01345	
C072-L13	RUHNOW POL 5333-01532	
C077-L36	240 0169-	
C077-L39	242 0169-0125	
C077-L54	5105- 1206E L	
C081-L21	275 0232-9642	
C081-L27	5020- 1850E AN	
C081-L31	5018- 1847E H	
C081-L41	5011- 1836E DF	
C085-L27	370 0167-0140	
C085-L32	230 0167-0393	
C089-L38	275 0169-9923	
C093-L39	248 0231-3229	
C097-L05	275 0232-	
C101-L02	275 0093-9998	
C101-L22	095 0200-0003	
C101-L34	227 0200-0072	
C107-L23	851 3204 KAMENETS PODOLSKIY 4840-02634	
C107-L30	282 0234-0037	
C107-L36	LIKHAYA 4810-04012	
C112-L04	275 0164-9?88	unsure
C112-L20	290 0168-0053	
C112-L29	280 0121-	unsure
C112-L42	445 0165-0019	
C112-L49	264 0165-0069	
C117-L34	275 0201-9998	
C121-L04	145 0250-0269	
C121-L18	240 0233-	
C121-L37	376 0233-0123	
C127-L33	430 0234-0065	
C127-L42	227 0234-	
C131-L05	064 0232-0344	
C131-L24	275 0232-9615	
C131-L27	275 0290-9998	
C135-L14	430 0250-0003	
C135-L15	376 0250-0027	
C135-L33	275 0153-9991	
C139-L03	246 0324-	
C139-L14	4222- 4259E F	
C143-L22	5121- 1244E AK	
C143-L25	010 0231-2789	
C143-L33	285 0231-0952	
C148-L25	1177 4562 LIEBEROSE E GER 5201-01418	
C152-L27	248 4725 LUBLIN POL 5115-02234	
C152-L30	392 0232-0028	
C159-L04	5124- 5744E C	
C159-L13	352 0249-0084	
C166-L13	629 5135 MORSHANSK 5328-04149	
C166-L26	5558- 3728E BL	
C166-L44	252 0167-0008	
C171-L11	386 0231-0250	
C171-L17	248 0231-3435	
C171-L32	905 5167 MOZDOK 4344-04436	
C171-L40	275 0167-9974	
C171-L46	DINGELSTADT E GER 5119-01019	
C175-L21	248 0281-	
C179-L05	275 0154-9770	
C185-L03	4444- 3749E C	
C185-L26	040 0162-	
C190-L25	MALAPANE POL 5041-01813	
C190-L44	227 0251-	
C190-L47	010 0251-0011	
C195-L33	188 0232-0476	
C200-L02	242 0381-	
C200-L25	4119-12345E A	
C204-L07	4452- 2601E E	
C204-L32	227 0251-0549	
C204-L43	CAMPINA RUM 4508-02543	
C204-L53	275 0251-9985	
C208-L03	6912- 3328E B	
C208-L36	379 6445 POSTORNA CZECH 4845-01652	
C213-L33	248 0075-	
C217-L05	075 0232-0064	
C217-L15	RATIBORHAMMER POL 5012-01819	
C217-L22	779 6752 RAVA RUSSKAYA 5014-02338	
C217-L32	5403- 5457E B	
C217-L41	064 0251-0210	
C221-L04	208 0169-1136	
C221-L18	4715- 3943E F	
C221-L22	430 0249-0020	
C221-L26	016 0249-0066	
C221-L32	350 0249-0073	
C225-L16	227 0249-	
C230-L10	227 0170-1185	
C234-L25	405 0492-0145	
C234-L33	248 0492-0166	
C238-L24	275 0251-	
C238-L37	275 0198-9985	
C242-L09	275 0322-9957	
C242-L10	400 0322-0821	
C246-L05	415 0235-0055	
C246-L12	4803- 3746E AF	
C246-L19	270 0249-0004	
C246-L23	246 0249-0038	
C246-L25	075 0249-0059	
C250-L35	226 0165-0040	
C250-L41	082 0169-0047	
C250-L44	227 0169-0049	
C250-L48	420 0169-0055	
C255-L06	285 0156-0322	
C255-L18	275 0156-9999	
C255-L28	228 0102-0038	
C255-L43	337 8015 SVITAVY CZECH 4947-01628	
C259-L09	064 0249-0122	
C259-L20	275 0249-9996	
C259-L48	384 0382-0062	
C263-L23	104 0328-0142	
C263-L41	480 8290 TATARSK 5514-07600	
C267-L13	208 0381-9973	
C272-L23	384 0283-0072	
C272-L24	275 0283-9976	
C272-L43	5409- 3743E B	
C272-L44	5414- 3734E C	
C277-L17	KITOY 5234-10355	
C277-L37	100 0239-0043	
C281-L04	4708- 1801E J	
C285-L04	227 0322-0235	
C285-L12	110 0153-0036	
C285-L28	248 0168-0325	
C285-L30	590 91625 VOLNOVAKHA 4735-03730	
C285-L38	376 0233-0041	
C290-L12	227 0154-	
C294-L27	275 0615-9985	
C294-L34	731 9547 WU HU CHINA 3120-11822	
C298-L17	4023- 4436E F	
C302-L45	352 0249-0248	
C302-L46	352 0249-0249	
C306-L03	252 0231-0202	
C306-L04	075 0231-1515	
C306-L42	275 0169-9903	
C306-L50	275 0169-9957	
