#page	state	STATE OF KANSAS (Continued)	B-173
county	Ellis	29004	900							0
county	Ellsworth	6362	717							0
county	Finney			30041	1302					0
county	Ford					26636	1099			0
county	Franklin			22337	577					0
county	Geary	29329	377							0
county	Gove	3688	1072							0
county	Graham	4256	898							0
county	Grant					6782	575			0
county	Gray					5373	868			0
county	Greeley					1917	778			0
county	Greenwood	8732	1135							0
county	Hamilton					2499	998			0
county	Harper	7767	802							0
county	Harvey	31144	541							0
county	Haskell					3876	578			0
county	Hodgeman			2265	860					0
county	Jackson			11502	658					0
county	Jefferson			16072	536					0
county	Jewell			4396	916					0
county	Johnson			302948	478					0
county	Kearny					3901	868			0
county	Kingman	9141	866							0
county	Kiowa			4011	723					0
county	Labette	25690	653							0
county	Lane			2560	717					0
county	Leavenworth			58999	463					0
county	Lincoln	3771	720							0
county	Linn			8342	601					0
county	Logan			3458	1073					0
