F001-L01	header	?ECLASSIFIED TY 27386. TOP SECRET
F001-L02	header	AIRFIELD LIST, ???? ???????
F001-L03	header	THIS PAGE IS NOT INCLUDED IN THE
F001-L04	header	PAGE COUNT OF BASIC DOCUMENT.
F001-L05	footer	DOCID:32003765 TOP SECRET-RESTRICT??ED DA
F002-L01	furniture	
F002-L02	header	?ECLASSIFIED TY 27386.
F002-L03	data	1042 0020 ABAKAN 0161-8002 5343-09127 R
F002-L04	data	814 0024 ACHINSK 0159-8007 5616-09028 R
F002-L05	data	771 6270 ADLER 0324-8635 4327-03956 R
F002-L09	data	952 0100 ALAPAYEVSK 0156-8024 5752-06145 R
F002-L10	data	683 0120 ALEKSANDROVSK 0205-8001 5053-14210 R
F002-L11	data	91 0125 ALEKSEYEVSKOYE 0204-8658 4917-14016 R
F002-L12	data	401 0138 ALEXENI, RUM 0251-8076 4442-02644 R
F002-L13	data	867 0160 ALMA ATA 0329-8602 4321-07700 R
F002-L15	data	1044 0160 ALMA ATA N.W. 0329-8603 4321-07650 T
F002-L16	data	355 0185 ALTENBURG, E GER 0231-8055 5059-01230 R
F002-L18	data	857 0169 ALYTUS 0168-8601 5425-02403 R
F002-L19	data	52 0201 AMDERMA 0049-8001 6945-06140 R
F002-L20	data	27 0230 ANADYR/LENINKA 0075-8001 6444-17747 R
F002-L21	data	64 0230 ANADYR/MYS NIZMENNY 0075-8003 6448-17736 S
F002-L22	data	892 0231 ANAPA 0249-8093 4452-03720 R
F002-L23	data	134 0236 ANDIZHAN 0328-8602 4044-07218 R
F002-L24	data	722 02485 ANKANG, CHINA 0384-8415 3242-10856 R
F002-L25	data	291 3776 ANTONOVKA 0282-8602 4423-13423 S
F002-L26	data	275 02495 AN TUNG, MANCH 0290-8017 4001-12417 R
F002-L27	data	553 0265 ARAD CEALA, RUM 0251-8006 4611-02116 R
F002-L28	data	53 0270 ARKHANGELSK 0092-8001 6426-04025 R
F002-L29	data	893 0270 ARKHANGELSK/BAKARITSA 0092-8002 6428-04035 T
F002-L30	footer	DOCID:32003765 TOP SECRET-RESTRICT??E
F002-L02+	furniture	TOP SECRET
F003-L01	furniture	
F003-L02	header	DECLASSIFIED ITY 27386.
F003-L03	data	62 0270 ARKHANGELSK/OSTROV KEG 0092-8004 6432-04028 U
F003-L04	data	953 0270 ARKHANGELSK/TALAGI 0092-8005 6435-04042 S
F003-L05	data	49 0270 ARKHANGELSK/YAGODNIK 0092-8006 6424-04054 V
F003-L06	data	1045 0275 ARKHARA 0203-8601 4926-13004 R
F003-L07	data	679 0280 ARMAVIR 0249-8004 4458-04107 R
F003-L08	data	690 0290 ARTEM/KNEVICHI 0291-8602 4324-13212 V
F003-L09	data	84 0290 ARTEM N. 0291-8603 4324-13210 R
F003-L10	data	772 0290 ARTEM N.W. 0291-8004 4322-13209 W
F003-L11	data	579 0310 ARZAMAS 0166-8002 5521-04342 R
F003-L12	data	467 0330 ASHKHABAD/FIRYUZA 0338-8601 3755-05805 T
F003-L13	data	479 0330 ASHKHABAD N.W. 0338-8602 3758-05822 R
F003-L14	data	490 1055 ASLAU, POL 0231-8084 5119-01544 R
F003-L16	data	894 4215 ASTE 0153-8101 5822-02227 U
F003-L18	data	674 0342 ATKARSK S.E. 0235-8002 5148-04507 S
F003-L19	data	808 4442 BABSTOVO 0203-8602 4806-13228 S
F003-L20	data	33 0390 BADA N. 0201-8601 5124-10952 R
F003-L21	data	895 0390 BADA W. 0201-8602 5123-10952 S
F003-L22	data	278 0460 BAKU 0325-8607 4025-04953 T
F003-L23	data	222 0460 BAKU/BINA 0325-8611 4027-05004 R
F003-L24	data	1047 0460 BAKU/ZABRAT 0325-8622 4029-04959 S
F003-L25	data	444 0465 BALACI, RUM 0251-8073 4422-02459 R
F003-L26	data	631 0490 BALASHOV 0235-8003 5132-04310 R
F003-L27	data	1048 0490 BALASHOV N. 0235-8004 5138-04310 S
F003-L28	data	292 7765 BALCHIK, BULG 0323-8022 4326-02811 R
F003-L29	data	293 4005 BALICE, POL 0232-8286 5005-01948 S
F003-L30	footer	DOCID:32003765 TOP SECRET-RESTRICT??ED ?
F003-L02+	furniture	TOP SECRET
F004-L01	header	ECLASSIFIED NW27386
F004-L02	data	175 0500 BALKHASH 0244-8603 4652-07500 R
F004-L04	data	173 0547 BARABINSK 0162-8001 5522-07819 R
F004-L06	data	448 9180 BARANOVKA 0166-8038 5208-04658 S
F004-L07	data	1049 0560 BARNAUL 0162-8002 5320-08341 R
F004-L08	data	734 7915 BARTH, E GER 0169-8211 5420-01243 R
F004-L09	data	354 0590 BATUMI 0324-8604 4136-04136 S
F004-L10	data	954 0593 BAUSKA 0153-8005 5624-02414 R
F004-L11	data	548 0595 BAUTZEN/LITTEN, E GER 0231-8164 5111-01430 R
F004-L12	data	955 0612 BAYSUN 0336-8062 3813-06712 R
F004-L13	data	443 8125 BECHYNE, CZECH 0231-8165 4917-01430 R
F004-L14	data	692 9850 BELAYA 0200-8005 5254-10335 S
F004-L15	data	22 0622 BELAYA TSERKOV 0233-8002 4948-03002 R
F004-L16	data	57 0640 BELOMORSK 0091-8604 6431-03446 R
F004-L17	data	806 06605 BELTSY 0250-8617 4757-02757 R
F004-L18	data	1080 5603 BELUSHYA 0050-8002 7135-05228 R
F004-L19	data	520 0665 BERAT/KUCOVE, ALB 0322-8001 4047-01954 R
F004-L20	data	621 0670 BERDICHEV 0233-8004 4953-02831 R
F004-L21	data	552 5795 BERETTYOUJFALU, HUNG 0251-8079 4714-02131 R
F004-L23	data	468 1200 BEZENCHUCK 0165-8008 5257-04923 S
F004-L24	data	478 0730 BEZHETSK 0154-5743-03640 R
F004-L25	data	367 9604 BEZMER, BULG 0322-8064 4227-02621 S
F004-L26	data	524 0746 BIALA PODLASKA, POL 0168-8201 5201-02309 R
F004-L27	data	712 7415 BIRMA 0203-8606 5121-12842 S
F004-L28	data	635 0766 BIROBIDZHAN 0203-8001 4845-13258 S
F004-L29	footer	DOCID:32003765 TOP SECRET-RESTRICT??ED
F004-L01+	furniture	TOP SECRET
F005-L01	header	ECLASSIFIED NW27386
F005-L02	data	880 0766 BIROBIDZHAN S. 0203-8002 4835-13303 R
F005-L03	data	856 4442 BIROFELD 0203-8003 4821-13247 T
F005-L04	data	1050 0790 BLAGOVESHCHENSK 0203-8612 5018-12730 R
F005-L05	data	951 3183 BOBROVICHI 0168-8805 5217-02923 R
F005-L06	data	432 3490 BOBROVKA 0165-8026 5309-05042 R
F005-L07	data	4 0820 BOBRUYSK 0168-8606 5306-02913 R
F005-L08	data	507 5406 BOMST, POL 0169-8621 5209-01549 R
F005-L09	data	1051 08905 BORISOGLEBSK 0234-8008 5123-04206 R
F005-L10	data	21 3630 BORISPOL 0233-8005 5022-03055 U
F005-L12	data	406 0900 BOROVSK 0167-8102 5513-03637 R
F005-L13	data	247 0902 BORZYA 0202-8603 5022-11626 R
F005-L14	data	483 0915 BRANDENBURG/BRIEST, E GER 0169-8214 5226-01227 S
F005-L15	data	484 4465 BRANDIS, E GER 0231-8058 5120-01239 R
F005-L16	data	438 0935 BRATISLAVA/IVANKA, CZECH 0232-8244 4810-01712 R
F005-L17	data	392 0965 BRESLAU/SCHONGARTEN, POL 0232-8201 5106-01655 R
F005-L18	data	957 0970 BREST 0168-8610 5208-02340 R
F005-L19	data	31 0980 BRIEG, POL 0232-8202 5051-01725 R
F005-L20	data	140 0989 BRIESEN, E GER 0169-8299 5202-01345 R
F005-L21	data	90 0307 BRIYENI 0250-8752 4558-02923 R
F005-L22	data	890 0995 BRNO, CZECH 0232-8245 4911-01640 R
F005-L23	data	441 0995 BRNO/TURANY, CZECH 0232-8246 4909-01642 S
F005-L25	data	896 4131 BRODY/GAYE 0233-8007 5003-02509 T
F005-L27	data	407 0740 BRYANSK 0167-8020 5316-03421 R
F005-L28	data	189 3180 BRYUSTERORT 0169-8603 5456-02000 Z
F005-L29	footer	DOCID:32003765 TOP SECRET-RESTRICT??ED ?
F005-L01+	furniture	TOP SECRET
F006-L01	furniture	
F006-L02	header	ECLASSIFIED NW27386
F006-L03	data	958 1017 BUCHACH 0233-8008 4904-02520 R
F006-L04	data	735 1020 BUCHAREST/BANEASA, RUM 0251-8012 4430-02605 S
F006-L05	data	146 1020 BUCHAREST/OTOPENI, RUM 0251-8016 4434-02605 T
F006-L06	data	754 1020 BUCHAREST/PIPERA, RUM 0251-8017 4429-02607 R
F006-L07	data	125 1045 BUDAPEST/TOKOL, HUNG 0252-8045 4721-01859 R
F006-L08	data	863 1050 BUGURUSLAN 0165-8001 5336-05227 R
F006-L09	data	959 34737 BUSHTINO 0232-8622 4805-02328 S
F006-L10	data	823 10748 BUZAU, RUM 0251-8019 4508-02648 S
F006-L11	data	202 1085 BYDGOSZCZ, POL 0169-8242 5306-01758 R
F006-L13	data	384 1154 CARACAL NEW, RUM 0251-8067 4405-02425 R
F006-L14	data	145 2095 CARANSEBES, RUM 0251-8020 4525-02214 R
F006-L15	data	464 3785 CASLAV/CHOTUSICE, CZECH 0231-8169 4957-01523 S
F006-L16	data	229 1189 CESKE BUDEJOVICE, CZECH 0231-8095 4857-01426 R
F006-L17	data	221 1193 CHANG CHIAO, CHINA 0492-8401 2956-12134 R
F006-L18	data	773 1195 CHANG CHUN N.W. MANCH 0290-8008 4355-12517 S
F006-L19	data	736 1195 CHANG CHUN W. MANCH 0290-8011 4356-12507 R
F006-L20	data	744 11993 CHANG TING, CHINA 0498-8402 2551-11621 R
F006-L21	data	723 11995 CHAN I, CHINA 0496-8402 2535-10350 R
F006-L22	data	417 1200 CHAPAYEVSK 0165-8009 5256-04937 R
F006-L24	data	960 12025 CHARDZHOU 0337-8602 3905-06335 R
F006-L25	data	831 1207 CHEKUNDA 0203-8614 5052-13218 R
F006-L26	data	737 1210 CHELYABINSK 0164-8001 5512-06121 R
F006-L27	data	630 1210 CHELYABINSK E. 0164-8010 5508-06130 S
F006-L28	data	961 1210 CHELYABINSK S.W. 0164-8011 5509-06121 U
F006-L29	data	551 12152 CHENG HSIEN N.E. CHINA 0385-8404 3447-11343 R
F006-L30	footer	DOCID:32003765 TOP SECRET-RESTRICT??ED
F006-L02+	furniture	TOP SECRET
F007-L01	header	DECLASSIFIED RITY 27386.
F007-L02	data	317 4490 LENINGRAD/ALEXANDROVSKAYA 0153-8050 5952-03018 T
F007-L03	data	600 4490 LENINGRAD CIVIL 0153-8048 5948-03018 Y
F007-L05	data	459 4490 LENINGRAD/GORSKAYA 0103-8602 6002-03001 V
F007-L06	data	574 4490 LENINGRAD/KAMENKA N. 0103-8603 6003-03011 X
F007-L07	data	874 4490 LENINGRAD/KASIMOVO 0103-8605 6012-03020 RA
F007-L08	data	488 4490 LENINGRAD/KOLOMYAGI 0103-8623 6000-03017 Z
F007-L09	data	994 4490 LENINGRAD/KUDROVO 0153-8054 5954-03031 RD
F007-L10	data	350 4490 LENINGRAD/LESNOY 0103-8634 6003-03021 RB
F007-L12	data	554 4490 LENINGRAD/UGLOVO 0103-8609 6004-03042 W
F007-L13	data	836 4490 LENINGRAD/YANINO 0153-8060 5957-03034 RC
F007-L14	data	916 4511 LENINSKOYE 0282-8720 4758-13241 R
F007-L15	data	359 4512 LENKORAN 0339-8609 3846-04848 R
F007-L16	data	340 4520 LEPAYA E. 0152-8604 5631-02105 S
F007-L17	data	462 4520 LEPAYA N. 0152-8605 5632-02101 T
F007-L18	data	792 45365 LEYPTSIGSKAYA 0250-8674 4620-02903 R
F007-L19	data	447 4538 LEZNICA WIELKA, POL 0169-8298 5200-01909 R
F007-L20	data	695 45405 LIANG SHAN, CHINA 0495-8410 3043-10747 R
F007-L21	data	517 0249 LIAO YANG W. MANCH 0290-8018 4117-12304 R
F007-L23	data	1029 4168 LI CHIA TSUN, CHINA 0497-8407 2512-11019 T
F007-L24	data	374 4560 LIDA 0168-8629 5352-02521 R
F007-L25	data	665 4565 LIEGNITZ, POL 0232-8216 5111-01611 R
F007-L26	data	881A 4570 LIEN CHENG, CHINA 0498-8427 2532-11637 R
F007-L27	data	803A 45955 LIN FEN, CHINA 0382-8002 3603-11130 R
F007-L28	data	555 4600 LIPETSK W. 0166-8008 5238-03928 S
F007-L29	footer	DOCID:32003765 TOP SECRET-RESTRICT??ED
F007-L01+	furniture	TOP SECRET
F008-L01	furniture	
F008-L02	header	ECLASSIFIED Y 27386.
F008-L03	data	839 4990 MIASS 0164-8008 5500-06004 R
F008-L04	data	141 5000 MICHURINSK 0166-8013 5256-04031 R
F008-L05	data	848 1575 MIELEC, POL 0232-8221 5019-02127 R
F008-L06	data	310 6450 MIKHA TSKHAKAYA 0324-8618 4214-04203 R
F008-L07	data	800 9220 MIKHAYLOVKA N. 0291-8619 4357-13201 T
F008-L08	data	239 9220 MIKHAYLOVKA S. 0291-8620 4354-13202 Z
F008-L09	data	601 87805 MIKKOLYA 0091-8620 6513-03159 R
F008-L10	data	376 3785 MILOVICE, CZECH 0231-8103 5014-01456 R
F008-L11	data	492 1185 MIMON, CZECH 0231-8114 5037-01444 R
F008-L12	data	921 6610 MINERALNYYE VODY 0248-8022 4413-04306 R
F008-L14	data	6 5030 MINSK/MACHULISHCHE 0168-8637 5347-02734 T
F008-L15	data	197 5030 MINSK S. 0168-8639 5352-02732 S
F008-L16	data	515 5031 MINSK MAZOWIECKI, POL 0168-8205 5212-02139 R
F008-L17	data	18 5032 MIRGOROD 0233-8051 4956-03339 R
F008-L18	data	1077 7440 MIYOSHINO 0206-8001 5042-15619 S
F008-L19	data	80 9385 MODLIN, POL 0169-8262 5227-02040 R
F008-L20	data	624 5070 MOGILEV 0167-8005 5352-03019 R
F008-L22	data	1078 5090 MOLOTOV N. 0156-8016 5803-05616 R
F008-L23	data	923 5090 MOLOTOV S.E. 0156-8004 5758-05618 S
F008-L24	data	246 5110 MONCHEGORSK 0091-8625 6759-03301 R
F008-L25	data	209 5570 MONINO 0167-8051 5550-03810 S
F008-L26	data	236 4215 MONNUSTE 0153-8105 5818-02216 S
F008-L27	data	261 5135 MORSHANSK 0166-8014 5326-04144 R
F008-L28	data	871 5150 MOSCOW/BYKOVO 0167-8039 5537-03803 RA
F008-L29	data	718 5150 MOSCOW/CENTRAL 0167-8041 5547-03732 X
F008-L30	footer	DOCID:32003765 TOP SECRET-RESTRICT??ED
F008-L02+	furniture	TOP SECRET
F009-L01	header	ECLASSIFIED Y 27386.
F009-L02	data	998 5150 MOSCOW/CHERTANOVO 0167-8042 5538-03736 RB
F009-L03	data	719 5150 MOSCOW/FILI 0167-8044 5546-03729 Y
F009-L04	data	580 5150 MOSCOW/IZMAYLOVO 0167-8045 5548-03748 U
F009-L05	data	653 5150 MOSCOW/KHIMKI N. 0167-8048 5555-03726 W
F009-L06	data	578 5150 MOSCOW/LYUBERTSY 0167-8050 5541-03752 V
F009-L07	data	999 5150 MOSCOW/MYACHKOVO 0167-8110 5534-03759 RC
F009-L08	data	1000 5150 MOSCOW/ORLOVO 0167-8055 5538-03724 RD
F009-L09	data	751 5150 MOSCOW/SALAREVO 0167-8060 5537-03727 Z
F009-L10	data	491 5150 MOSCOW/SHCHELKOVO 0167-8062 5553-03803 T
F009-L11	data	496 5150 MOSCOW/VNUKOVO 0167-8067 5536-03717 R
F009-L12	data	24 5167 MOZDOK E. 0325-4343-04454 R
F009-L13	data	924 5171 MOZYR 0233-8052 5159-02909 R
F009-L14	data	215 5230 MUKACHEVO 0232-8611 4824-02241 R
F009-L15	data	458 5235 MUKDEN N. MANCH 0290-8016 4152-12326 S
F009-L16	data	248 5235 MUKDEN S.E. MANCH 0290-8014 4147-12330 U
F009-L17	data	847 5235 MUKDEN S.W. MANCH 0290-8012 4146-12322 R
F009-L18	data	565 5235 MUKDEN W. MANCH 0290-8015 4149-12318 T
F009-L19	data	1082 52355 MUKSALMA 0091-8637 6502-03555 R
F009-L20	data	604 5240 MURMANSK 0051-8601 6900-03307 R
F009-L21	data	60 5240 MURMANSK N.E. 0051-8628 6901-03318 U
F009-L22	data	29 5240 MURMANSK/VAYENGA 0051-8627 6902-03325 T
F009-L23	data	51 5240 MURMASHI 0051-8609 6849-03248 S
F009-L24	data	799 5250 MUROM 0166-8015 5527-04219 R
F009-L26	data	26 5261 MYS SHMIDTA 0065-8004 6853-17924W R
F009-L27	data	612 5270 MYS ZHELANIYA 0014-8000 7656-06831 R
F009-L29	footer	DOCID:32003765 TOP SECRET-RESTRICT??ED ?
F009-L01+	furniture	TOP SECRET
F010-L01	header	ECLASSIFIED NW27386
F010-L02	data	99 5747 OLONETS/NURMALITSY 0102-8015 6103-03259 R
F010-L03	data	805 57475 OLOVYANNAYA 0202-8614 5101-11525 R
F010-L04	data	1004 5750 OMSK 0163-8001 5457-07321 R
F010-L05	data	950 5750 OMSK E. 0163-8002 5457-07328 S
F010-L06	data	626 5750 OMSK S.W. 0163-8003 5457-07320 T
F010-L08	data	95 0685 ORANIENBURG, E GER 0169-8224 5244-01313 S
F010-L09	data	655 5807 ORASUL STALIN, RUM 0251-8011 4540-02537 R
F010-L10	data	412 9010 ORDZHONIKIDZEVSKAYA 0325-8700 4319-04501 R
F010-L11	data	686 5830 OREL 0167-8073 5300-03602 R
F010-L12	data	343 5830 OREL S.W. 0167-8075 5256-03600 S
F010-L13	data	435 16991 ORNETA, POL 0169-8292 5408-02006 R
F010-L14	data	730 5840 ORSHA 0167-8007 5430-03029 R
F010-L15	data	2 5840 ORSHA S.W. 0167-8008 5426-03017 S
F010-L16	data	92 0236 OSH 0328-8619 4033-07246 S
F010-L17	data	107 9220 OSINOVKA 0291-8723 4401-13213 S
F010-L18	data	10 58975 OSTROV/GOROKHOVO 0153-8074 5718-02826 R
F010-L19	data	632 6360 OSTAFYEVO 0167-8056 5530-03731 R
F010-L21	data	638 5710 OVIDOPOL 0250-8754 4620-03030 T
F010-L22	data	1083 5943 OYMYAKON 0123-8002 6328-14249 R
F010-L23	data	1005 59604 OZERO 0168-8643 5338-02726 R
F010-L25	data	618 59615 OZERO TAVAJARVI 0091-8626 6606-03006 R
F010-L26	data	855 6017 PADALI 0204-8642 5013-13640 R
F010-L28	data	348 3660 PALANGA 0168-8644 5556-02105 R
F010-L29	footer	DOCID:32003765 TOP SECRET-RESTRICT??ED
F010-L01+	furniture	TOP SECRET
F011-L01	header	DECLASSIFIED RITY 27386.
F011-L02	data	1026 9176 VOLOSOVO N. 0153-8137 5932-02928 S
F011-L03	data	1108 9176 VOLOSOVO N.E. 0153-8138 5931-02935 T
F011-L04	data	613 9200 VORKUTA 0094-8003 6729-06401 R
F011-L05	data	131 9210 VORONEZH E. 0234-8081 5139-03915 T
F011-L06	data	761 9210 VORONEZH N. 0234-8082 5142-03910 R
F011-L07	data	423 9210 VORONEZH S.W. 0234-8084 5137-03909 S
F011-L08	data	311 9220 VOROSHILOV N. 0291-8663 4350-13155 U
F011-L09	data	561 9220 VOROSHILOV S.E. 0291-8665 4346-13200 Y
F011-L10	data	1109 9230 VOROSHILOVGRAD N.W. 0234-8086 4839-03855 R
F011-L12	data	526 9254 VORU 0153-8162 5755-02659 R
F011-L13	data	198 7732 VOSKRESENKA 0282-8029 4434-13244 R
F011-L14	data	19 9220 VOZDVIZHENKA 0291-8019 4355-13156 X
F011-L16	data	758 9130 VTORAYA RECHKA 0291-8660 4310-13156 T
F011-L17	data	942 2922 VVEDENKA 0282-8705 4551-13350 S
F011-L18	data	282 9310 VYAZMA 0167-8095 5509-03423 R
F011-L19	data	460 9320 VYBORG E. 0103-8621 6041-02910 R
F011-L20	data	1027 9340 VYTEGRA 0102-8028 6101-03627 R
F011-L21	data	286 9385 WARSAW/BOERNEROWO, POL 0169-8295 5216-02055 S
F011-L23	data	538 9403 WEI HSIEN, CHINA 0381-8012 3639-11907 R
F011-L24	data	96 7345 WELZOW, E GER 0231-8080 5135-01409 S
F011-L25	data	82 1935 WERNEUCHEN, E GER 0169-8239 5238-01346 T
F011-L26	data	258 1152 WHITE CLOUD, CHINA 0614-8414 2310-11315 T
F011-L27	data	396 9483 WITTSTOCK, E GER 0169-8240 5312-01231 R
F011-L28	data	453 9510 WONSAN, N KOREA 0380-8004 3910-12729 R
F011-L29	footer	DOCID:32003765 TOP SECRET-RESTRICT??ED ?
F011-L01+	furniture	TOP SECRET
R001-L01	header	CO??LEX LIST, WITH ?EA??NS
R001-L02	header	THIS PAGE IS NOT INCLUDED IN THE
R001-L03	header	PAGE COUNT OF BASIC DOCUMENT.
R001-L04	footer	DOCID:32003765 TOP SECRET-RESTRICT??E?
R002-L01	furniture	
R002-L02	header	LASSIFIED 27386
R002-L03	header	DGZ BA
R002-L04	data	275 0322-9912
R002-L05	data	295 0670 BERDICHEV 4954-02835
R002-L06	data	227 0233-
R002-L07	data	055 0233-0165
R002-L08	data	064 0233-0165
R002-L09	data	376 0233-0166
R002-L10	data	248 0233-0248
R002-L11	data	246 0233-0249
R002-L12	data	275 0233-9927
R002-L13	data	KAZATIN 4943-02849
R002-L14	data	376 0233-0162
R002-L15	data	275 0233-9338
R002-L16	data	834 0674 BERDSK 5448-08301
R002-L17	data	285 0162-0111
R002-L18	data	227 0162-0125
R002-L19	data	275 0162-9996
R002-L20	data	69 0680 BEREZNIKI 5925-05642
R002-L21	data	5923-5647E D
R002-L22	data	118 0156-0001
R002-L23	data	022 0156-0064
R002-L24	data	047 0156-0064
R002-L25	data	062 0156-0064
R002-L26	data	068 0156-0064
R002-L27	data	215 0156-0064
R002-L28	data	236 0156-0064
R002-L29	data	425 0156-0064
R002-L30	data	445 0156-0064
R002-L31	data	366 0156-0327
R002-L32	data	068 0156-0342
R002-L33	data	232 0156-0342
R002-L34	data	118 0156-0374
R002-L35	data	281 0156-0385
R002-L37	data	61 0685 BERLIN GER SOVZONE 5231-01324
R002-L38	data	5231-1329E B
R002-L39	data	5227-1332E L
R002-L40	data	5229-1332E N
R002-L41	data	090 0169-0085
R002-L42	data	200 0169-0085
R002-L43	data	050 0169-0088
R002-L44	data	095 0169-0091
R002-L45	data	235 0169-0091
R002-L46	data	200 0169-0092
R002-L47	data	202 0169-0144
R002-L48	data	285 0169-0144
R002-L49	footer	DOCID:32003765 TOP SECRET-RESTRICT??E?
R002-L02+	furniture	TOP SECRET
R003-L01	furniture	
R003-L02	header	CLASSIFIED 27386
R003-L03	header	DGZ BA
R003-L04	data	264 0169-0196
R003-L05	data	190 0169-0231
R003-L06	data	227 0169-0255
R003-L08	data	285 0169-0389
R003-L09	data	285 0169-0390
R003-L10	data	070 0169-0402
R003-L11	data	480 0169-0404
R003-L12	data	055 0169-0405
R003-L13	data	206 0169-0405
R003-L14	data	485 0169-0405
R003-L15	data	190 0169-0411
R003-L16	data	227 0169-0431
R003-L17	data	230 0169-0440
R003-L18	data	230 0169-0441
R003-L19	data	190 0169-0444
R003-L20	data	030 0169-0453
R003-L21	data	281 0169-0465
R003-L22	data	388 0169-0550
R003-L23	data	388 0169-0551
R003-L24	data	388 0169-0552
R003-L25	data	334 0169-0553
R003-L26	data	388 0169-0554
R003-L28	data	388 0169-0558
R003-L29	data	388 0169-0559
R003-L30	data	388 0169-0560
R003-L31	data	388 0169-0562
R003-L32	data	388 0169-0563
R003-L33	data	388 0169-0564
R003-L34	data	334 0169-0565
R003-L35	data	388 0169-0566
R003-L36	data	334 0169-0567
R003-L37	data	388 0169-0568
R003-L38	data	388 0169-0569
R003-L39	data	445 0169-0586
R003-L40	data	208 0169-0591
R003-L41	data	405 0169-0598
R003-L42	data	334 0169-0606
R003-L43	data	062 0169-0608
R003-L45	data	005 0169-0622
R003-L46	data	281 0169-0650
R003-L48	data	228 0169-0977
R003-L49	data	285 0169-0978
R003-L50	data	264 0169-1014
R003-L51	data	281 0169-1042
R003-L52	data	281 0169-1113
R003-L53	data	227 0169-1124
R003-L54	data	227 0169-1125
R003-L55	data	227 0169-1126
R003-L56	data	227 0169-1127
R003-L57	footer	DOCID:32003765 TOP SECRET-RESTRICT??E?
R003-L02+	furniture	TOP SECRET
R004-L01	furniture	
R004-L02	header	CLASSIFIED
R004-L03	blank	
R004-L04	header	TOP SECRET
R004-L05	header	DGZ BA
R004-L06	data	440 0169-1133
R004-L07	data	230 0169-1165
R004-L08	data	230 0169-1166
R004-L09	data	227 0169-1329
R004-L10	data	285 0169-1538
R004-L11	data	285 0169-1539
R004-L12	data	275 0169-9998
R004-L13	data	BERNAU E GER 5240-01336
R004-L14	data	275 0169-
R004-L15	data	246 0169-0996
R004-L16	data	248 0169-1168
R004-L17	data	HENNIGSDORF E GER 5238-01313
R004-L18	data	206 0169-0093
R004-L19	data	430 0169-0407
R004-L20	data	281 0169-0867
R004-L21	data	275 0169-9918
R004-L22	data	ORANIENBURG E GER 5245-01314
R004-L23	data	445 0169-0435
R004-L24	data	248 0169-1217
R004-L25	data	275 0169-9916
R004-L26	data	POTSDAM E GER 5223-01302
R004-L27	data	5223-1302E D
R004-L28	data	190 0169-0233
R004-L29	data	334 0169-0618
R004-L30	data	208 0169-1135
R004-L31	data	090 0169-1150
R004-L32	data	248 0169-1169
R004-L33	data	248 0169-1170
R004-L34	data	245 0169-1566
R004-L35	data	275 0169-9997
R004-L36	data	SCHOENWALDE E GER 5237-01308
R004-L37	data	248 0169-1222
R004-L38	data	275 0169-9761
R004-L39	data	VELTEN E GER 5242-01310
R004-L40	data	5240-1311E M
R004-L41	data	227 0169-0257
R004-L42	data	281 0169-0781
R004-L43	data	275 0169-9823
R004-L44	data	192 0695 BERNBURG E GER 5148-01144
R004-L45	data	5148-1145E B
R004-L46	data	062 0231-1091
R004-L47	data	425 0231-1091
R004-L48	data	228 0231-2306
R004-L49	data	275 0231-9992
R004-L50	data	AKEN E GER 5151-01203
R004-L51	data	227 0231-0883
R004-L52	data	275 0231-9355
R004-L53	data	ASCHERSLEBEN E GER 5145-01128
R004-L54	data	275 0231-
R004-L55	data	230 0231-1299
R004-L56	data	388 0231-3096
R004-L57	footer	DOCID:32003765 TOP SECRET-RESTRIC??
R005-L01	header	CLASSIFIED
R005-L02	header	DGZ BA
R005-L03	data	394 0251-0562
R005-L04	data	010 0251-0565
R005-L05	data	208 0251-0578
R005-L06	data	246 0251-0608
R005-L07	data	246 0251-0609
R005-L08	data	246 0251-0610
R005-L09	data	264 0251-0622
R005-L10	data	227 0251-0656
R005-L11	data	050 0251-0669
R005-L12	data	010 0251-0713
R005-L13	data	010 0251-0714
R005-L14	data	243 0251-0862
R005-L15	data	248 0251-0863
R005-L16	data	248 0251-0888
R005-L17	data	241 0251-0894
R005-L18	data	245 0251-0959
R005-L19	data	245 0251-0960
R005-L21	data	246 0251-0142
R005-L22	data	275 0251-9865
R005-L23	data	1150 1030 BUCKAU E GER 5213-01218
R005-L24	data	246 0169-0600
R005-L25	data	275 0169-9799
R005-L26	data	60 1045 BUDAPEST HUNG 4730-01905
R005-L27	data	4730-1903E A
R005-L28	data	4726-1903E AJ
R005-L29	data	4734-1905E C
R005-L30	data	240 0251-
R005-L31	data	241 0251-
R005-L32	data	405 0251-0034
R005-L33	data	056 0251-0036
R005-L34	data	290 0251-0036
R005-L35	data	062 0251-0229
R005-L36	data	068 0251-0229
R005-L37	data	445 0251-0229
R005-L38	data	192 0251-0336
R005-L39	data	230 0251-0337
R005-L40	data	226 0251-0339
R005-L41	data	226 0251-0340
R005-L42	data	010 0251-0342
R005-L43	data	023 0251-0342
R005-L44	data	082 0251-0342
R005-L45	data	095 0251-0342
R005-L46	data	212 0251-0342
R005-L47	data	230 0251-0342
R005-L48	data	235 0251-0342
R005-L49	data	250 0251-0342
R005-L50	data	262 0251-0342
R005-L51	footer	DOCID:32003765 TOP SECRET-RESTRIC??
R006-L01	header	CLASSIFIED
R006-L02	header	27386
R006-L03	header	TOP SECRET || DGZ BA
R006-L04	data	430 0251-0342
R006-L05	data	010 0251-0343
R006-L06	data	055 0251-0343
R006-L07	data	095 0251-0343
R006-L08	data	250 0251-0343
R006-L09	data	294 0251-0343
R006-L10	data	095 0251-0344
R006-L11	data	250 0251-0344
R006-L12	data	292 0251-0344
R006-L13	data	296 0251-0344
R006-L14	data	298 0251-0344
R006-L15	data	440 0251-0344
R006-L16	data	264 0251-0358
R006-L17	data	268 0251-0358
R006-L18	data	095 0251-0359
R006-L19	data	250 0251-0359
R006-L20	data	430 0251-0359
R006-L21	data	475 0251-0359
R006-L22	data	214 0251-0361
R006-L23	data	230 0251-0361
R006-L24	data	010 0251-0364
R006-L25	data	055 0251-0367
R006-L26	data	485 0251-0367
R006-L27	data	250 0251-0368
R006-L28	data	202 0251-0369
R006-L29	data	285 0251-0370
R006-L30	data	200 0251-0371
R006-L31	data	285 0251-0371
R006-L32	data	224 0251-0372
R006-L33	data	226 0251-0372
R006-L34	data	055 0251-0373
R006-L35	data	228 0251-0375
R006-L36	data	192 0251-0376
R006-L37	data	266 0251-0379
R006-L38	data	335 0251-0381
R006-L39	data	200 0251-0383
R006-L40	data	390 0251-0385
R006-L41	data	290 0251-0387
R006-L42	data	290 0251-0388
R006-L43	data	226 0251-0394
R006-L45	data	390 0251-0399
R006-L46	data	390 0251-0400
R006-L47	data	390 0251-0401
R006-L48	data	390 0251-0402
R006-L49	data	390 0251-0403
R006-L50	data	390 0251-0404
R006-L51	data	245 0251-0411
R006-L52	data	050 0251-0412
R006-L53	data	206 0251-0415
R006-L54	data	480 0251-0415
R006-L55	data	200 0251-0416
R006-L56	data	285 0251-0417
R006-L57	footer	DOCID:32003765 TOP SECRET-RESTRICT??
R007-L01	furniture	
R007-L02	header	ECLASSIFIED
R007-L03	header	DGZ BA
R007-L04	data	192 0251-0468
R007-L05	data	192 0251-0469
R007-L06	data	192 0251-0472
R007-L07	data	192 0251-0473
R007-L08	data	390 0251-0502
R007-L09	data	228 0251-0524
R007-L10	data	056 0251-0570
R007-L11	data	056 0251-0571
R007-L12	data	056 0251-0572
R007-L13	data	056 0251-0573
R007-L14	data	056 0251-0575
R007-L15	data	056 0251-0576
R007-L16	data	208 0251-0577
R007-L17	data	390 0251-0586
R007-L18	data	390 0251-0594
R007-L19	data	390 0251-0595
R007-L20	data	390 0251-0596
R007-L21	data	390 0251-0597
R007-L22	data	390 0251-0598
R007-L23	data	264 0251-0603
R007-L24	data	268 0251-0603
R007-L25	data	050 0251-0617
R007-L26	data	050 0251-0618
R007-L27	data	005 0251-0619
R007-L28	data	090 0251-0630
R007-L29	data	228 0251-0672
R007-L30	data	228 0251-0673
R007-L31	data	228 0251-0674
R007-L32	data	005 0251-0677
R007-L33	data	252 0251-0703
R007-L34	data	214 0251-0710
R007-L35	data	010 0251-0722
R007-L36	data	227 0251-0738
R007-L37	data	005 0251-0740
R007-L38	data	285 0251-0741
R007-L39	data	246 0251-0743
R007-L40	data	248 0251-0744
R007-L41	data	248 0251-0745
R007-L42	data	248 0251-0746
R007-L43	data	248 0251-0747
R007-L44	data	248 0251-0748
R007-L45	data	248 0251-0749
R007-L46	data	243 0251-0750
R007-L47	data	248 0251-0751
R007-L48	data	248 0251-0752
R007-L49	data	241 0251-0753
R007-L50	data	248 0251-0754
R007-L51	data	246 0251-0869
R007-L52	data	246 0251-0872
R007-L53	data	250 0251-0950
R007-L54	data	245 0251-0963
R007-L55	data	275 0251-9997
R007-L56	data	DIOSD HUNG 4724-01857
R007-L57	footer	DOCID:32003765 TOP SECRET-RESTRIC??
R008-L01	furniture	
R008-L02	header	CLASSIFIED
R008-L03	furniture	DGZ BA
R008-L04	data	275 0252-
R008-L05	data	023 0252-0924
R008-L06	data	030 0252-0971
R008-L07	data	NAGYTETENY HUNG 4724-01857
R008-L08	data	023 0252-0925
R008-L09	data	246 0252-0977
R008-L10	data	275 0252-9697
R008-L11	data	ROMAIFURDO HUNG 4735-01903
R008-L12	data	275 0251-
R008-L13	data	250 0251-0614
R008-L14	data	SZENTENDRE HUNG 4738-01904
R008-L15	data	275 0251-
R008-L16	data	335 0251-0606
R008-L17	data	243 0251-0886
R008-L18	data	SZOD HUNG 4742-01911
R008-L19	data	4742-1912E K
R008-L20	data	227 0251-0545
R008-L21	data	275 0251-9891
R008-L22	data	TOKOL HUNG 4720-01859
R008-L23	data	275 0252-
R008-L24	data	252 0252-0411
R008-L26	data	023 0252-0652
R008-L27	data	275 0252-9604
R008-L28	data	1101 1046 BUDARINSKIY 5039-04232
R008-L29	data	227 0234-
R008-L30	data	275 0234-
R008-L31	data	873 1048 BUETOW POL 5410-01730
R008-L32	data	392 0169-1077
R008-L33	data	275 0169-9738
R008-L34	data	705 1049 BUGULMA 5432-05248
R008-L35	data	368 0165-0323
R008-L36	data	275 0165-9961
R008-L37	data	572 1050 BUGURUSLAN 5340-05227
R008-L38	data	160 0165-0294
R008-L39	data	275 0165-9991
R008-L40	data	POKHVISTNEVO 5339-05207
R008-L41	data	275 0165-
R008-L42	data	368 0165-0313
R008-L43	data	907 10525 BUKACHACHA 5258-11654
R008-L44	data	245 0199-0050
R008-L45	data	275 0199-9997
R008-L46	footer	DOCID:32003765 TOP SECRET-RESTRIC??
R009-L01	furniture	
R009-L02	header	CLASSIFIED
R009-L03	furniture	DGZ BA
R009-L04	data	275 0231-
R009-L05	data	248 0231-3228
R009-L06	data	064 0231-3806
R009-L07	data	PEGAU E GER 5110-01214
R009-L08	data	275 0231-
R009-L09	data	190 0231-1330
R009-L10	data	190 0231-2710
R009-L11	data	WURZEN E GER 5122-01244
R009-L12	data	5121-1244E AK
R009-L13	data	275 0231-
R009-L14	data	388 0231-
R009-L15	data	010 0231-2789
R009-L16	data	064 0231-3805
R009-L17	data	904 4475 LEISNIG E GER 5110-01255
R009-L18	data	275 0231-
R009-L19	data	264 0231-2756
R009-L20	data	248 0231-3412
R009-L21	data	ROCHLITZ E GER 5103-01248
R009-L22	data	275 0231-
R009-L23	data	285 0231-0952
R009-L24	data	230 0231-2767
R009-L25	data	738 4480 LENINAKAN 4046-04351
R009-L27	data	227 0325-
R009-L28	data	248 0325-
R009-L29	data	350 0325-0087
R009-L30	data	246 0325-0404
R009-L31	data	275 0325-9993
R009-L32	data	2 4490 LENINGRAD 5956-03020
R009-L33	data	5956-3020E AM
R009-L34	data	5953-3025E M
R009-L35	data	5952-3014E P
R009-L36	data	240 0153-
R009-L37	data	241 0153-
R009-L38	data	243 0153-
R009-L39	data	110 0153-0009
R009-L40	data	110 0153-0010
R009-L41	data	110 0153-0011
R009-L42	data	110 0153-0012
R009-L43	data	110 0153-0014
R009-L44	data	110 0153-0015
R009-L45	data	206 0153-0016
R009-L46	data	480 0153-0016
R009-L47	data	200 0153-0017
R009-L48	data	212 0153-0018
R009-L49	data	415 0153-0019
R009-L50	data	420 0153-0019
R009-L51	footer	DOCID:32003765 TOP SECRET-RESTRIC??
R010-L01	furniture	
R010-L02	header	ASSIFIED
R010-L03	header	DGZ BA
R010-L04	data	095 0153-0029
R010-L05	data	430 0153-0029
R010-L06	data	450 0153-0029
R010-L08	data	485 0153-0029
R010-L09	data	405 0153-0034
R010-L10	data	023 0103-0045
R010-L11	data	296 0153-0046
R010-L12	data	005 0153-0051
R010-L13	data	006 0153-0051
R010-L14	data	202 0103-0051
R010-L15	data	230 0153-0051
R010-L16	data	310 0153-0054
R010-L17	data	410 0153-0055
R010-L18	data	470 0153-0055
R010-L19	data	245 0153-0058
R010-L20	data	023 0153-0062
R010-L21	data	415 0153-0064
R010-L22	data	420 0153-0064
R010-L23	data	485 0153-0064
R010-L24	data	250 0153-0069
R010-L25	data	055 0153-0073
R010-L26	data	415 0153-0077
R010-L27	data	415 0153-0079
R010-L28	data	420 0153-0079
R010-L29	data	437 0153-0079
R010-L30	data	264 0153-0081
R010-L31	data	268 0153-0081
R010-L32	data	440 0153-0082
R010-L33	data	285 0153-0083
R010-L34	data	410 0153-0088
R010-L35	data	415 0153-0088
R010-L36	data	420 0153-0088
R010-L37	data	055 0153-0090
R010-L38	data	410 0153-0090
R010-L39	data	430 0153-0090
R010-L40	data	485 0153-0090
R010-L41	data	082 0153-0096
R010-L42	data	010 0153-0098
R010-L43	data	230 0153-0100
R010-L44	data	064 0153-0102
R010-L45	data	212 0153-0102
R010-L46	data	262 0153-0102
R010-L47	data	430 0153-0102
R010-L48	data	055 0153-0103
R010-L49	data	212 0153-0103
R010-L50	data	485 0153-0103
R010-L51	data	075 0153-0105
R010-L52	data	285 0153-0107
R010-L53	data	227 0153-0110
R010-L54	data	110 0153-0140
R010-L55	data	358 0153-0142
R010-L56	data	358 0153-0143
R010-L57	footer	DOCID:32003765 TOP SECRET-RESTRIC??
R011-L01	furniture	
R011-L02	furniture	DECLASSIFIED
R011-L03	header	TY 27386
R011-L04	header	DGZ BA
R011-L05	data	445 0153-0144
R011-L06	data	445 0153-0146
R011-L07	data	060 0153-0147
R011-L08	data	282 0153-0157
R011-L09	data	048 0103-0158
R011-L10	data	285 0153-0177
R011-L11	data	358 0153-0181
R011-L12	data	480 0153-0184
R011-L13	data	050 0153-0189
R011-L14	data	358 0153-0190
R011-L15	data	420 0153-0210
R011-L16	data	048 0153-0230
R011-L17	data	285 0153-0239
R011-L18	data	210 0103-0253
R011-L19	data	285 0103-0253
R011-L20	data	248 0103-0265
R011-L21	data	062 0153-0271
R011-L22	data	066 0153-0271
R011-L23	data	068 0153-0271
R011-L24	data	445 0153-0271
R011-L25	data	204 0153-0281
R011-L26	data	430 0153-0281
R011-L27	data	264 0153-0282
R011-L28	data	268 0153-0282
R011-L30	data	016 0153-0300
R011-L31	data	290 0153-0313
R011-L32	data	358 0153-0317
R011-L33	data	358 0153-0318
R011-L34	data	358 0153-0319
R011-L35	data	358 0153-0321
R011-L36	data	358 0153-0323
R011-L37	data	358 0153-0324
R011-L38	data	227 0153-0331
R011-L39	data	245 0153-0333
R011-L40	data	227 0153-0334
R011-L41	data	281 0153-0335
R011-L42	data	280 0153-0338
R011-L43	data	310 0153-0368
R011-L44	data	285 0153-0369
R011-L45	data	285 0153-0370
R011-L46	data	420 0153-0375
R011-L47	data	110 0153-0389
R011-L48	data	264 0153-0407
R011-L49	data	268 0153-0407
R011-L50	data	285 0153-0433
R011-L51	data	210 0153-0440
R011-L52	data	285 0153-0440
R011-L53	data	005 0153-0465
R011-L54	data	110 0153-0474
R011-L55	data	015 0153-0480
R011-L56	data	245 0153-0480
R011-L58	footer	DOCID:32003765 TOP SECRET-RESTRIC??
R012-L01	furniture	
R012-L02	header	CLASSIFIED
R012-L03	header	DGZ BA
R012-L04	data	285 0153-0508
R012-L05	data	110 0153-0517
R012-L06	data	050 0153-0519
R012-L07	data	230 0153-0520
R012-L08	data	208 0153-0533
R012-L09	data	095 0153-0554
R012-L10	data	110 0153-0571
R012-L11	data	110 0153-0572
R012-L12	data	280 0153-0585
R012-L13	data	248 0153-0586
R012-L14	data	246 0153-0587
R012-L15	data	246 0153-0588
R012-L16	data	246 0153-0589
R012-L17	data	248 0153-0591
R012-L18	data	246 0153-0592
R012-L19	data	246 0153-0593
R012-L20	data	246 0153-0594
R012-L21	data	248 0153-0595
R012-L22	data	246 0153-0596
R012-L23	data	242 0153-0599
R012-L24	data	248 0153-0600
R012-L25	data	248 0153-0643
R012-L26	data	285 0153-0649
R012-L27	data	110 0153-0665
R012-L28	data	275 0153-9997
R012-L30	data	358 0103-0025
R012-L31	data	275 0103-9999
R012-L32	data	KOLPINO 5945-03038
R012-L33	data	5945-3035E AN
R012-L34	data	227 0153-
R012-L35	data	235 0153-0080
R012-L37	data	450 0153-0080
R012-L38	data	110 0153-0529
R012-L39	data	415 0153-0601
R012-L40	data	275 0153-9992
R012-L41	data	SABLINO 5936-03042
R012-L42	data	358 0153-0123
R012-L43	data	275 0153-9970
R012-L45	data	6005-2958E AP
R012-L46	data	090 0103-0030
R012-L47	data	275 0103-9987
R012-L48	data	301 4500 LENINOGORSK 5021-08332
R012-L49	data	216 0239-0011
R012-L50	data	445 0239-0041
R012-L51	data	100 0239-0049
R012-L52	data	100 0239-0051
R012-L53	data	275 0239-9994
R012-L54	data	ULBA 5017-08323
R012-L55	footer	DOCID:32003765 TOP SECRET-RESTRIC??
R013-L01	header	CLASSIFIED
R013-L02	header	27386
R013-L03	header	TOP SECRET || DGZ BA
R013-L04	data	613 5134 MOROZOVSK 4822-04151
R013-L05	data	350 0234-0463
R013-L06	data	275 0234-9910
R013-L07	data	629 5135 MORSHANSK 5328-04149
R013-L08	data	227 0166-
R013-L09	data	364 0166-0221
R013-L10	data	275 0166-9988
R013-L11	data	1 5150 MOSCOW 5545-03737
R013-L12	data	5545-3737E A
R013-L13	data	5554-3747E AH
R013-L15	data	5538-3748E AM
R013-L16	data	5549-3719E BG
R013-L17	data	5541-3735E BH
R013-L18	data	054 0167-
R013-L19	data	054 0167-
R013-L20	data	227 0167-
R013-L21	data	227 0167-
R013-L22	data	227 0167-
R013-L23	data	227 0167-
R013-L24	data	227 0167-
R013-L25	data	227 0167-
R013-L26	data	227 0167-
R013-L27	data	240 0167-
R013-L28	data	241 0167-
R013-L29	data	243 0167-
R013-L30	data	252 0167-0003
R013-L32	data	112 0167-0010
R013-L33	data	212 0167-0011
R013-L34	data	016 0167-0012
R013-L35	data	112 0167-0015
R013-L36	data	112 0167-0016
R013-L37	data	430 0167-0018
R013-L38	data	308 0167-0019
R013-L39	data	430 0167-0019
R013-L40	data	016 0167-0021
R013-L41	data	206 0167-0025
R013-L42	data	480 0167-0025
R013-L43	data	016 0167-0026
R013-L44	data	230 0167-0028
R013-L45	data	016 0167-0029
R013-L46	data	230 0167-0032
R013-L47	data	090 0167-0034
R013-L48	data	281 0167-0037
R013-L49	data	015 0167-0043
R013-L50	data	015 0167-0044
R013-L51	data	245 0167-0044
R013-L52	data	016 0167-0048
R013-L53	footer	DOCID:32003765 TOP SECRET-RESTRICTED
R014-L01	header	CLASSIFIED
R014-L02	header	27386
R014-L03	header	TOP SECRET || DGZ BA
R014-L04	data	048 0167-0057
R014-L05	data	030 0167-0058
R014-L06	data	030 0167-0059
R014-L07	data	016 0167-0066
R014-L08	data	112 0167-0082
R014-L09	data	308 0167-0087
R014-L10	data	296 0167-0090
R014-L11	data	450 0167-0090
R014-L12	data	308 0167-0093
R014-L13	data	356 0167-0096
R014-L14	data	015 0167-0101
R014-L15	data	356 0167-0103
R014-L16	data	356 0167-0104
R014-L17	data	356 0167-0105
R014-L18	data	015 0167-0106
R014-L19	data	243 0167-0106
R014-L20	data	016 0167-0107
R014-L21	data	356 0167-0109
R014-L22	data	356 0167-0110
R014-L23	data	230 0167-0129
R014-L24	data	210 0167-0158
R014-L25	data	226 0167-0160
R014-L26	data	224 0167-0161
R014-L27	data	226 0167-0161
R014-L28	data	224 0167-0162
R014-L29	data	226 0167-0162
R014-L30	data	010 0167-0180
R014-L31	data	356 0167-0181
R014-L32	data	356 0167-0182
R014-L33	data	356 0167-0183
R014-L34	data	356 0167-0185
R014-L35	data	356 0167-0186
R014-L36	data	356 0167-0187
R014-L37	data	356 0167-0188
R014-L38	data	281 0167-0206
R014-L39	data	228 0167-0207
R014-L40	data	112 0167-0209
R014-L41	data	228 0167-0210
R014-L42	data	228 0167-0211
R014-L43	data	112 0167-0216
R014-L44	data	112 0167-0218
R014-L45	data	075 0167-0226
R014-L46	data	445 0167-0234
R014-L47	data	445 0167-0235
R014-L48	data	064 0167-0261
R014-L49	data	064 0167-0265
R014-L50	data	262 0167-0265
R014-L51	data	405 0167-0268
R014-L52	data	200 0167-0272
R014-L53	data	264 0167-0278
R014-L54	data	268 0167-0278
R014-L55	data	005 0167-0295
R014-L56	data	266 0167-0303
R014-L57	footer	DOCID:32003765 TOP SECRET-RESTRICTED
R015-L01	header	CLASSIFIED
R015-L02	header	27386
R015-L03	header	TOP SECRET || DGZ BA
R015-L04	data	070 0167-0334
R015-L05	data	266 0167-0334
R015-L06	data	435 0167-0334
R015-L07	data	445 0167-0338
R015-L08	data	445 0167-0341
R015-L09	data	062 0167-0352
R015-L10	data	066 0167-0352
R015-L11	data	068 0167-0352
R015-L12	data	082 0167-0360
R015-L13	data	202 0167-0377
R015-L14	data	480 0167-0377
R015-L15	data	016 0167-0396
R015-L16	data	090 0167-0401
R015-L17	data	230 0167-0410
R015-L18	data	230 0167-0411
R015-L19	data	112 0167-0424
R015-L20	data	112 0167-0426
R015-L21	data	048 0167-0455
R015-L22	data	095 0167-0520
R015-L23	data	112 0167-0546
R015-L24	data	200 0167-0552
R015-L25	data	285 0167-0553
R015-L26	data	016 0167-0580
R015-L27	data	245 0167-0580
R015-L29	data	245 0167-0581
R015-L30	data	356 0167-0583
R015-L31	data	356 0167-0584
R015-L32	data	356 0167-0585
R015-L33	data	356 0167-0586
R015-L34	data	356 0167-0587
R015-L35	data	356 0167-0588
R015-L36	data	356 0167-0589
R015-L37	data	356 0167-0590
R015-L38	data	356 0167-0592
R015-L39	data	356 0167-0593
R015-L40	data	356 0167-0594
R015-L41	data	356 0167-0595
R015-L42	data	356 0167-0600
R015-L43	data	245 0167-0604
R015-L44	data	285 0167-0607
R015-L45	data	281 0167-0608
R015-L46	data	246 0167-0611
R015-L47	data	227 0167-0613
R015-L48	data	227 0167-0614
R015-L49	data	227 0167-0615
R015-L50	data	296 0167-0680
R015-L51	data	210 0167-0712
R015-L52	data	264 0167-0717
R015-L53	data	268 0167-0717
R015-L54	data	285 0167-0726
R015-L55	data	356 0167-0755
R015-L56	data	266 0167-0780
R015-L57	footer	DOCID:32003765 TOP SECRET-RESTRICTED
R016-L01	header	CLASSIFIED
R016-L02	header	27386
R016-L03	header	TOP SECRET || DGZ BA
R016-L04	data	228 0167-0782
R016-L05	data	228 0167-0783
R016-L06	data	308 0167-0785
R016-L07	data	285 0167-0794
R016-L08	data	262 0167-0810
R016-L09	data	055 0167-0813
R016-L10	data	250 0167-0813
R016-L11	data	208 0167-0832
R016-L12	data	016 0167-0841
R016-L13	data	016 0167-0843
R016-L14	data	015 0167-0883
R016-L15	data	090 0167-0912
R016-L17	data	075 0167-0921
R016-L18	data	112 0167-0931
R016-L19	data	210 0167-0934
R016-L20	data	281 0167-0942
R016-L21	data	228 0167-0943
R016-L22	data	228 0167-0944
R016-L23	data	048 0167-0955
R016-L24	data	048 0167-0956
R016-L25	data	048 0167-0957
R016-L26	data	246 0167-0985
R016-L27	data	246 0167-0986
R016-L28	data	246 0167-0987
R016-L29	data	246 0167-0988
R016-L30	data	246 0167-0989
R016-L31	data	246 0167-0990
R016-L32	data	246 0167-0991
R016-L33	data	246 0167-0992
R016-L34	data	246 0167-0993
R016-L35	data	285 0167-1002
R016-L36	data	227 0167-1012
R016-L37	data	210 0167-1014
R016-L38	data	227 0167-1028
R016-L39	data	227 0167-1029
R016-L40	data	285 0167-1034
R016-L41	data	285 0167-1035
R016-L42	data	275 0167-9998
R016-L43	data	KUCHINO 5545-03759
R016-L44	data	285 0167-0665
R016-L45	data	275 0167-9837
R016-L46	data	SHCHELKOVO 5554-03802
R016-L47	data	062 0167-0001
R016-L48	data	066 0167-0001
R016-L49	data	068 0167-0001
R016-L51	data	202 0167-0065
R016-L52	data	275 0167-9966
R016-L53	data	TOMILINO 5540-03756
R016-L54	data	246 0167-0612
R016-L55	data	275 0167-9589
R016-L56	data	MISHUTKINO M-19 5528-03702 QA
R016-L57	footer	DOCID:32003765 TOP SECRET-RESTRICTED
R017-L01	header	CLASSIFIED
R017-L02	header	27386
R017-L03	header	TOP SECRET || DGZ BA
R017-L04	data	384 0203-0057
R017-L05	data	275 0203-9969
R017-L06	data	1080 6111 PEI LI CHINA 1908-10840
R017-L07	data	280 0618-0108
R017-L08	data	275 0618-9996
R017-L09	data	981 6115 PEI PIAO CHINA 4148-12047
R017-L11	data	275 0289-9983
R017-L12	data	13 6125 PEI PING CHINA 3955-11624
R017-L13	data	3955-11623E A
R017-L14	data	240 0381-
R017-L15	data	241 0381-
R017-L16	data	242 0381-
R017-L17	data	243 0381-
R017-L18	data	246 0381-
R017-L19	data	246 0381-
R017-L20	data	248 0381-
R017-L21	data	384 0381-
R017-L22	data	075 0381-0102
R017-L23	data	270 0381-0102
R017-L24	data	186 0381-0172
R017-L25	data	248 0381-0299
R017-L26	data	230 0381-0325
R017-L27	data	208 0381-0337
R017-L28	data	245 0381-0356
R017-L29	data	245 0381-0357
R017-L30	data	275 0381-9994
R017-L31	data	FENG TAI CHINA 3951-11617
R017-L32	data	3950-11616E D
R017-L33	data	243 0381-
R017-L34	data	246 0381-
R017-L35	data	384 0381-0250
R017-L36	data	332 0381-0311
R017-L37	data	275 0381-9967
R017-L38	data	236 6141 PEN CHI MANCH 4120-12345
R017-L39	data	4119-12345E A
R017-L40	data	246 0290-
R017-L41	data	430 0290-0007
R017-L42	data	075 0290-0008
R017-L43	data	270 0290-0008
R017-L44	data	185 0290-0112
R017-L45	data	384 0290-0319
R017-L46	data	208 0290-9929
R017-L47	data	275 0290-9929
R017-L48	footer	DOCID:32003765 TOP SECRET-RESTRICTED
R018-L01	header	CLASSIFIED
R018-L02	header	27386
R018-L03	header	TOP SECRET || DGZ BA
R018-L04	data	420 0324-0048
R018-L05	data	437 0324-0048
R018-L06	data	227 0324-0089
R018-L07	data	350 0324-0111
R018-L08	data	275 0324-9997
R018-L09	data	100 6485 POZNAN POL 5224-01655
R018-L10	data	5224-1655E A
R018-L11	data	392 0169-0005
R018-L12	data	090 0169-0007
R018-L13	data	214 0169-0007
R018-L14	data	230 0169-0007
R018-L15	data	294 0169-0007
R018-L16	data	296 0169-0007
R018-L17	data	445 0169-0011
R018-L18	data	196 0169-0067
R018-L19	data	405 0169-0068
R018-L20	data	335 0169-0070
R018-L21	data	050 0169-0076
R018-L22	data	230 0169-0438
R018-L23	data	281 0169-0731
R018-L24	data	392 0169-0851
R018-L25	data	010 0169-1060
R018-L26	data	208 0169-1139
R018-L27	data	248 0169-1235
R018-L28	data	050 0169-1529
R018-L29	data	050 0169-1531
R018-L30	data	275 0169-9991
R018-L31	data	58 6493 PRAGUE CZECH 5005-01425
R018-L32	data	5005-1425E A
R018-L33	data	5003-1422E AB
R018-L34	data	227 0231-
R018-L35	data	240 0231-
R018-L36	data	241 0231-
R018-L37	data	281 0231-0231
R018-L38	data	230 0231-0245
R018-L39	data	015 0231-0260
R018-L40	data	245 0231-0260
R018-L41	data	016 0231-0262
R018-L42	data	055 0231-0264
R018-L43	data	064 0231-0264
R018-L44	data	450 0231-0264
R018-L45	data	485 0231-0264
R018-L46	data	206 0231-0265
R018-L47	data	245 0231-0265
R018-L48	data	480 0231-0265
R018-L49	data	485 0231-0265
R018-L50	data	285 0231-0268
R018-L51	data	064 0231-0273
R018-L52	data	095 0231-0273
R018-L53	footer	DOCID:32003765 TOP SECRET-RESTRICTED
R019-L01	header	CLASSIFIED
R019-L02	header	27386
R019-L03	header	TOP SECRET || DGZ BA
R019-L04	data	250 0231-0273
R019-L05	data	294 0231-0273
R019-L06	data	450 0231-0273
R019-L07	data	016 0231-0274
R019-L08	data	245 0231-0274
R019-L09	data	015 0231-0275
R019-L10	data	245 0231-0275
R019-L11	data	016 0231-0279
R019-L12	data	252 0231-0279
R019-L13	data	245 0231-0287
R019-L14	data	285 0231-0400
R019-L15	data	188 0231-0453
R019-L16	data	405 0231-0645
R019-L17	data	386 0231-0697
R019-L18	data	386 0231-0698
R019-L19	data	386 0231-0699
R019-L20	data	386 0231-0700
R019-L21	data	386 0231-0705
R019-L22	data	333 0231-0706
R019-L23	data	188 0231-0750
R019-L24	data	230 0231-0760
R019-L25	data	440 0231-0760
R019-L26	data	015 0231-1349
R019-L27	data	245 0231-1349
R019-L28	data	208 0231-1741
R019-L29	data	292 0231-1778
R019-L30	data	296 0231-1778
R019-L31	data	333 0231-1779
R019-L32	data	264 0231-1842
R019-L33	data	264 0231-1843
R019-L34	data	264 0231-1844
R019-L35	data	200 0231-1929
R019-L36	data	281 0231-1977
R019-L37	data	281 0231-1978
R019-L38	data	228 0231-1979
R019-L39	data	228 0231-1980
R019-L40	data	016 0231-2736
R019-L41	data	228 0231-3065
R019-L42	data	248 0231-3478
R019-L43	data	248 0231-3479
R019-L44	data	248 0231-3480
R019-L45	data	248 0231-3481
R019-L46	data	248 0231-3482
R019-L47	data	248 0231-3500
R019-L48	data	246 0231-3501
R019-L49	data	235 0231-3540
R019-L50	data	243 0231-3797
R019-L51	data	243 0231-3803
R019-L52	data	245 0231-3998
R019-L53	data	275 0231-9981
R019-L55	data	4957-1403E AF
R019-L56	data	386 0231-0215
R019-L57	footer	DOCID:32003765 TOP SECRET-RESTRICTED
R020-L01	header	ECLASSIFIED
R020-L02	header	Y 27386
R020-L03	header	TOP SECRET || DGZ BA
R020-L04	data	246 0231-3421
R020-L05	data	248 0231-3423
R020-L06	data	275 0231-9945
R020-L07	data	KLADNO CZECH 5009-01407
R020-L08	data	5009-1406E F
R020-L09	data	075 0231-0226
R020-L10	data	090 0231-0226
R020-L11	data	270 0231-0226
R020-L12	data	430 0231-0226
R020-L13	data	386 0231-0247
R020-L14	data	188 0231-0742
R020-L15	data	188 0231-1369
R020-L16	data	188 0231-1372
R020-L17	data	200 0231-1769
R020-L18	data	188 0231-2792
R020-L19	data	248 0231-3441
R020-L20	data	275 0231-9927
R020-L21	data	KRALUPY NAD VLTAVOU CZECH 5014-01418
R020-L22	data	5014-1418E D
R020-L23	data	226 0231-0230
R020-L24	data	290 0231-0722
R020-L25	data	386 0231-2853
R020-L26	data	275 0231-9923
R020-L27	data	KRALUV DVUR CZECH 4957-01403
R020-L28	data	270 0231-1713
R020-L29	data	275 0231-9428
R020-L30	data	NERATOVICE CZECH 5016-01431
R020-L31	data	062 0231-0644
R020-L32	data	068 0231-0644
R020-L33	data	445 0231-0644
R020-L34	data	290 0231-0725
R020-L35	data	060 0231-1872
R020-L36	data	275 0231-9417
R020-L37	data	PSARY CZECH 4955-01430
R020-L38	data	275 0231-
R020-L39	data	246 0231-3493
R020-L40	data	RADOTIN CZECH 4959-01422
R020-L41	data	188 0231-0751
R020-L42	data	050 0231-1860
R020-L43	data	275 0231-9506
R020-L44	data	ROZTOKY CZECH 5010-01424
R020-L45	data	5008-1430E J
R020-L46	data	266 0231-1103
R020-L47	data	435 0231-1103
R020-L48	data	275 0231-9405
R020-L49	data	SLANY CZECH 5014-01405
R020-L50	data	095 0231-0657
R020-L51	data	250 0231-0657
R020-L52	data	050 0231-1859
R020-L53	data	248 0231-3793
R020-L54	data	275 0231-9510
R020-L55	data	STECHOVICE CZECH 4951-01424
R020-L56	data	188 0231-0252
R020-L57	footer	DOCID:32003765 TOP SECRET-RESTRICTED
R021-L01	header	CLASSIFIED
R021-L02	header	27386
R021-L03	header	TOP SECRET || DGZ BA
R021-L04	data	275 0232-9625
R021-L05	data	LUDWIGSDORF POL 5038-01630
R021-L06	data	196 0232-0610
R021-L07	data	275 0232-9623
R021-L08	data	REICHENBACH POL 5043-01639
R021-L09	data	285 0232-0350
R021-L10	data	275 0232-9646
R021-L11	data	SAARAU POL 5057-01630
R021-L12	data	400 0232-0939
R021-L13	data	445 0232-0939
R021-L14	data	275 0232-9735
R021-L16	data	5050-1630E C
R021-L17	data	240 0232-
R021-L18	data	264 0232-0475
R021-L19	data	268 0232-0475
R021-L20	data	250 0232-0789
R021-L21	data	248 0232-1301
R021-L22	data	245 0232-1545
R021-L23	data	275 0232-9825
R021-L24	data	482 9367 WAN HSIEN CHINA 3049-10824
R021-L25	data	281 0494-0020
R021-L26	data	275 0494-9976
R021-L27	data	1042 9370 WAREN E GER 5331-01241
R021-L28	data	245 0169-1569
R021-L29	data	275 0169-9851
R021-L30	data	1213 9375 WARKA POL 5147-02112
R021-L31	data	290 0232-0662
R021-L32	data	230 0232-1022
R021-L33	data	275 0232-9590
R021-L34	data	62 9385 WARSAW POL 5215-02100
R021-L36	data	240 0169-
R021-L37	data	392 0168-0112
R021-L38	data	285 0168-0116
R021-L39	data	336 0169-0130
R021-L40	data	392 0169-0132
R021-L41	data	392 0169-0134
R021-L42	data	196 0168-0150
R021-L43	data	392 0168-0156
R021-L44	data	392 0168-0157
R021-L45	data	392 0168-0158
R021-L46	data	392 0168-0159
R021-L47	data	281 0168-0160
R021-L48	data	246 0168-0201
R021-L49	footer	DOCID:32003765 TOP SECRET-RESTRICTED
R022-L01	header	ECLASSIFIED
R022-L02	header	27386
R022-L03	header	TOP SECRET || DGZ BA
R022-L04	data	250 0156-0433
R022-L05	data	275 0156-9810
R022-L06	data	KRASNOTURINSK 5945-06011
R022-L07	data	5946-6010E D
R022-L08	data	227 0156-
R022-L09	data	020 0156-0024
R022-L10	data	021 0156-0024
R022-L11	data	047 0156-0024
R022-L12	data	118 0156-0313
R022-L13	data	118 0156-0357
R022-L14	data	275 0156-9806
R022-L15	data	422 7410 SERPUKHOV 5455-03725
R022-L16	data	112 0167-0006
R022-L17	data	362 0167-0100
R022-L18	data	235 0167-0225
R022-L19	data	281 0167-0879
R022-L20	data	246 0167-0994
R022-L21	data	243 0167-1048
R022-L22	data	275 0167-9967
R022-L25	data	RYZHKOVO M-45 5505-03703 QC
R022-L26	data	32 7430 SEVASTOPOL 4437-03332
R022-L27	data	4436-3331E A
R022-L28	data	227 0250-
R022-L29	data	240 0250-
R022-L30	data	243 0250-
R022-L31	data	280 0250-0005
R022-L32	data	415 0250-0006
R022-L33	data	420 0250-0006
R022-L34	data	437 0250-0006
R022-L35	data	145 0250-0011
R022-L36	data	376 0250-0049
R022-L37	data	227 0250-0104
R022-L38	data	420 0250-0132
R022-L39	data	420 0250-0133
R022-L40	data	420 0250-0136
R022-L41	data	376 0250-0191
R022-L42	data	280 0250-0192
R022-L43	data	280 0250-0193
R022-L44	data	246 0250-0194
R022-L45	data	227 0250-0252
R022-L46	data	208 0250-0285
R022-L47	data	242 0250-0285
R022-L48	data	245 0250-0372
R022-L49	data	275 0250-9996
R022-L50	data	BALAKLAVA 4430-03336
R022-L51	data	4430-3335E B
R022-L52	data	437 0250-0163
R022-L53	footer	DOCID:32003765
R022-L02+	furniture	TOP SECRET
R023-L01	header	ECLASSIFIED
R023-L02	header	27386
R023-L03	header	TOP SECRET || DGZ BA
R023-L04	data	275 0250-9992
R023-L06	data	254 0206-0010
R023-L07	data	280 0206-0013
R023-L08	data	275 0206-9997
R023-L09	data	1015 7445 SEVERSKAYA 4451-03841
R023-L10	data	227 0249-
R023-L11	data	275 0249-9920
R023-L12	data	1195 7458 SFANTUL GHEORGE RUM 4552-02547
R023-L13	data	248 0251-0955
R023-L14	data	275 0251-9835
R023-L15	data	780 74595 SHADRINSK 5605-06339
R023-L16	data	372 0156-0428
R023-L17	data	243 0156-0435
R023-L18	data	275 0156-9812
R023-L19	data	217 7460 SHAKHTY 4743-04014
R023-L20	data	4743-04014E B
R023-L21	data	350 0249-0017
R023-L22	data	350 0249-0019
R023-L23	data	106 0249-0133
R023-L24	data	285 0249-0325
R023-L25	data	275 0249-9961
R023-L26	data	KRASNYY SULIN 4753-04004
R023-L27	data	430 0249-0016
R023-L28	data	106 0249-0151
R023-L29	data	275 0249-9980
R023-L30	data	686 7461 SHAKHUNYA 5740-04636
R023-L31	data	360 0155-0125
R023-L32	data	275 0155-9871
R023-L33	data	28 7475 SHANG HAI CHINA 3115-12129
R023-L34	data	3114-12128E A
R023-L35	data	3120-12132E M
R023-L37	data	230 0492-
R023-L38	data	240 0492-
R023-L39	data	242 0492-
R023-L40	data	243 0492-
R023-L41	data	246 0492-
R023-L42	data	246 0492-
R023-L43	footer	DOCID:32003765 TOP SECRET-RESTRICTE?
R023-L02+	furniture	TOP SECRET
R024-L01	header	ECLASSIFIED
R024-L02	header	Y 27386
R024-L03	header	TOP SECRET || DGZ BA
R024-L04	data	280 0120-0001
R024-L05	data	275 0120-9998
R024-L06	data	MYS BARYKOVA 6303-17928
R024-L07	data	275 0120-
R024-L08	data	284 0120-
R024-L10	data	6333-5342E B
R024-L11	data	224 0101-0001
R024-L12	data	226 0101-0001
R024-L13	data	140 0101-0008
R024-L14	data	275 0101-9997
R024-L15	data	IZHMA 6338-05354
R024-L16	data	275 0101-
R024-L17	data	290 0101-0019
R024-L18	data	358 0101-0021
R024-L19	data	497 8788 ULAAN BAATAR CHINA 4755-10653
R024-L20	data	208 0285-0003
R024-L21	data	275 0286-9997
R024-L22	data	105 8790 ULAN UDE 5149-10736
R024-L23	data	5150-10734E D
R024-L24	data	294 0201-0009
R024-L25	data	430 0201-0009
R024-L26	data	016 0201-0010
R024-L27	data	125 0201-0011
R024-L28	data	060 0201-0026
R024-L29	data	354 0201-0041
R024-L30	data	227 0201-0047
R024-L31	data	227 0201-0048
R024-L32	data	125 0201-0049
R024-L33	data	281 0201-0051
R024-L34	data	208 0201-0053
R024-L35	data	246 0201-0055
R024-L36	data	246 0201-0056
R024-L37	data	246 0201-0058
R024-L38	data	275 0201-9999
R024-L39	data	124 8810 ULYANOVSK 5419-04825
R024-L40	data	5420-4828E B
R024-L41	data	227 0165-
R024-L42	data	243 0165-
R024-L43	data	252 0165-0006
R024-L44	data	281 0165-0011
R024-L45	data	281 0165-0028
R024-L46	data	368 0165-0029
R024-L47	data	165 0165-0086
R024-L48	data	290 0165-0118
R024-L49	footer	DOCID:32003765 TOP SECRET-RESTRICTED
R024-L02+	furniture	TOP SECRET
R025-L01	header	CLASSIFIED
R025-L02	header	27386
R025-L03	header	TOP SECRET || DGZ BA
R025-L04	data	266 0168-0221
R025-L06	data	252 0168-0267
R025-L07	data	264 0168-0268
R025-L08	data	246 0168-0283
R025-L09	data	248 0168-0284
R025-L10	data	246 0168-0285
R025-L11	data	248 0168-0286
R025-L12	data	246 0168-0338
R025-L13	data	246 0168-0339
R025-L14	data	196 0169-0488
R025-L15	data	268 0169-0590
R025-L16	data	208 0169-0592
R025-L17	data	246 0169-0595
R025-L18	data	214 0169-0596
R025-L19	data	392 0169-0603
R025-L20	data	196 0169-0975
R025-L21	data	202 0169-1045
R025-L22	data	285 0169-1046
R025-L23	data	281 0169-1047
R025-L24	data	246 0169-1115
R025-L25	data	246 0169-1116
R025-L26	data	023 0169-1129
R025-L27	data	227 0169-1134
R025-L28	data	241 0169-1239
R025-L29	data	275 0169-9989
R025-L30	data	OZAROW POL 5213-02049
R025-L31	data	200 0169-0665
R025-L32	data	275 0169-9896
R025-L33	data	PIASTOW POL 5211-02051
R025-L34	data	475 0169-0585
R025-L35	data	050 0169-0625
R025-L36	data	275 0169-9901
R025-L37	data	PRUSZKOW POL 5210-02045
R025-L38	data	230 0169-0046
R025-L39	data	196 0169-0336
R025-L40	data	336 0169-0976
R025-L41	data	275 0169-9873
R025-L43	data	227 0170-
R025-L44	data	415 0170-0027
R025-L45	data	420 0170-0027
R025-L46	data	023 0170-0107
R025-L47	data	280 0170-0500
R025-L48	data	248 0170-1093
R025-L49	data	248 0170-1094
R025-L50	data	275 0170-9998
R025-L52	data	275 0170-
R025-L53	data	388 0170-0959
R025-L54	data	WUSTROW E GER 5405-01135
R025-L55	footer	DOCID:32003765 TOP SECRET-RESTRICTED
R025-L02+	furniture	TOP SECRET
X001-L01	header	ECLASSIFIED
X001-L02	header	TY 27386.
X001-L03	header	TOP SECRET B-?4300
X001-L04	header	II. PART I-UNRESTRICTED ALLOCA????
X001-L05	furniture	THIS PAGE IS NOT INCLUDED IN THE
X001-L06	furniture	PAGE COUNT OF BASIC DOCUMENT.
X001-L07	blank	
X001-L08	footer	DOCID:32003765 TOP SECRET-RESTRICTED DATA-ATOMIC ENERGY ACT-1954
X002-L01	header	ECLASSIFIED || Y 27386.
X002-L02	header	TOP SECRET ?-54300
X002-L03	header	CROSS-REFERENCE LIST
X002-L04	furniture	THIS PAGE IS NOT INCLUDED IN THE
X002-L05	furniture	PAGE COUNT OF BASIC DOCUMENT.
X002-L06	footer	DOCID:32003765 TOP SECRET-RESTRICTED DATA-ATOMIC ENERGY ACT-1954
X003-L01	header	ECLASSIFIED
X003-L02	header	Y 27386.
X003-L03	header	TOP SECRET B-54300
X003-L04	data	0020 ABAKAN AF
X003-L05	blank	
X003-L06	data	0022 ABDULINO
X003-L07	data	0023 ABEZ SEE 2936 INTA
X003-L08	data	0024 ACHINSK
X003-L09	data	ACHINSK AF
X003-L10	data	00243 ADADYM SEE 5379 NAZAROVO
X003-L11	data	0025 ADAMOV CZECH SEE 0995 BRNO CZECH
X003-L12	data	00255 ADJUD RUM
X003-L13	data	0026 ADLER AF SEE 6270 PILENKOVA
X003-L14	data	0028 ADZHARIS SEE 0590 BATUMI
X003-L15	data	0030 AGA
X003-L16	data	0034 AFRIKANDA
X003-L17	data	AFRIKANDA AF
X003-L18	data	NIVSKY AF
X003-L19	data	0035 AGHIRESU RUM SEE 1445 CLUJ RUM
X003-L20	data	0036 AGRYZ
X003-L21	data	0037 AGTAGLYA AF SEE 8310 TBILISI
X003-L23	data	0045 AJKA HUNG SEE 6034 PAPA HUNG
X003-L24	data	0055 AKEN E GER SEE 0695 BERNBURG E GER
X003-L25	data	0057 AKHALKALAKI
X003-L26	data	OVIRI
X003-L27	data	AKHALKALAKI AF
X003-L28	data	0070 AKMOLINSK
X003-L29	data	0075 AKSENOVO ZILOVSKOYE
X003-L30	data	0080 AKTYUBINSK
X003-L31	data	AKTYUBINSK AF
X003-L32	data	0085 ALABINO SEE 9963 ZVENIGOROD
X003-L33	data	0096 ALAKURTTI AF
X003-L34	data	0100 ALAPAYEVSK
X003-L35	data	VERKHNYAYA SINYACHIKHA
X003-L36	data	ALAPAYEVSK AF
X003-L37	data	0101 ALATYR
X003-L38	footer	DOCID:32003765 TOP SECRET-RESTRICTED DATA-ATOMIC ENERGY ACT-1954
X004-L01	header	DECLASSIFIED || RITY 27386.
X004-L02	header	TOP SECRET B-54300
X004-L04	data	TEIUS
X004-L06	data	0110 ALEKSANDROV
X004-L07	data	KIRZHACH
X004-L08	data	0120 ALEKSANDROVSK
X004-L09	data	ROGATY
X004-L10	data	ALEKSANDROVSK AF
X004-L11	data	0122 ALEKSEYEVKA
X004-L12	data	0123 ALEKSEYEVKA AF SEE 3440 KHARKOV
X004-L13	data	0125 ALEKSEYEVSKOYE AF
X004-L14	data	0130 ALEKSIN
X004-L15	data	0132 ALESHINO SEE 7265 SASOVO
X004-L16	data	0135 ALEXANDROVKA AF SEE 8040 SYZRAN
X004-L17	data	0137 ALEXANDROVSKAYA AF SEE 4490 LENINGRAD
X004-L18	data	0138 ALEXENI RUM AF
X004-L19	data	0140 ALGA
X004-L20	data	0150 ALLAVERDY
X004-L21	data	0160 ALMA ATA
X004-L22	data	ALMA ATA AF
X004-L23	data	ALMA ATA N AF
X004-L24	data	ALMA ATA N W AF
X004-L26	data	01755 ALMALYK
X004-L28	data	0185 ALTENBURG E GER
X004-L29	data	BORNA
X004-L30	data	MEUSELWITZ
X004-L31	data	ROSITZ
X004-L32	data	SCHMOLLN
X004-L33	data	TROGLITZ
X004-L34	data	ZECHAU
X004-L35	data	ALTENBURG AF
X004-L37	data	01865 ALTENHAIN E GER SEE 4465 LEIPZIG E GER
X004-L39	footer	TOP SECRET-RESTRICTED DATA-ATOMIC ENERGY ACT-1954
X005-L01	header	ECLASSIFIED
X005-L02	header	Y 27386.
X005-L03	header	TOP SECRET B-54300
X005-L04	data	44553 LEBA POL SEE 4430 LAUENBURG POL
X005-L05	data	44555 LEBEDIN AF
X005-L06	data	4465 LEIPZIG E GER
X005-L07	data	ALTENHAIN
X005-L08	data	BOEHLEN
X005-L09	data	DELITZSCH
X005-L10	data	GRIMMA
X005-L11	data	PEGAU
X005-L12	data	WURZEN
X005-L13	data	BRANDIS AF
X005-L14	data	4475 LEISNIG E GER
X005-L15	data	ROCHLITZ
X005-L16	data	4480 LENINAKAN
X005-L17	data	LENINAKAN AF
X005-L18	data	4490 LENINGRAD
X005-L19	data	BELOOSTROV
X005-L20	data	KOLPINO
X005-L21	data	SABLINO
X005-L22	data	SESTRORETSK
X005-L23	data	ALEXANDROVSKAYA AF
X005-L24	data	GORELOVO AF
X005-L25	data	GORSKAYA AF
X005-L26	data	KAMENKA N. AF
X005-L27	data	KASIMOVO AF
X005-L28	data	KOLOMYAGI AF
X005-L29	data	KUDROVO AF
X005-L30	data	LENINGRAD CIVIL AF
X005-L31	data	LESNOY AF
X005-L32	data	LEVASHOVO AF
X005-L33	data	PETRODVORETS AF
X005-L34	data	PUSHKIN AF
X005-L35	data	UGLOVO AF
X005-L36	data	YANINO AF
X005-L37	data	4494 LENINKA AF SEE 0230 ANADYR
X005-L38	data	4500 LENINOGORSK
X005-L39	data	ULBA
X005-L40	data	4505 LENINSK SEE 0236 ANDIZHAN
X005-L41	data	4507 LENINSKIY
X005-L42	data	4510 LENINSK KUZNETSKIY
X005-L43	data	4511 LENINSKOYE AF
X005-L44	data	4512 LENKORAN AF
X005-L45	data	4520 LEPAYA
X005-L46	data	CIRAVA AF
X005-L47	footer	TOP SECRET-RESTRICTED DATA-ATOMIC ENERGY ACT-1954
X006-L01	header	CLASSIFIED
X006-L02	header	27386.
X006-L03	header	TOP SECRET B-54300
X006-L04	data	5074 MOGZON
X006-L05	data	SOKHONDO AF
X006-L07	data	5080 MOLODECHNO
X006-L08	data	MOLODECHNO AF
X006-L11	data	5100 MOLOTOVSK
X006-L12	data	5110 MONCHEGORSK
X006-L13	data	MONCHEGORSK AF
X006-L14	data	5112 MONINO AF SEE 5570 NOGINSK
X006-L15	data	5113 MONNUSTE AF SEE 4215 KURESSAARE
X006-L16	data	5120 MOR HUNG SEE 8061 SZEKESFEHERVAR HUNG
X006-L17	data	5125 MORAVSKA OSTRAVA CZECH
X006-L18	data	BOHUMIN
X006-L19	data	DOLNI SUCHA
X006-L20	data	HLUCIN
X006-L21	data	HRUSOV
X006-L22	data	KARVINNA
X006-L23	data	KOPRIVNICE
X006-L24	data	MISTEK
X006-L25	data	STUDENKA
X006-L26	data	5127 MORDOVO
X006-L27	data	5134 MOROZOVSK
X006-L28	data	TATSINSKAYA AF
X006-L30	data	MORSHANSK AF
X006-L31	data	5136 MOSCICE POL SEE 82584 TARNOW POL
X006-L32	data	5137 MOSCISKA SEE 65565 PRZEMYSL POL
X006-L33	data	5150 MOSCOW
X006-L34	data	KUCHINO
X006-L35	data	SHCHELKOVO
X006-L36	data	TOMILINO
X006-L37	data	BYKOVO AF
X006-L38	data	CHERTANOVO AF
X006-L39	data	FILI AF
X006-L40	data	IZMAYLOVO AF
X006-L42	data	LYUBERTSY AF
X006-L43	footer	DOCID:32003765 TOP SECRET-RESTRICTED DATA-ATOMIC ENERGY ACT-1954
X007-L01	header	ECLASSIFIED
X007-L02	header	27386.
X007-L03	header	TOP SECRET B-54300
X007-L04	data	MOSCOW/CENTRAL AF
X007-L05	data	MYACHKOVO AF
X007-L06	data	ORLOVO AF
X007-L07	data	SALAREVO AF
X007-L08	data	SHCHELKOVO AF
X007-L09	data	VNUKOVO AF
X007-L10	data	MISHUTKINO M 19
X007-L11	data	5152 MOSKALVO
X007-L12	data	OKHA
X007-L13	data	OKHA AF
X007-L14	data	5155 MOSON MAGYAROVAR HUNG
X007-L15	data	CSORNA
X007-L17	data	5165 MOST CZECH
X007-L18	data	CHOMUTOV
X007-L19	data	LOUNY
X007-L20	data	SVETEC
X007-L21	data	ZATEC
X007-L22	data	ZATEC AF
X007-L23	data	5167 MOZDOK
X007-L24	data	MOZDOK E AF
X007-L25	data	5170 MOZHAYSK
X007-L26	data	5171 MOZYR AF
X007-L27	data	5172 MRAGOWO POL SEE 39205 KORSZE POL
X007-L28	data	5183 MUCHELN E GER SEE 2565 HALLE-MERSEBURG E GER
X007-L29	data	5184 MUCHNAYA SEE 48799 MANZOVKA
X007-L30	data	5185 MUCKENBERG E GER SEE 7345 SCHWARZHEIDE E GER
X007-L31	data	5205 MUEHLHAUSEN E GER
X007-L32	data	DINGELSTADT
X007-L33	data	WORBIS
X007-L34	data	5230 MUKACHEVO
X007-L35	data	MUKACHEVO AF
X007-L36	data	5235 MUKDEN MANCH
X007-L37	data	MUKDEN N. AF
X007-L38	data	MUKDEN S.E. AF
X007-L39	data	MUKDEN S.W. AF
X007-L40	data	MUKDEN W. AF
X007-L41	data	52355 MUKSALMA AF
X007-L42	data	5236 MUNCHENBERNSDORF E GER SEE 2275 GERA E GER
X007-L43	data	52365 MUNPYONG NI N KOREA SEE 9510 WONSAN N KOREA
X007-L44	footer	DOCID:32003765 TOP SECRET-RESTRICTED DATA-ATOMIC ENERGY ACT-1954
X008-L01	header	CLASSIFIED
X008-L02	header	27386.
X008-L03	header	TOP SECRET B-54300
X008-L04	data	HRADEC KRALOVE
X008-L05	data	KRIZANOVICE
X008-L06	data	PRELOUC
X008-L07	data	SEMTIN
X008-L08	data	SLATINANY
X008-L09	data	PARDUBICE AF
X008-L11	data	6056 PASCANI RUM SEE 6858 ROMAN RUM
X008-L12	data	6057 PASEWALK E GER SEE 6510 PRENZLAU E GER
X008-L13	data	6060 PASHIYA
X008-L14	data	6063 PASHKOVSKAYA AF SEE 4040 KRASNODAR
X008-L15	data	6067 PATKA HUNG SEE 8061 SZEKESFEHERVAR HUNG
X008-L16	data	6068 PAVLODAR AF
X008-L17	data	6069 PAVLOGRAD
X008-L18	data	SINELNIKOVO
X008-L19	data	6070 PAVLOVSKIY
X008-L20	data	6080 PECHENGA
X008-L21	data	PECHENGA AF
X008-L22	data	6083 PECHORA
X008-L23	data	6085 PECS HUNG
X008-L24	data	KOMLO
X008-L25	data	6095 PEENEMUNDE E GER
X008-L26	data	WOLGAST
X008-L27	data	PEENEMUNDE AF
X008-L28	data	6105 PEGAU E GER SEE 4465 LEIPZIG E GER
X008-L29	data	6106 PEI AN MANCH
X008-L30	data	6111 PEI LI CHINA
X008-L32	data	6125 PEI PING CHINA
X008-L33	data	FENG TAI
X008-L34	data	LAN TIEN CHANG AF
X008-L35	data	NAN YUAN AF
X008-L36	data	6126 PEISKRETSCHAM POL SEE 2315 GLIWICE-SOSNOWIEC POL
X008-L37	data	61265 PEIZE SEE 3180 KALININGRAD
X008-L38	data	6135 PELHRIMOV CZECH SEE 9139 VLASIM CZECH
X008-L39	footer	DOCID:32003765 TOP SECRET-RESTRICTED DATA-ATOMIC ENERGY ACT-1954
X009-L01	header	ECLASSIFIED
X009-L02	header	Y 27386.
X009-L03	header	TOP SECRET B-54300
X009-L04	data	6445 POSTORNA CZECH
X009-L05	data	BRECLAV
X009-L06	data	HODONIN
X009-L07	data	64455 POST VOLYNSKIY AF SEE 3630 KIYEV
X009-L08	data	6450 POTI
X009-L09	data	MAKHARADZE AF
X009-L10	data	MIKHA TSKHAKAYA AF
X009-L11	data	6455 POTSDAM E GER SEE 0685 BERLIN GER SOVZONE
X009-L12	data	6465 POVAZSKA BYSTRICA CZECH SEE 1805 DUBNICE NAD VAHOM CZECH
X009-L13	data	6470 POVORINO SEE 08905 BORISOGLEBSK
X009-L14	data	6475 POVRLY CZECH SEE 8875 USTI NAD LABEM CZECH
X009-L15	data	6480 POVUNDEN AF SEE 3180 KALININGRAD
X009-L16	data	6482 POWIDZ POL AF
X009-L17	data	6483 POZDEYEVKA AF
X009-L18	data	6485 POZNAN POL
X009-L19	data	BEDNARY AF
X009-L20	data	KRZESINY AF
X009-L21	data	LAWICA AF
X009-L22	data	6493 PRAGUE CZECH
X009-L23	data	BEROUN
X009-L24	data	KLADNO
X009-L25	data	KRALUPY NAD VLTAVOU
X009-L26	data	KRALUV DVUR
X009-L27	data	NERATOVICE
X009-L28	data	PSARY
X009-L29	data	RADOTIN
X009-L30	data	ROZTOKY
X009-L31	data	SLANY
X009-L32	data	STECHOVICE
X009-L33	data	VELVARY
X009-L34	data	KBELY AF
X009-L35	data	RUZYNE AF
X009-L36	data	VODOCHODY AF
X009-L37	data	6500 PRAVDINSK
X009-L39	data	6503 PRELOUC CZECH SEE 6045 PARDUBICE CZECH
X009-L40	data	6510 PRENZLAU E GER
X009-L41	data	PASEWALK
X009-L42	data	6515 PREROV CZECH SEE 5745 OLOMOUC CZECH
X009-L43	blank	
X009-L45	footer	DOCID:32003765 TOP SECRET-RESTRICTED DATA
X010-L01	header	ECLASSIFIED
X010-L02	header	27386.
X010-L03	header	TOP SECRET ?-54300
X010-L04	data	7430 SEVASTOPOL
X010-L05	data	BALAKLAVA
X010-L06	data	BELBEK AF
X010-L07	data	KACHA AF
X010-L08	data	KHERSONES AF
X010-L09	data	PESCHANOYE AF
X010-L10	data	SEVASTOPOL AF
X010-L11	data	SHULI AF
X010-L12	data	7435 SEVERNYY KORYAKI AF SEE 6210 PETROPAVLOVSK KAMSHATSKIY
X010-L13	data	7440 SEVERO KURILSK
X010-L14	data	KATAOKA AF
X010-L15	data	MIYOSHINO AF
X010-L16	data	7445 SEVERSKAYA
X010-L17	data	7457 SEYMCHAN AF
X010-L18	data	7458 SFANTUL GHEORGE RUM
X010-L19	data	7459 SHABSKIY
X010-L20	data	SHABSKIY AF
X010-L21	data	URSATYEVSKAYA AF
X010-L22	data	74595 SHADRINSK
X010-L23	data	7460 SHAKHTY
X010-L24	data	KRASNYY SULIN
X010-L25	data	7461 SHAKHUNYA
X010-L26	data	7475 SHANG HAI CHINA
X010-L27	data	CHIANG WAN AF
X010-L28	data	HUNG CHIAO AF
X010-L29	data	LUNG HUA AF
X010-L30	data	TA CHANG AF
X010-L31	data	7476 SHANG JAO CHINA
X010-L32	data	7477 SHARYA
X010-L33	data	7478 SHA SHIH CHINA
X010-L34	data	7480 SHATURA
X010-L35	data	ROSHAL
X010-L36	data	7486 SHCHEKINO SEE 8620 TULA
X010-L37	data	7490 SHCHELKOVO SEE 5150 MOSCOW
X010-L38	data	74905 SHCHELKOVO AF SEE 5150 MOSCOW
X010-L39	data	7500 SHCHERBAKOV
X010-L40	data	SHCHERBAKOV AF
X010-L42	footer	DOCID:32003765 TOP SECRET-RESTRICTED DATA ATOMIC ENERGY ACT 1954
X011-L01	header	TOP SECRET ?-54300
X011-L02	data	8772 UGOLNYY
X011-L03	data	MYS BARYKOVA
X011-L04	data	UGOLNYY AF
X011-L05	data	8775 UHERSKE HRADISTE CZECH SEE 5925 OTROKOVICE CZECH
X011-L06	data	8776 UHERSKY BROD CZECH SEE 5925 OTROKOVICE CZECH
X011-L07	data	8778 UIJU N KOREA AF SEE 02495 ANTUNG MANCH
X011-L08	data	8780 UKHTA
X011-L09	data	IZHMA
X011-L10	data	87805 UKHTA AF
X011-L11	data	8785 UKRAINA AF SEE 7415 SERYSHEVO
X011-L12	data	8788 ULAAN BAATAR CHINA
X011-L13	data	8790 ULAN UDE
X011-L14	data	ULAN UDE AF
X011-L15	data	ULAN UDE E AF
X011-L16	data	8800 ULBA SEE 4500 LENINOGORSK
X011-L17	data	8805 ULEMISTE AF SEE 8220 TALLIN
X011-L18	data	8807 ULEZ POL AF SEE 1590 DEBLIN
X011-L19	data	8810 ULYANOVSK
X011-L20	data	ULYANOVSK AF
X011-L21	data	8812 UMAN AF SEE 34735 KHRISTINOVKA
X011-L22	data	88124 UNASHI SEE 7942 SUCHAN
X011-L23	data	88125 UNASHI AF SEE 7942 SUCHAN
X011-L24	data	88127 UNECHA
X011-L25	data	88128 UNGENY SEE 2885 IASI RUM
X011-L26	data	88129 UNGGI N KOREA SEE 5357 NAJIN N KOREA
X011-L27	data	8815 UNICOV CZECH SEE 5745 OLOMOUC CZECH
X011-L28	data	8817 UNTERWELLENBORN E GER SEE 7155 SAALFELD E GER
X011-L29	data	88175 URA GUBA AF SEE 5961 OZERO KULPYAVR
X011-L30	data	8818 URALNEFT
X011-L31	data	8820 URALSK
X011-L32	data	URALSK AF
X011-L34	footer	DOCID:32003765 TOP SECRET-RESTRICTED DATA ATOMIC ENERGY ACT 1954
X012-L01	header	ECLASSIFIED
X012-L02	header	NW27386
X012-L03	header	TOP SECRET ?-54300
X012-L04	data	VARPALOTA
X012-L05	data	VESZPREM AF
X012-L06	data	9076 VEYMARN
X012-L09	data	90798 VIETZOW POL AF SEE 3927 KOSLIN POL
X012-L10	data	9080 VILNYUS
X012-L11	data	NOVO VILNYA
X012-L12	data	NOVAYA VILEYKA AF
X012-L13	data	VILNYUS AF
X012-L14	data	VILNYUS E. AF
X012-L15	data	VILNYUS S.W. AF
X012-L16	data	9085 VIMPERK CZECH SEE 7905 STRAKONICE CZECH
X012-L17	data	9088 VINH N VIETNAM
X012-L18	data	9090 VINNITSA
X012-L19	data	VINNITSA AF
X012-L20	data	9095 VIR CZECH
X012-L21	data	9100 VITEBSK
X012-L22	data	VITEBSK AF
X012-L23	data	9110 VLADIMIR
X012-L24	data	DOBRYNSKOYE AF
X012-L25	data	KUZMINA AF
X012-L26	data	9120 VLADIMIR BAY SEE 5730 OLGA BAY
X012-L27	data	9125 VLADIMIROVKA AF
X012-L28	data	9127 VLADIMIR VOLYNSKIY
X012-L29	data	VLADIMIR VOLYNSKIY N E AF
X012-L30	data	9130 VLADIVOSTOK
X012-L31	data	OKEANSKAYA
X012-L32	data	OSTROV RUSSKI
X012-L33	data	VLADIVOSTOK AF
X012-L34	data	VTORAYA RECHKA AF
X012-L35	data	9135 VLAHITA RUM
X012-L36	data	CICEU
X012-L37	data	9139 VLASIM CZECH
X012-L38	data	DOMASIN
X012-L39	data	PELHRIMOV
X012-L41	footer	DOCID:32003765 TOP SECRET-RESTRICTED DATA ATOMIC ENERGY ACT 1954
X013-L01	header	ECLASSIFIED
X013-L02	header	Y27386.
X013-L03	header	TOP SECRET B-54300
X013-L04	data	9290 VSETIN CZECH
X013-L05	data	HALENKOV
X013-L06	data	ROZNOV
X013-L07	data	9291 VTORAYA RECHKA AF SEE 9130 VLADIVOSTOK
X013-L09	data	9297 VVEDENKA AF SEE 2922 IMAN
X013-L10	data	9300 VYARTSILYA
X013-L11	data	9310 VYAZMA
X013-L12	data	VYAZMA AF
X013-L14	data	9320 VYBORG
X013-L16	data	URAS
X013-L17	data	REMPETI AF
X013-L18	data	VYBORG E AF
X013-L19	data	9330 VYKSA
X013-L20	data	9332 VYSHNI VOLOCHEK
X013-L21	data	93325 VYSKOV CZECH
X013-L22	data	DEDICE
X013-L24	data	9340 VYTEGRA
X013-L25	data	VYTEGRA AF
X013-L26	data	9365 WALDENBURG POL
X013-L27	data	LANGENBIELAU
X013-L28	data	LUDWIGSDORF
X013-L29	data	REICHENBACH
X013-L30	data	SAARAU
X013-L31	data	SCHWEIDNITZ
X013-L32	data	SCHWEIDNITZ E. AF
X013-L33	data	9367 WAN HSIEN CHINA
X013-L34	data	9370 WAREN E GER
X013-L35	data	9375 WARKA POL
X013-L36	data	9381 WARNEMUNDE E GER. SEE 6905 ROSTOCK E GER
X013-L37	data	9385 WARSAW POL
X013-L38	data	OZAROW
X013-L39	data	PIASTOW
X013-L40	data	PRUSZKOW
X013-L42	blank	
X013-L43	footer	DOCID:32003765 TOP SECRET-RESTRICTED DATA ATOMIC ENERGY ACT 1954
X014-L01	header	LASSIFIED
X014-L02	header	7386.
X014-L03	header	TOP SECRET B-54300
X014-L04	data	MODLIN AF
X014-L05	data	OKECIE AF
X014-L06	data	9395 WEBAU E GER SEE 2565 HALLE-MERSEBURG E GER
X014-L07	data	9400 WEI HAI WEI CHINA
X014-L08	data	9403 WEI HSIEN CHINA AF
X014-L10	data	9411 WEISSENFELS E GER SEE 2565 HALLE-MERSEBURG E GER
X014-L11	data	9420 WEISSWASSER E GER SEE 2745 HOYERSWERDA E GER
X014-L12	data	9425 WELNOWIEC POL SEE 2315 GLIWICE-SOSNOWIEC POL
X014-L13	data	9431 WELZOW E GER AF SEE 7345 SCHWARZHEIDE E GER
X014-L14	data	9435 WERDAU E GER SEE 9965 ZWICKAU E GER
X014-L15	data	9437 WERDER E GER SEE 0915 BRANDENBERG E GER
X014-L16	data	9439 WERNEUCHEN E GER AF SEE 1935 EBERSWALDE E GER
X014-L17	data	9445 WESTEREGELN E GER SEE 0695 BERNBURG E GER
X014-L18	data	94495 WHITE CLOUD CHINA AF SEE 1153 CANTON CHINA
X014-L19	data	94735 WILMERSDORF E GER SEE 2211 FURSTENWALDE E GER
X014-L20	data	9475 WISMAR E GER
X014-L22	data	WUSTROW
X014-L23	data	9480 WITTENBERGE E GER
X014-L24	data	PERLEBERG
X014-L25	data	9481 WITTENBERG E GER SEE 1615 DESSAU E GER
X014-L26	data	9483 WITTSTOCK E GER
X014-L27	data	RECHLIN/LARZ AF
X014-L28	data	WITTSTOCK AF
X014-L29	data	9484 WLADYSLAWOWO POL SEE 6572 PUCK POL
X014-L30	data	9485 WLOCLAWEK POL
X014-L31	data	9495 WOLFEN E GER SEE 1615 DESSAU E GER
X014-L32	data	9505 WOLGAST E GER SEE 6095 PEENEMUNDE E GER
X014-L33	data	9510 WONSAN N KOREA
X014-L34	data	MUNPYONG NI
X014-L35	data	WONSAN AF
X014-L37	footer	DOCID:32003765 TOP SECRET-RESTRICTED DATA ATOMIC ENERGY ACT 1954
