name,pop_1958,change_1954_1958,table,note
Bratislava,252040,9077,3,
Banská Bystrica,19738,1734,7,
Banská Štiavnica,10498,45,7,
Handlová,12039,404,7,
Hlohovec,11296,618,7,
Martin,24514,1690,7,
Michalovce,15498,1097,7,
Nitra,30293,2630,7,the text layer reads 2 030; the page shows 2 630 (1 405 natural + 1 225 migration)
Nové Mesto nad Váhom,13232,822,7,printed "Nové Mesto n. V."
Pezinok,11381,909,7,
Piešťany,19650,864,7,
Poprad,14233,1198,7,
Prešov,32600,2763,7,
Ružomberok,22965,722,7,
Spišská Nová Ves,18670,1367,7,printed "Sp. N. Ves"
Trenčín,24109,1808,7,
Trnava,32647,1796,7,the text layer reads 1 706; the page shows 1 796 (1 315 + 481)
Zvolen,20441,1172,7,
Žilina,32162,2491,7,
Kolárovo,12662,420,8,
Komárno,28709,1548,8,
Košice,81047,3438,8,
Levice,16013,422,8,
Lučenec,15495,724,8,
Nové Zámky,23772,995,8,printed "N. Zámky"
