site,category,country_1956,town,lat,lon,from_year,until_year,note,source,in_june_1956,decision
Moscow Military District HQ,military_district_hq,USSR,Moscow,55.7422,37.6414,1918,,HQ Moscow since 1918 (postwar HQ re-formed 9.7.45).,https://www.ww2.dk/new/army/gkv/mvo.htm,yes,
Leningrad Military District HQ,military_district_hq,USSR,Saint Petersburg,59.9375,30.315,1945,,Postwar HQ activated 9.7.45 in Leningrad.,https://www.ww2.dk/new/army/gkv/lvo.htm,yes,
Baltic Military District HQ,military_district_hq,USSR,Riga,56.9564,24.1144,1945,,Activated 9.7.45 in Riga.,https://www.ww2.dk/new/army/gkv/pribvo.htm,yes,
Belorussian Military District HQ,military_district_hq,USSR,Minsk,53.9103,27.5664,1947,,District formed 4.2.46 at Bobruisk; HQ in Minsk from 1.47.,https://www.ww2.dk/new/army/gkv/bvo.htm,yes,
Carpathian Military District HQ,military_district_hq,USSR,Lviv,49.8506,24.0167,1946,,HQ Lvov from 5.3.46 (earlier Chernovtsy).,https://www.ww2.dk/new/army/gkv/prikvo.htm,yes,
Kiev Military District HQ,military_district_hq,USSR,Kyiv,50.4431,30.4783,1944,,HQ Kiev from 1.44.,https://www.ww2.dk/new/army/gkv/kvo.htm,yes,
Odessa Military District HQ,military_district_hq,USSR,Odesa,46.4647,30.7472,1944,,HQ Odessa from 10.44; absorbed Tauride MD in 1956.,https://www.ww2.dk/new/army/gkv/odvo.htm,yes,
North Caucasus Military District HQ,military_district_hq,USSR,Rostov-on-Don,47.2236,39.7047,1953,,HQ Rostov-na-Donu 1946-49 and again from 1953 (Krasnodar 1949-53).,https://www.ww2.dk/new/army/gkv/skvo.htm,yes,
Transcaucasus Military District HQ,military_district_hq,USSR,Tbilisi,41.7186,44.7442,1946,,Activated 3.5.46 in Tbilisi.,https://www.ww2.dk/new/army/gkv/zakvo.htm,yes,
Turkestan Military District HQ,military_district_hq,USSR,Tashkent,41.3331,69.335,1945,,Activated 9.7.45 in Tashkent; covered all Central Asia in 1956.,https://www.ww2.dk/new/army/gkv/turkvo.htm,yes,
Volga Military District HQ,military_district_hq,USSR,Samara,53.1958,50.0975,1918,,HQ Kuybyshev (Samara).,https://www.ww2.dk/new/army/gkv/privo.htm,yes,
Ural Military District HQ,military_district_hq,USSR,Yekaterinburg,56.8417,60.6242,1935,,HQ Sverdlovsk (Yekaterinburg) since 1935.,https://www.ww2.dk/new/army/gkv/urvo.htm,yes,
South Ural Military District HQ,military_district_hq,USSR,Orenburg,51.7671,55.0988,1941,1958.0,"HQ Chkalov (Orenburg from 1957); district disbanded 15.1.58, i.e. after June 1956.",https://www.ww2.dk/new/army/gkv/yuuvo.htm; coords: GeoNames 515003,yes,
Siberian Military District HQ,military_district_hq,USSR,Novosibirsk,55.0389,82.9169,1945,,West Siberian MD (HQ Novosibirsk 9.7.45) renamed Siberian MD 4.1.56.,https://www.ww2.dk/new/army/gkv/sibvo.htm,yes,
Transbaikal Military District HQ,military_district_hq,USSR,Chita,52.0322,113.4994,1947,,HQ Chita from 7.47.,https://www.ww2.dk/new/army/gkv/zabvo.htm,yes,
Far Eastern Military District HQ,military_district_hq,USSR,Khabarovsk,48.4836,135.0586,1953,,Re-activated 23.4.53 in Khabarovsk (absorbed Primorsky MD).,https://www.ww2.dk/new/army/gkv/dvo.htm,yes,
Northern Military District HQ,military_district_hq,USSR,Petrozavodsk,61.7849,34.3469,1946,1960.0,Ex-Belomorsk MD renamed Northern MD 1.7.51; HQ Petrozavodsk 1.46-3.60; took over Arkhangelsk area 4.56; disbanded 18.3.60.,https://www.ww2.dk/new/army/gkv/belvo.htm; coords: GeoNames 509820,yes,
Voronezh Military District HQ,military_district_hq,USSR,Voronezh,51.6683,39.192,1949,1960.0,Re-activated 6.49; disbanded 7.6.60 (after June 1956).,https://www.ww2.dk/new/army/gkv/vorvo.htm; coords: GeoNames 472045,yes,
Belomorsk (ex-Arkhangelsk) Military District HQ,military_district_hq,USSR,Arkhangelsk,64.5461,40.5518,1946,1956.0,UNCERTAIN: ru-Wikipedia dates disbandment 4.4.56 (territory to Northern MD 4.56); Holm has HQ until 6.56 when it became HQ 44th Army Corps. Probably no longer an MD HQ in June 1956.,https://ru.wikipedia.org/wiki/Беломорский_военный_округ; https://www.ww2.dk/new/army/gkv/arkhvo.htm; coords: GeoNames 581049,no,disbanded in April 1956 (ru-Wikipedia; Holm: June 1956)
Tauride Military District HQ,military_district_hq,USSR,Simferopol,44.9572,34.1108,1945,1956.0,"UNCERTAIN: disbanded by directive of 19.4.56 (ru-Wikipedia, citing Feskov et al. 2013), liquidation completed by 1.7.56; Holm gives 4.4.56. HQ became HQ 45th Rifle Corps.",https://ru.wikipedia.org/wiki/Таврический_военный_округ; https://www.ww2.dk/new/army/gkv/tavvo.htm; coords: GeoNames 693805,no,"disbandment ordered 19 April 1956, completed by 1 July 1956"
Group of Soviet Forces in Germany HQ,military_district_hq,East Germany,Wünsdorf (Zossen),52.1647,13.4806,1946,,"HQ moved from Potsdam to Wünsdorf in 1946 (ru-Wikipedia; Holm says 1947, some local sources 1953).",https://www.ww2.dk/new/army/gkv/gsfg.htm; https://ru.wikipedia.org/wiki/Группа_советских_войск_в_Германии,yes,
Northern Group of Forces HQ,military_district_hq,Poland,Legnica,51.1964,16.1514,1945,,Activated 10.6.45 in Legnica.,https://www.ww2.dk/new/army/gkv/sgv.htm,yes,
Special Corps (Osobyi korpus) HQ,military_district_hq,Hungary,Székesfehérvár,47.1899,18.4103,1955,1956.0,Formed Sept 1955 from Soviet troops left in Hungary after the Central Group of Forces was disbanded (Austria evacuated 1955); became Southern Group of Forces (HQ Budapest) 24.11.56.,https://ru.wikipedia.org/wiki/Южная_группа_войск; coords: GeoNames 3044774,yes,
Special Mechanized Army HQ (Soviet troops in Romania),military_district_hq,Romania,Bucharest,44.4322,26.1063,1947,1958.0,Formed 20.12.47 from the Southern Group of Forces; renamed 1st Separate Army 4.6.57; withdrawn to USSR July 1958.,https://en.wikipedia.org/wiki/Special_Mechanized_Army; https://ru.wikipedia.org/wiki/Особая_механизированная_армия; coords: GeoNames 683506,yes,
Polish Warsaw Military District HQ,military_district_hq,Poland,Warsaw,52.2298,21.0118,1945,,One of three Polish districts after the Krakow MD was dissolved in 1954.,https://en.wikipedia.org/wiki/Warsaw_Military_District; https://pl.wikipedia.org/wiki/Krakowski_Okręg_Wojskowy; coords: GeoNames 756135,yes,
Polish Pomeranian Military District HQ,military_district_hq,Poland,Bydgoszcz,53.1235,18.0076,1947,,Formed 1945 at Torun; HQ Bydgoszcz from 1947.,https://pl.wikipedia.org/wiki/Pomorski_Okręg_Wojskowy; coords: GeoNames 3102014,yes,
Polish Silesian Military District HQ,military_district_hq,Poland,Wrocław,51.1029,17.0301,1946,,Formed 1945 at Katowice; HQ moved to Wroclaw March 1946.,https://en.wikipedia.org/wiki/Silesian_Military_District; coords: GeoNames 3081368,yes,
Czechoslovak 1st Military District HQ,military_district_hq,Czechoslovakia,Prague,50.088,14.4208,1950,1958.0,"1. vojenský okruh, 15.9.1950-15.7.1958 (successor 1st Army).",https://www.armedconflicts.com/topic/view/69188 (valka.cz unit database); coords: GeoNames 3067696,yes,
Czechoslovak 2nd Military District HQ,military_district_hq,Czechoslovakia,Trenčín,48.8945,18.0444,1950,,"2. vojenský okruh, 15.9.1950-1.9.1965 (then Eastern Military District); HQ barracks on M. Rázusa St.",https://www.armedconflicts.com/topic/view/69189 (valka.cz unit database); coords: GeoNames 3057140,yes,
East German Military District III HQ,military_district_hq,East Germany,Leipzig,51.3396,12.3713,1956,,NVA southern district formed 1.3.56 (from KVP TV Süd); later 3rd Army field HQ.,https://de.wikipedia.org/wiki/Militärbezirk_III; coords: GeoNames 2879139,yes,
East German Military District V HQ,military_district_hq,East Germany,Neubrandenburg,53.5574,13.2611,1956,,"NVA northern district formed 1.3.56 (from KVP TV Nord, Pasewalk).",https://de.wikipedia.org/wiki/Militärbezirk_V; https://en.wikipedia.org/wiki/Military_District_V_(East_Germany); coords: GeoNames 2866135,yes,
Romanian South Military Region HQ,military_district_hq,Romania,Bucharest,44.4322,26.1063,1947,1960.0,"One of three military regions 1947-1960 (Western-Cluj, Eastern-Bacau, South-Bucharest).",https://en.wikipedia.org/wiki/Romanian_People's_Army; coords: GeoNames 683506,yes,
Romanian Western Military Region HQ,military_district_hq,Romania,Cluj-Napoca,46.7667,23.6,1947,1960.0,One of three military regions 1947-1960.,https://en.wikipedia.org/wiki/Romanian_People's_Army; coords: GeoNames 681290,yes,
Romanian Eastern Military Region HQ,military_district_hq,Romania,Bacău,46.5672,26.9138,1947,1960.0,One of three military regions 1947-1960.,https://en.wikipedia.org/wiki/Romanian_People's_Army; coords: GeoNames 685948,yes,
Bulgarian First Army HQ,military_district_hq,Bulgaria,Sofia,42.6975,23.3241,1950,,Bulgarian armies doubled as army districts in peacetime; First Army active 1950-2015.,https://en.wikipedia.org/wiki/First_Army_(Bulgaria); https://en.wikipedia.org/wiki/Bulgarian_People's_Army; coords: GeoNames 727011,yes,
Bulgarian Second Army HQ,military_district_hq,Bulgaria,Plovdiv,42.1539,24.75,1950,,"Commanders listed continuously 1950-1967 (D. Borachev 12.1954-8.1956); Plovdiv is the traditional seat; 1956 HQ location inferred, not explicitly stated.",https://bg.wikipedia.org/wiki/Втора_българска_армия; coords: GeoNames 728193,yes,
Bulgarian Third Army HQ,military_district_hq,Bulgaria,Sliven,42.6861,26.3256,1951,,HQ moved from Varna to Sliven in 1951.,https://bg.wikipedia.org/wiki/Трета_българска_армия; coords: GeoNames 727079,yes,
PLA Shenyang Military Region HQ,military_district_hq,China,Shenyang,41.7922,123.4328,1955,,Set up 22.3.1955.,https://zh.wikipedia.org/wiki/中国人民解放军大军区; coords: GeoNames 2034937,yes,
PLA Beijing Military Region HQ,military_district_hq,China,Beijing,39.9075,116.3972,1955,,Formed 14.4.1955 from North China MR.,https://zh.wikipedia.org/wiki/中国人民解放军大军区; coords: GeoNames 1816670,yes,
PLA Jinan Military Region HQ,military_district_hq,China,Jinan,36.6683,116.9972,1955,,Formed 1.5.1955.,https://zh.wikipedia.org/wiki/中国人民解放军大军区; coords: GeoNames 1805753,yes,
PLA Nanjing Military Region HQ,military_district_hq,China,Nanjing,32.0617,118.7778,1955,,Formed 1.4.1955.,https://zh.wikipedia.org/wiki/中国人民解放军大军区; coords: GeoNames 1799962,yes,
PLA Fuzhou Military Region HQ,military_district_hq,China,Fuzhou,26.0614,119.3061,1956,,"UNCERTAIN: zh-Wikipedia gives both April 1956 and 1.7.1956 for its formation from the Fujian MR, so it may postdate June 1956.",https://zh.wikipedia.org/wiki/中国人民解放军大军区; https://zh.wikipedia.org/wiki/福州军区; coords: GeoNames 1810821,no,formed April or July 1956 (sources disagree)
PLA Guangzhou Military Region HQ,military_district_hq,China,Guangzhou,23.1167,113.25,1955,,Formed 15.4.1955.,https://zh.wikipedia.org/wiki/中国人民解放军大军区; coords: GeoNames 1809858,yes,
PLA Wuhan Military Region HQ,military_district_hq,China,Wuhan,30.5833,114.2667,1955,,Set up 7.3.1955.,https://zh.wikipedia.org/wiki/中国人民解放军大军区; coords: GeoNames 1791247,yes,
PLA Chengdu Military Region HQ,military_district_hq,China,Chengdu,30.6667,104.0667,1955,,Set up 14.4.1955.,https://zh.wikipedia.org/wiki/中国人民解放军大军区; coords: GeoNames 1815286,yes,
PLA Kunming Military Region HQ,military_district_hq,China,Kunming,25.0389,102.7183,1955,,Formed 1.4.1955.,https://zh.wikipedia.org/wiki/中国人民解放军大军区; coords: GeoNames 1804651,yes,
PLA Lanzhou Military Region HQ,military_district_hq,China,Lanzhou,36.057,103.8399,1955,,Formed 1.5.1955.,https://zh.wikipedia.org/wiki/中国人民解放军大军区; coords: GeoNames 1804430,yes,
PLA Xinjiang Military Region HQ,military_district_hq,China,Ürümqi,43.801,87.6005,1955,,Formed 1.5.1955 (major MR).,https://zh.wikipedia.org/wiki/中国人民解放军大军区; coords: GeoNames 1529102,yes,
PLA Tibet Military Region HQ,military_district_hq,China,Lhasa,29.65,91.1,1955,,Formed 1.5.1955 as a major MR (downgraded 1968).,https://zh.wikipedia.org/wiki/中国人民解放军大军区; coords: GeoNames 1280737,yes,
PLA Inner Mongolia Military Region HQ,military_district_hq,China,Hohhot,40.8106,111.6522,1955,,Formed 20.4.1955 as a major MR (downgraded 1967).,https://zh.wikipedia.org/wiki/中国人民解放军大军区; https://zh.wikipedia.org/wiki/内蒙古军区; coords: GeoNames 2036892,yes,
Northern Fleet HQ,fleet_hq,USSR,Severomorsk,69.0806,33.4431,1947,,Fleet HQ and command moved from Polyarny to Vayenga (Severomorsk from 18.4.51) on 1.9.1947.,https://en.wikipedia.org/wiki/Severomorsk; https://ru.wikipedia.org/wiki/Североморск; coords: https://www.ww2.dk/new/navy/SF.htm,yes,
Baltic Fleet HQ (reunified),fleet_hq,USSR,Kaliningrad,54.7208,20.495,1956,,"UNCERTAIN LOCATION: 4th Fleet (HQ Baltiysk) and 8th Fleet (1946-55) reunited as Baltic Fleet in Dec 1955/27.1.1956; Holm gives the fleet HQ at Kaliningrad from 1956, but ru-Wikipedia (Baltic naval base article) says the fleet HQ was at Baltiysk 1946-1958.",https://www.ww2.dk/new/navy/BF.htm; https://en.wikipedia.org/wiki/Baltic_Fleet; https://ru.wikipedia.org/wiki/Балтийская_военно-морская_база,yes,
Black Sea Fleet HQ,fleet_hq,USSR,Sevastopol,44.6128,33.5239,1946,,Fleet HQ Sevastopol (Holm: 1946-today; historic base since 1783).,https://www.ww2.dk/new/navy/CHF.htm,yes,
Pacific Fleet HQ,fleet_hq,USSR,Vladivostok,43.1139,131.8897,1935,,"Fleet split into 5th (Vladivostok) and 7th Fleets 1947-53, reunified April 1953 with HQ Vladivostok.",https://www.ww2.dk/new/navy/TOF.htm,yes,
Caspian Flotilla HQ,fleet_hq,USSR,Baku,40.3777,49.892,1931,,Flotilla HQ/main base in Baku from 1867 until 1991/92.,https://en.wikipedia.org/wiki/Caspian_Flotilla; https://ru.wikipedia.org/wiki/Каспийская_флотилия; coords: GeoNames 587084,yes,
Danube Flotilla HQ,fleet_hq,USSR,Izmail,45.3506,28.8375,1944,1960.0,Second formation 13.4.1944; based at Izmail; disbanded 1960.,https://ru.wikipedia.org/wiki/Дунайская_военная_флотилия; coords: GeoNames 707308,yes,
Kamchatka Flotilla HQ,fleet_hq,USSR,Petropavlovsk-Kamchatsky,53.0639,158.6275,1945,,Kamchatka Military Flotilla formed 1.12.1945 (Pacific Fleet); commander 1954-59 G. I. Shchedrin.,https://ru.wikipedia.org/wiki/Камчатская_военная_флотилия; coords: GeoNames 2122104,yes,
Belomorsk (White Sea) Flotilla HQ,fleet_hq,USSR,Severodvinsk,64.5582,39.8297,1948,1957.0,"Northern Fleet flotilla at Molotovsk (Severodvinsk from 1957), re-created 1948, became Belomorsk Naval Base Jan 1957.",https://ru.wikipedia.org/wiki/Беломорская_военно-морская_база; coords: GeoNames 496285,yes,
PLA Navy East Sea Fleet HQ,fleet_hq,China,Shanghai,31.2222,121.4581,1950,,"UNCERTAIN LOCATION: East China MR Navy (ECN) renamed East Sea Fleet in 1955; its HQ reportedly moved Nanjing->Shanghai in Aug 1950 (Chinese press, not independently verified) and later to Ningbo (date not found).",https://en.wikipedia.org/wiki/East_Sea_Fleet; coords: GeoNames 1796236,yes,
PLA Navy South Sea Fleet HQ,fleet_hq,China,Guangzhou,23.1167,113.25,1950,,"UNCERTAIN LOCATION: Central-South MR Navy HQ set up in Guangzhou Dec 1950, named South Sea Fleet Oct 1955; HQ later moved to Zhanjiang (date not found).",https://en.wikipedia.org/wiki/South_Sea_Fleet; coords: GeoNames 1809858,yes,
Polish Navy HQ,fleet_hq,Poland,Gdynia,54.5189,18.5319,1945,,Navy re-established 7.7.1945 with HQ in Gdynia.,https://en.wikipedia.org/wiki/Polish_Navy; coords: GeoNames 3099424,yes,
"East German naval forces HQ (Seestreitkräfte, later Volksmarine)",fleet_hq,East Germany,Rostock,54.0887,12.1405,1956,,VP-See became the Verwaltung Seestreitkräfte der NVA on 1.3.1956; HQ Rostock(-Gehlsdorf) (Volksmarine name from 1960).,https://en.wikipedia.org/wiki/Volksmarine; https://de.wikipedia.org/wiki/Volksmarine; coords: GeoNames 2844588,yes,
Bulgarian Navy HQ,fleet_hq,Bulgaria,Varna,43.2191,27.9102,1944,,Naval fleet staff at Varna; 1956 HQ location inferred from long-standing seat.,https://en.wikipedia.org/wiki/Bulgarian_Navy; coords: GeoNames 726050,yes,
Severomorsk main naval base,naval_base,USSR,Severomorsk,69.0694,33.4081,1947,,Main base of the Northern Fleet from 1947.,https://en.wikipedia.org/wiki/Severomorsk; coords: GeoNames 496278,yes,
Polyarny naval base,naval_base,USSR,Polyarny,69.2028,33.437,1935,,Northern Fleet main operating base from 1934-35 (fleet HQ until 1947); submarine base; Shipyard No. 10.,"https://ru.wikipedia.org/wiki/Полярный; https://en.wikipedia.org/wiki/Polyarny,_Murmansk_Oblast; coords: GeoNames 506763",yes,
Kronstadt (Leningrad Naval Base),naval_base,USSR,Kronstadt,59.992,29.7762,1945,,"Kronstadt naval base/port (Leningrad Naval Base, directly under the Navy C-in-C in Soviet times). UNCERTAIN ORGANISATION: the base was repeatedly abolished and re-formed and its commander list has a gap Jan 1956-Jan 1961.",https://ru.wikipedia.org/wiki/Ленинградская_военно-морская_база; coords: GeoNames 540771,yes,
Tallinn naval base,naval_base,USSR,Tallinn,59.437,24.7535,1944,,UNCERTAIN DETAIL: Baltic Fleet base (8th Fleet area 1946-55); Holm lists a Tallinn Naval Base in the later fleet organisation; 1956 units not verified.,https://www.ww2.dk/new/navy/BF.htm; coords: GeoNames 588409,yes,
Paldiski naval base,naval_base,USSR,Paldiski,59.3567,24.0531,1944,,"UNCERTAIN DETAIL: Soviet base from 1939/1944; submarine base (""Podplav"", 157th sep. submarine brigade); nuclear training centre only from 1962. Exact 1956 units not verified.",https://ru.wikipedia.org/wiki/Палдиски; coords: GeoNames 589663,yes,
Liepaja naval base (Karosta),naval_base,USSR,Liepāja,56.5047,21.0109,1945,,Liepaja naval base 1945-1994; 27th submarine division formed there March 1951 (to Jan 1958).,https://ru.wikipedia.org/wiki/Лиепайская_военно-морская_база; coords: GeoNames 457954,yes,
Baltiysk main naval base,naval_base,USSR,Baltiysk,54.6546,19.9093,1945,,Ex-Pillau; main base of the 4th Fleet 1946-55; 1st-rank naval base Baltiysk formed 1.3.1956.,https://ru.wikipedia.org/wiki/Балтийская_военно-морская_база; coords: GeoNames 2609906,yes,
Swinoujscie Soviet naval base,naval_base,Poland,Świnoujście,53.9105,14.2471,1945,,Soviet naval base in Poland from 1945; last combat unit (24th torpedo-boat brigade) left 28.10.1992.,"https://ipn.gov.pl/pl/historia-z-ipn/120896,28-lat-temu-wycofala-sie-z-Polski-ostatnia-rosyjska-jednostka-bojowa-Swinoujscie.pdf; coords: GeoNames 3083955",yes,
Sevastopol main naval base,naval_base,USSR,Sevastopol,44.608,33.5213,1944,,Main base of the Black Sea Fleet.,https://ru.wikipedia.org/wiki/Севастопольская_военно-морская_база; coords: GeoNames 694423,yes,
Balaklava submarine base (Object 825 GTS),naval_base,USSR,Balaklava,44.5112,33.5994,1953,,UNCERTAIN: underground submarine shelter built 1953-1961 (under construction in 1956); whether submarines were already based in the bay in June 1956 not verified.,https://ru.wikipedia.org/wiki/Объект_825_ГТС; coords: GeoNames 712930,no,under construction; submarines there by June 1956 not verified
Poti naval base,naval_base,USSR,Poti,42.1427,41.6738,1947,,Re-formed as Poti Naval Base 24.6.1947 (commanders 1955-58 E. N. Zhukov); reorganised 1976.,https://ru.wikipedia.org/wiki/Потийская_военно-морская_база; coords: GeoNames 612366,yes,
Odessa naval base,naval_base,USSR,Odesa,46.4857,30.7438,1943,1960.0,Re-formed 29.11.1943; disbanded 1960.,https://ru.wikipedia.org/wiki/Одесская_военно-морская_база; coords: GeoNames 698740,yes,
Vladivostok main naval base,naval_base,USSR,Vladivostok,43.1056,131.8735,1932,,Main base of the Pacific Fleet.,https://www.ww2.dk/new/navy/TOF.htm; coords: GeoNames 2013348,yes,
Sovetskaya Gavan naval base,naval_base,USSR,Sovetskaya Gavan,48.9721,140.2888,1940,,Naval base since 1940 (Northern Pacific Flotilla); later Sovetskaya Gavan VMB of the Pacific Fleet. 1956 units not verified.,https://ru.wikipedia.org/wiki/Советская_Гавань; https://www.ww2.dk/new/navy/TOF.htm; coords: GeoNames 2121052,yes,
Petropavlovsk-Kamchatsky naval base,naval_base,USSR,Petropavlovsk-Kamchatsky,53.0639,158.6275,1945,,Main base of the Kamchatka Military Flotilla (formed 1.12.1945); the separate Rybachy (Vilyuchinsk) submarine base across Avacha Bay is not listed separately.,https://ru.wikipedia.org/wiki/Камчатская_военная_флотилия; coords: GeoNames 2122104,yes,
Nakhodka naval base,naval_base,USSR,Nakhodka,42.8436,132.9183,1934,,Pacific Fleet naval base 1934-1962.,https://ru.wikipedia.org/wiki/Находкинская_военно-морская_база; coords: GeoNames 2019528,yes,
Amur River Naval Base (ex-Amur Flotilla),naval_base,USSR,Khabarovsk,48.462,135.0971,1955,,Amur Military Flotilla reorganised in 1955 into the Amur River Naval Base of the Pacific Fleet (i.e. no longer a flotilla in 1956).,https://en.wikipedia.org/wiki/Amur_Military_Flotilla; coords: GeoNames 2022890,yes,
Gdynia (Oksywie) naval base,naval_base,Poland,Gdynia,54.5189,18.5319,1945,,Main base of the Polish Navy (HQ Gdynia from 1945).,https://en.wikipedia.org/wiki/Polish_Navy; coords: GeoNames 3099424,yes,
Varna naval base,naval_base,Bulgaria,Varna,43.2191,27.9102,1944,,One of the two main Bulgarian naval bases since the 1940s.,https://en.wikipedia.org/wiki/Bulgarian_Navy; coords: GeoNames 726050,yes,
Burgas naval base,naval_base,Bulgaria,Burgas,42.5065,27.4689,1944,,Second main Bulgarian base since the 1940s (moved to Atiya in the 1970s).,https://en.wikipedia.org/wiki/Bulgarian_Navy; coords: GeoNames 732770,yes,
Constanta naval base,naval_base,Romania,Constanța,44.1807,28.6343,1945,,UNCERTAIN DETAIL: main Black Sea port/base of the Romanian Navy (naval school since 1920); 1956 organisation not verified.,https://en.wikipedia.org/wiki/Romanian_Naval_Forces; coords: GeoNames 680963,yes,
Durres naval base,naval_base,Albania,Durrës,41.3235,19.4547,1945,,UNCERTAIN DETAIL: naval shipyard built 1945; present-day Albanian Navy HQ; 1956 role not explicitly dated.,https://en.wikipedia.org/wiki/Albanian_Naval_Force; coords: GeoNames 3185728,yes,
Sazan Island naval base,naval_base,Albania,Vlorë,40.4965,19.2783,1954,,Albanian torpedo-boat unit and facility established 1954. (Soviet submarines at nearby Pasha Liman only from Aug 1958.),https://en.wikipedia.org/wiki/Albanian_Naval_Force; coords: GeoNames 3184206,yes,
Qingdao naval base,naval_base,China,Qingdao,36.0649,120.3804,1950,,Qingdao base redesignated a naval base Sept 1950; nucleus of the North Sea Fleet (formed 1960).,https://en.wikipedia.org/wiki/North_Sea_Fleet; coords: GeoNames 1797929,yes,
Lüshun (Port Arthur) naval base,naval_base,China,Lüshunkou (Dalian),38.8,121.2667,1955,,Soviet naval base 1945-May 1955; handed over to the PLA Navy in 1955.,https://zh.wikipedia.org/wiki/旅顺口区; https://en.wikipedia.org/wiki/Lüshunkou; coords: GeoNames 1801722,yes,
Engels airfield,lra_base,USSR,Engels,51.4814,46.2128,1954,,201st TBAD (formed Dec 1954): 1096th and 1230th TBAP with M-4 (first M-4s arrived 28.2.1955); 43rd Air Army DA.,https://www.ww2.dk/new/air%20force/division/bad/201tbad.htm; https://www.ww2.dk/new/air%20force/regiment/bap/1096tbap.htm; https://en.wikipedia.org/wiki/Engels-2_air_base,yes,
Uzin airfield,lra_base,USSR,Uzyn,49.7939,30.4239,1955,,106th TBAD (formed 1955): 409th TBAP with Tu-95; first Tu-95 landed at Uzin at the end of May 1956; 1006th TBAP formed 1956.,https://www.ww2.dk/new/air%20force/division/bad/106tbad.htm; https://www.ww2.dk/new/air%20force/regiment/bap/409apsz.htm; https://en.wikipedia.org/wiki/Uzyn_(air_base),yes,
Bobruisk airfield,lra_base,USSR,Babruysk,53.1047,29.2047,1950,,"22nd Gv TBAD: 200th Gv TBAP (Tu-16 from 1955), 111th TBAP (Tu-4 1950-56, then Tu-16); 50th Air Army DA.",https://www.ww2.dk/new/air%20force/division/bad/22gvtbad.htm; https://www.ww2.dk/new/air%20force/regiment/bap/111tbap.htm,yes,
Zyabrovka airfield,lra_base,USSR,Gomel,52.3064,31.16,1950,,210th Gv TBAP (22nd Gv TBAD) Tu-16 from 1955 (Tu-4 from 1950); 290th ODRAP with Tu-4R 1953-57.,https://www.ww2.dk/new/air%20force/regiment/bap/210gvtbap.htm; https://www.ww2.dk/new/air%20force/regiment/bap/290odrap.htm,yes,
Baranovichi airfield,lra_base,USSR,Baranavichy,53.0975,26.0472,1951,,"45th TBAD: 203rd Gv TBAP (Tu-16 from 1954), 171st Gv TBAP (Tu-4 to 1956, then Tu-16).",https://www.ww2.dk/new/air%20force/division/bad/45tbad.htm; https://www.ww2.dk/new/air%20force/regiment/bap/171gvtbap.htm,yes,
Machulishchi airfield,lra_base,USSR,Minsk,53.7742,27.5806,1951,,52nd Gv TBAP (45th TBAD) with Tu-16 from 1955 (there 11.51-6.59); 121st Gv ODRAP with Tu-4R 1953-58.,https://www.ww2.dk/new/air%20force/regiment/bap/52gvtbap.htm; https://www.ww2.dk/new/air%20force/regiment/bap/121gvtbap.htm,yes,
Balbasovo airfield,lra_base,USSR,Orsha,54.4392,30.2994,1951,,"160th TBAD: 402nd TBAP (Tu-16 from 1954), 291st TBAP (Tu-4 1951-56, then Tu-16).",https://www.ww2.dk/new/air%20force/division/bad/160tbad.htm; https://www.ww2.dk/new/air%20force/regiment/bap/402tbap.htm; https://www.ww2.dk/new/air%20force/regiment/bap/291tbap.htm,yes,
Bykhov airfield,lra_base,USSR,Bykhaw,53.5181,30.1981,1950,,"NOTE: 57th TBAD (170th and 240th Gv regiments, Tu-4, Tu-16 from 1956) was transferred to the Navy (Baltic Fleet) in 2.55 as 57th Mine-Torpedo Aviation Division, so in June 1956 a naval heavy-bomber base, not DA.",https://www.ww2.dk/new/air%20force/division/bad/57tbad.htm; https://www.ww2.dk/new/air%20force/regiment/bap/170gvtbap.htm,no,its division went to naval aviation in February 1955: not a Long-Range Aviation base in 1956
Shatalovo airfield,lra_base,USSR,Pochinok,54.3381,32.4719,1952,1960.0,"11th Gv TBAD: 37th TBAP and 157th Gv TBAP (Tu-4 1952-56, Tu-16 from 1956); division disbanded 1959.",https://www.ww2.dk/new/air%20force/division/bad/11gvtbad.htm; https://www.ww2.dk/new/air%20force/regiment/bap/157gvtbap.htm; https://www.ww2.dk/new/air%20force/regiment/bap/37tbap.htm,yes,
Seshcha airfield,lra_base,USSR,Dubrovka (Bryansk Oblast),53.7153,33.3461,1951,1960.0,"208th Gv TBAP (Tu-4 1952-60) and 362nd TBAP (Tu-4, Tu-16 from 1956) of 11th Gv TBAD; both disbanded 1960.",https://www.ww2.dk/new/air%20force/regiment/bap/208gvtbap.htm; https://www.ww2.dk/new/air%20force/regiment/bap/362tbap.htm,yes,
Ostrov airfield,lra_base,USSR,Ostrov,57.2975,28.4342,1951,,"116th TBAD: 12th TBAP (Tu-16 from 1953, Tu-16K from 1954) and 685th TBAP (Tu-16K from 6.54).",https://www.ww2.dk/new/air%20force/division/bad/116tbad.htm; https://www.ww2.dk/new/air%20force/regiment/bap/12tbap.htm; https://www.ww2.dk/new/air%20force/regiment/bap/685tbap.htm,yes,
Soltsy airfield,lra_base,USSR,Soltsy,58.1378,30.3297,1951,,"326th TBAD (HQ Soltsy 11.51-12.59): 840th TBAP (Tu-16 from 1955), 345th TBAP (Tu-4).",https://www.ww2.dk/new/air%20force/division/bad/326tbad.htm; https://www.ww2.dk/new/air%20force/regiment/bap/840tbap.htm,yes,
Tartu (Raadi) airfield,lra_base,USSR,Tartu,58.4022,26.7753,1951,,"132nd TBAP (326th TBAD) with Tu-4 1951-57, Tu-16 from 1957. (Holm gives two longitudes for Tartu: 26 46 31E and 26 49 19E.)",https://www.ww2.dk/new/air%20force/regiment/bap/132tbap.htm; https://www.ww2.dk/new/air%20force/regiment/bap/12tbap.htm,yes,
Priluki airfield,lra_base,USSR,Pryluky,50.5756,32.3178,1950,,"139th Gv TBAD: 182nd, 184th and 172nd Gv TBAP with Tu-16 from 1955 (Tu-4 from 1950).",https://www.ww2.dk/new/air%20force/division/bad/139gvtbad.htm; https://www.ww2.dk/new/air%20force/regiment/bap/184gvtbap.htm,yes,
Poltava airfield,lra_base,USSR,Poltava,49.6261,34.4872,1949,,13th Gv TBAD: 185th and 226th Gv TBAP with Tu-16 from 1955 (Tu-4 from 1949).,https://www.ww2.dk/new/air%20force/division/bad/13gvtbad.htm; https://www.ww2.dk/new/air%20force/regiment/bap/185gvtbap.htm,yes,
Mirgorod airfield,lra_base,USSR,Myrhorod,49.9328,33.6417,1949,,202nd Gv TBAP (Tu-16 1955-61); 477th OAP RTR with Tu-16P (1955-60).,https://www.ww2.dk/new/air%20force/regiment/bap/202gvtbap.htm; https://www.ww2.dk/new/air%20force/regiment/bap/477oaprtr.htm,yes,
Kirovograd airfield,lra_base,USSR,Kropyvnytskyi,48.5617,32.3867,1951,1959.0,"14th Gv TBAD: 229th Gv TBAP (Tu-4 1951-56, then Tu-16) and 250th Gv TBAP (Tu-4 1952-57); both disbanded 1959.",https://www.ww2.dk/new/air%20force/division/bad/14gvtbad.htm; https://www.ww2.dk/new/air%20force/regiment/bap/229gvtbap.htm; https://www.ww2.dk/new/air%20force/regiment/bap/250gvtbap.htm,yes,
Borispol airfield,lra_base,USSR,Boryspil,50.3369,30.8936,1951,1959.0,"198th Gv TBAP (14th Gv TBAD) at Borispol 2.51-1959: Tu-4 1950-56, Tu-16 1956-59.",https://www.ww2.dk/new/air%20force/regiment/bap/198gvtbap.htm,yes,
Belaya Tserkov airfield,lra_base,USSR,Bila Tserkva,49.7953,30.0286,1951,,"251st Gv TBAP (15th Gv TBAD): Tu-4 1950-56, Tu-16 from 1956.",https://www.ww2.dk/new/air%20force/regiment/bap/251gvtbap.htm,yes,
Ozernoye airfield,lra_base,USSR,Zhytomyr,50.1622,28.7361,1950,,"15th Gv TBAD: 238th Gv TBAP and 341st TBAP (Tu-4, Tu-16 from 1956).",https://www.ww2.dk/new/air%20force/division/bad/15gvtbad.htm; https://www.ww2.dk/new/air%20force/regiment/bap/341tbap.htm,yes,
Stryy airfield,lra_base,USSR,Stryi,49.2431,23.7917,1951,,204th TBAD: 175th and 260th TBAP with Tu-4.,https://www.ww2.dk/new/air%20force/division/bad/204tbad.htm; https://www.ww2.dk/new/air%20force/regiment/bap/260tbap.htm,yes,
Nezhin airfield,lra_base,USSR,Nizhyn,51.0861,31.8697,1953,,"199th Gv regiment: Tu-4 1953-56 as heavy bomber regiment, renamed long-range reconnaissance regiment in 1956 (Tu-16R from 1956).",https://www.ww2.dk/new/air%20force/regiment/bap/199ogdrap.htm,yes,
Vozdvizhenka airfield,lra_base,USSR,Ussuriysk,43.9083,131.925,1953,,"55th TBAD HQ: 444th TBAP (Tu-4 1951-57, Tu-16 from 10.56).",https://www.ww2.dk/new/air%20force/division/bad/55tbad.htm; https://www.ww2.dk/new/air%20force/regiment/bap/444tbap.htm,yes,
Spassk-Dalny airfield,lra_base,USSR,Spassk-Dalny,44.6108,132.8853,1953,,158th Gv TBAP (55th TBAD) with Tu-4 1953-58; 219th ODRAP (Khvalynka) with Tu-4R 1953-57.,https://www.ww2.dk/new/air%20force/regiment/bap/158gvtbap.htm; https://www.ww2.dk/new/air%20force/regiment/bap/219odrap.htm,yes,
Khorol airfield,lra_base,USSR,Khorol,44.4506,132.1233,1951,,"169th Gv TBAP (55th TBAD) with Tu-4 8.51-1957, Tu-16 from 1957.",https://www.ww2.dk/new/air%20force/regiment/bap/169gvtbap.htm,yes,
Zavitinsk airfield,lra_base,USSR,Zavitinsk,50.1908,129.5036,1951,,"303rd TBAP (55th TBAD) with Tu-4 1951-57, Tu-16 from 1956.",https://www.ww2.dk/new/air%20force/regiment/bap/303tbap.htm,yes,
Belaya airfield,lra_base,USSR,Usolye-Sibirskoye,52.915,103.5703,1956,,"UNCERTAIN TIMING: 53rd TBAD activated 1955 at Belaya; 1229th (act. 1955) and 1225th (act. 1956) TBAP with Tu-4 ""1956-59""; not verified that Tu-4s were present by June 1956.",https://www.ww2.dk/new/air%20force/division/bad/53tbad.htm; https://www.ww2.dk/new/air%20force/regiment/bap/1225tbap.htm; https://www.ww2.dk/new/air%20force/regiment/bap/1229tbap.htm,no,Tu-4s there by June 1956 not verified
"KB-11 (VNIIEF) weapons design centre, Arzamas-16",nuclear_complex,USSR,Sarov,54.948,43.3152,1946,,"Nuclear weapons design bureau KB-11 founded 1946; closed town Arzamas-16 (also Gorkiy-130, Kremlyov).",https://en.wikipedia.org/wiki/Sarov; coords: GeoNames 498525,yes,
"Mayak (Combine 817) plutonium production, Chelyabinsk-40",nuclear_complex,USSR,Ozersk,55.6999,60.7798,1945,,"Production reactor A started June 1948; further reactors AV-1 (1950), AI (1951), OK-190 (Dec 1955). Town founded 1945-47.","https://ru.wikipedia.org/wiki/Маяк_(производственное_объединение); https://en.wikipedia.org/wiki/Ozyorsk,_Chelyabinsk_Oblast",yes,
"Siberian Chemical Combine, Tomsk-7",nuclear_complex,USSR,Seversk,56.6188,84.8636,1949,,"Decision 1949, construction from 1951; isotope separation (enrichment) plant operating from July 1953; first plutonium reactor 1955. Coordinates = isotope separation plant.","Podvig, ""History of Highly Enriched Uranium Production in Russia"", Science & Global Security 19 (2011) 46-67, https://scienceandglobalsecurity.org/archive/sgs19podvig.pdf; https://ru.wikipedia.org/wiki/Сибирский_химический_комбинат",yes,
"Mining and Chemical Combine (plutonium), Krasnoyarsk-26",nuclear_complex,USSR,Zheleznogorsk,56.3545,93.6439,1950,,Underground plutonium combine under construction from 1950; first reactor (AD) started 25.8.1958 (i.e. construction site in 1956).,"https://ru.wikipedia.org/wiki/Горно-химический_комбинат; https://en.wikipedia.org/wiki/Zheleznogorsk,_Krasnoyarsk_Krai",yes,
"Urals Electrochemical Combine (Plant 813), Sverdlovsk-44",nuclear_complex,USSR,Novouralsk,57.2744,60.1071,1946,,"Gaseous diffusion enrichment: D-1 operational Nov 1949; D-3, D-4 (1954), SU-3 (1955), D-5 (1955-57).","Podvig, ""History of Highly Enriched Uranium Production in Russia"", Science & Global Security 19 (2011) 46-67, https://scienceandglobalsecurity.org/archive/sgs19podvig.pdf; https://ru.wikipedia.org/wiki/Уральский_электрохимический_комбинат",yes,
"Electrokhimpribor (Plant 814/418), Sverdlovsk-45",nuclear_complex,USSR,Lesnoy,58.668,59.793,1947,,"Electromagnetic isotope separation (SU-20), founded 19.6.1947, first product Dec 1950; nuclear warhead assembly from 1956.","https://ru.wikipedia.org/wiki/Электрохимприбор; Podvig, ""History of Highly Enriched Uranium Production in Russia"", Science & Global Security 19 (2011) 46-67, https://scienceandglobalsecurity.org/archive/sgs19podvig.pdf",yes,
"NII-1011 (VNIITF) second weapons design centre, Chelyabinsk-70",nuclear_complex,USSR,Snezhinsk,56.0783,60.7478,1955,,"Institute founded 5.4.1955; settlement (Residential settlement No. 2) under construction from 1955, town status 1957.",https://ru.wikipedia.org/wiki/Всероссийский_научно-исследовательский_институт_технической_физики; https://en.wikipedia.org/wiki/Snezhinsk; coords: GeoNames 1536289,yes,
"Instrument Plant No. 933 (warhead production), Zlatoust-36",nuclear_complex,USSR,Trekhgorny,54.8172,58.4475,1952,,"Plant decreed 24.1.1952, construction from 9.4.1952; first serial RDS-4 bombs Aug 1955.",https://ru.wikipedia.org/wiki/Трёхгорный; coords: GeoNames 830844,yes,
"Plant No. 1134 (Start), Penza-19",nuclear_complex,USSR,Zarechny (Penza Oblast),53.2036,45.1923,1954,,"UNDER CONSTRUCTION in 1956: plant and town decreed 20.7.1954, construction from 1954, first output June 1958; closed zone Penza-19 only from 3.3.1962.",https://ru.wikipedia.org/wiki/Заречный_(Пензенская_область); coords: GeoNames 464625,yes,
Angarsk Electrolysis Chemical Combine,nuclear_complex,USSR,Angarsk,52.4655,103.8751,1954,,UNDER CONSTRUCTION in 1956: decided 10.3.1954; first enriched uranium Oct 1957.,"Podvig, ""History of Highly Enriched Uranium Production in Russia"", Science & Global Security 19 (2011) 46-67, https://scienceandglobalsecurity.org/archive/sgs19podvig.pdf; https://ru.wikipedia.org/wiki/Ангарский_электролизный_химический_комбинат",yes,
Machine-Building Plant (Plant No. 12) uranium metal/fuel,nuclear_complex,USSR,Elektrostal,55.7881,38.4878,1945,,Transferred to the atomic project 30.8.1945; production of uranium metal and fuel elements.,https://ru.wikipedia.org/wiki/Машиностроительный_завод_(Электросталь),yes,
Chepetsky Mechanical Plant (Plant No. 544) uranium metal,nuclear_complex,USSR,Glazov,58.15,52.655,1946,,Uranium production organised by decree of 9.12.1946.,https://ru.wikipedia.org/wiki/Чепецкий_механический_завод; https://en.wikipedia.org/wiki/Chepetsky_Mechanical_Plant,yes,
Novosibirsk Chemical Concentrates Plant (Plant No. 250),nuclear_complex,USSR,Novosibirsk,55.09,82.985,1948,,Founded 25.9.1948; fuel for production reactors from 1951.,https://ru.wikipedia.org/wiki/Новосибирский_завод_химконцентратов,yes,
Kirovo-Chepetsk chemical plant (Plant No. 752) uranium fluorides,nuclear_complex,USSR,Kirovo-Chepetsk,58.5509,50.031,1946,,Included in the atomic project in 1946; uranium tetra-/hexafluoride production. Coordinates = town.,https://ru.wikipedia.org/wiki/Кирово-Чепецк; coords: GeoNames 548395,yes,
Combine No. 7 uranium processing,nuclear_complex,USSR,Sillamäe,59.397,27.7633,1946,,"Uranium oxide plant decided 1946; town closed 1947-1991 (Combine No. 7, Narva-10, Leningrad-1).",https://ru.wikipedia.org/wiki/Силламяэ; coords: GeoNames 588686,yes,
Leninabad Mining-Chemical Combine (Combine No. 6),nuclear_complex,USSR,Buston (ex-Chkalovsk),40.2335,69.692,1945,,"First Soviet uranium mining/milling combine (1945), mines incl. Taboshar, Adrasman, Mailuu-Suu.",https://ru.wikipedia.org/wiki/Ленинабадский_горно-химический_комбинат,yes,
Eastern Mining and Processing Plant (VostGOK) uranium,nuclear_complex,USSR,Zhovti Vody,48.3452,33.4974,1951,,"Uranium mine and mill established 1951 (""Mailbox 28"").",https://en.wikipedia.org/wiki/Zhovti_Vody; coords: GeoNames 687196,yes,
Mailuu-Suu uranium mines and mills,nuclear_complex,USSR,Mailuu-Suu,41.2492,72.4559,1946,,Uranium deposit opened 1946; two hydrometallurgical plants; uranium production until 1968.,https://en.wikipedia.org/wiki/Mailuu-Suu; https://ru.wikipedia.org/wiki/Майлуу-Суу; coords: GeoNames 11153720,yes,
Laboratory V (FEI) and APS-1 nuclear power plant,nuclear_complex,USSR,Obninsk,55.0842,36.5697,1946,,Laboratory V founded 1945-46; APS-1 (first grid-connected reactor) from 27.6.1954; also naval reactor training. Coordinates = APS-1.,https://en.wikipedia.org/wiki/Obninsk; coords: GeoNames 11821409,yes,
SDAG Wismut Schlema-Alberoda mines (Aue mining division),nuclear_complex,East Germany,Bad Schlema (Aue),50.6026,12.6729,1946,,Oberschlema mined 1946-1960; Niederschlema-Alberoda (Object 09) from 1949; largest Wismut deposit.,https://en.wikipedia.org/wiki/Wismut_(company); coords: GeoNames 2838671,yes,
SDAG Wismut Johanngeorgenstadt mines (Object 01),nuclear_complex,East Germany,Johanngeorgenstadt,50.4325,12.7114,1946,1958.0,"Uranium mining 1946-1958 (~3,500 t U).",https://en.wikipedia.org/wiki/Wismut_(company); coords: GeoNames 2894814,yes,
"SDAG Wismut Ronneburg mines (Object 90, HQ Gera)",nuclear_complex,East Germany,Ronneburg,50.8634,12.1867,1950,,"Exploration from 1949, first shafts 1950; major producer through 1990.",https://en.wikipedia.org/wiki/Wismut_(company); coords: GeoNames 2845229,yes,
Jáchymov uranium mines,nuclear_complex,Czechoslovakia,Jáchymov,50.3585,12.9347,1946,,"Large-scale uranium mining 1946-1964, nearly all exported to the USSR; prison labour camps.",https://en.wikipedia.org/wiki/Jáchymov; coords: GeoNames 3074587,yes,
Příbram uranium mines,nuclear_complex,Czechoslovakia,Příbram,49.6899,14.0104,1950,,District reopened for uraninite mining in the 1950s (exact 1950s start year not verified here); mines closed after 1989.,https://en.wikipedia.org/wiki/Příbram; coords: GeoNames 3067542,yes,
Zakłady Przemysłowe R-1 uranium mines,nuclear_complex,Poland,Kowary,50.7931,15.8356,1948,,R-1 (Kowarskie Kopalnie) operating from 1.1.1948 under Soviet control; Kowary mines worked until 1973.,https://pl.wikipedia.org/wiki/Zakłady_Przemysłowe_R-1; coords: GeoNames 3094934,yes,
Bukhovo uranium mines,nuclear_complex,Bulgaria,Bukhovo (Sofia),42.7667,23.5667,1946,,"Deposit worked after 1945 by the Soviet-Bulgarian Mining Company until 1956, then by the Bulgarian firm Redki Metali (start year approximate).",https://bg.wikipedia.org/wiki/Бухово; coords: GeoNames 732825,yes,
Băița (Bihor) uranium mine (Sovromcuarț),nuclear_complex,Romania,Nucet,46.48,22.6283,1950,,"Soviet-Romanian Sovromcuarț uranium mining; start given as 1950 (SovRom article), 1952 or 1955 (mine infobox) - sources disagree.",https://en.wikipedia.org/wiki/Băița_mine; https://en.wikipedia.org/wiki/SovRom,yes,
Mecsek uranium mine (Kővágószőlős),nuclear_complex,Hungary,Pécs,46.0841,18.1267,1955,,"UNCERTAIN TIMING: Soviet-controlled exploration from 1953, cover company ""Bauxitbánya"" 1955; production start given as 1956 (WNN) or 1957 (Mining Museum of Mecsek).",https://www.museum.hu/exhibition/12690/The_history_of_the_mining_of_uranium; https://wnn.world-nuclear.org/articles/new-uranium-mining-approaches-in-hungary; coords: GeoNames 3049311,yes,
Semipalatinsk nuclear test site (Experimental Field),test_site,USSR,Kurchatov,50.383,77.783,1947,,"Site selected 1947; first Soviet test 1949 (Aug 29); administrative/laboratory town Kurchatov (Semipalatinsk-21, Moscow-400) about 45 km from the Experimental Field. Coordinates as given in en-Wikipedia (50 23N 77 47E).","https://en.wikipedia.org/wiki/Semipalatinsk_Test_Site; https://en.wikipedia.org/wiki/Kurchatov,_Kazakhstan",yes,
Novaya Zemlya nuclear test site,test_site,USSR,Belushya Guba,71.5405,52.3334,1954,,"Founded 17.9.1954; first test (underwater T-5 torpedo) 21.9.1955 in Chernaya Guba (Zone A, used 1955-62). Coordinates = Belushya Guba garrison (Arkhangelsk-55).",https://ru.wikipedia.org/wiki/Белушья_Губа; https://ru.wikipedia.org/wiki/Новоземельский_ядерный_полигон; coords: GeoNames 577673,yes,
Kapustin Yar missile test range (4th GTsP),test_site,USSR,Znamensk,48.5655,46.2952,1946,,"Established by decree 13.5.1946, site chosen 3.6.1947, first V-2 launch 18.10.1947; also S-25 SAM test range; town Kapustin Yar-1 (Znamensk) from 1948.",https://en.wikipedia.org/wiki/Kapustin_Yar; https://ru.wikipedia.org/wiki/Капустин_Яр_(полигон),yes,
"Tyuratam missile test range (NIIP-5, later Baikonur)",test_site,USSR,Baikonur,45.965,63.305,1955,,"NIIP-5 decreed 12.2.1955, official founding 2.6.1955; under construction in 1956 (first R-7 launch 15.5.1957). Town Zarya/Leninsky (Leninsk, now Baikonur).",https://en.wikipedia.org/wiki/Baikonur_Cosmodrome; https://ru.wikipedia.org/wiki/Байконур_(город),yes,
Totskoye range,test_site,USSR,Totskoye,52.6447,52.8045,1954,,"Training range; site of the 14.9.1954 ""Snezhok"" troop exercise with a live 40 kt atomic air burst.",https://en.wikipedia.org/wiki/Totskoye_nuclear_exercise; https://ru.wikipedia.org/wiki/Тоцкий_полигон,yes,
"Vozrozhdeniya Island biological weapons test site (Barkhan, PNIL-52)",test_site,USSR,Kantubek,45.112,59.2909,1948,,"Biochemical range ""Barkhan"" (PNIL-52); civilians removed late 1948, airstrip and settlement Kantubek (Aralsk-7) built 1949.",https://ru.wikipedia.org/wiki/Остров_Возрождения; https://en.wikipedia.org/wiki/Vozrozhdeniya; coords: GeoNames 601361,yes,
Shikhany central military chemical range (Volsk-18),test_site,USSR,Shikhany,52.1161,47.199,1928,,Chemical weapons test range since the 1920s (Tomka project 1928); military town Shikhany-2 (Volsk-18).,https://en.wikipedia.org/wiki/Shikhany; https://ru.wikipedia.org/wiki/Шиханы_(город); coords: GeoNames 494519,yes,
Moscow S-25 Berkut SAM system (1st Special Purpose Air Defence Army HQ),air_defence,USSR,Balashikha,55.7948,37.9479,1952,,"Army formed 24.10.1952, HQ Balashikha; S-25 accepted into service 1955, fully combat ready June/July 1956. 56 SAM sites on two rings (inner 24, outer 32 per en-Wikipedia/Gruntman); the two ring roads serving them run roughly 50 km and 100 km from central Moscow (ru-Wikipedia). Coordinates = army HQ, not the ring centre (central Moscow 55.752, 37.618).",https://ru.wikipedia.org/wiki/1-я_армия_ПВО_особого_назначения; https://en.wikipedia.org/wiki/S-25_Berkut; https://www.ww2.dk/new/pvo/1apvo.htm; coords: GeoNames 579464,yes,
Moscow Air Defence District HQ,air_defence,USSR,Moscow,55.7664,37.6394,1954,,Formed 20.8.1954 from the Moscow Air Defence Region (1948).,https://ru.wikipedia.org/wiki/Московский_округ_ПВО; https://www.ww2.dk/new/pvo/mopvo.htm,yes,
Baku Air Defence District HQ,air_defence,USSR,Baku,40.3777,49.892,1954,,"Formed June 1954 from the Baku Air Defence Region (1949); HQ, command post in Baku.",https://ru.wikipedia.org/wiki/Бакинский_округ_ПВО; https://www.ww2.dk/new/pvo/bapvo.htm; coords: GeoNames 587084,yes,
