A028-L12	data	929 6068 PAVLODAR 0162-8007 5218-07658 R	B	high	last digit of 6068 has two closed counters like the other 8s on the page; dot between chart and coordinate is a speck, omitted
A029-L05	data	978 2611 PING FANG, MANCH 0283-8011 4536-12638 U	B	high	last coord digit has two closed counters and continuous right side (8), unlike the flat-topped open 5 in 4536
A029-L10	data	783 6315 PLOESTI/TARGSORUL NOU, RU 0251-8031 4455-02553 R	new	low	3rd letter after NO: left stem, rounded bottom and a right stroke rising ~1/4 height (upper right stem not printed, pure white); no L on page (PLOESTI, TARGSORUL, PLOVDIV, BULG) has such an upturn, so partial U; chart glyph has closed upper loop, full waist and lower-left side (8)
A029-L13	data	769 6340 POCHINOK S.E. 0167-8010 5422-03233 S	B	medium	7th letter is an O with faded left side (rounded arcs, not D); same name POCHINOK on line above (document consistency)
A029-L14	data	930 6360 PODOLSK/DUBROVITSY 0167-8077 5525-03729 S	B	medium	letter after slash has straight left stem and closed right side (D); O after R is round with right side present
A029-L18	data	797 6390 POLOTSK 0168-8651 5530-02845 R	B	medium	4th letter round O; alphabetical order POLONNOYE < POL?TSK < POLTAVA rules out D (document); last coord digit's lower counter opens to the left like the 5s in 5530, not 8
A029-L20	data	1010 91555 POLTSAMAA 0153-8087 5839-02556 S	B	medium	2nd digit of 1010 is a 0 with faded left side (smooth right side, no 3-cusp); 3rd chart-suffix digit has a waist bar reaching the left edge and lower-left strokes (8), unlike the 3 in 0153
A029-L23	data	71 6482 POWIDZ, POL 0169-8629 5223-01750 R	B	medium	middle letter of POL prints C-shaped (right side faded, the L is also faint); read O from document consistency: ', POL' with 0169 charts on neighbouring lines (e.g. POZNAN/KRZESINY, POL)
A029-L24	data	840 6483 POZDEYEVKA 0203-8628 5035-12858 R	B	medium	4th letter D (straight left stem; alphabetical POWIDZ < POZ?E < POZNAN rules out O); chart glyph has waist from the left edge and left-side strokes (8, not 3); suffix starts with 8 on ~98% of A-page lines
A029-L26	data	648 6485 POZNAN/LAWICA, POL 0169-8268 5225-01650 R	B	medium	3rd digit of 6485 is an 8 with weak right side (POZNAN/KRZESINY above is also 6485); last chart digit keeps lower-left loop side (8, not 9)
A030-L04	data	455 1390 PREUSSISCH FRIEDLAND, POL 0169-8312 5332-01716 R	B	medium	final letter has straight left stem and square top-left (D, rounder O in POL differs); 3rd coord digit shows the 3's top and middle bar, lower part faint (not 2)
A030-L08	data	28 6550 PROVIDENIYA/URELIK 0075-8018 6424-17313W R	B	low	first chart-suffix glyph prints 6-like (no upper-right stroke, no ink there); read 8 relying on document consistency (suffix starts with 8 on ~98% of A-page lines; dropped strokes common); may be a printed 6
A030-L11	data	849 14442 PRZASNYSZ, POL 0169-8269 5300-02056 S	A	medium	first digit has closed upper loop and a lower loop wider than the upper with full bottom bar (8 as drawn in this face); the 9 in the same number has a short tail
A030-L18	data	98 4490 PUSHKIN 0153-8058 5941-03021 R	B	medium	last chart digit has upper-right stroke, full left side and central waist (8 with small lower-right gap); mark above N is a speck
A030-L24	data	296 82564 RAKVERE 0153-8091 5922-02621 R	B	medium	last letter is E with a break in the bottom bar (bottom-right fragment lies inside the E's cell, not a period); dot before R is a speck
A030-L26	data	720 39205 RASTENBURG, POL 0168-8206 5404-02126 R	new	low	4th chart digit keeps its upper-right stroke (8, not 6); suffix 1st glyph has lower-left stub and full bottom, unlike the 9 in 39205 (8), matching POL 0168-8201/8205/8207 elsewhere (document); last coord digit has faint lower-left stroke closing the loop (6, not 5)
A030-L28	data	393 1065 RAVNETS, BULG 0323-8030 4232-02716 R	new	medium	glyph after hyphen has a waist bar reaching the left edge and left-side strokes (8), unlike the 3 in 3030; suffix starts with 8 on ~98% of A-page lines (document)
A030-L29	data	1012 67598 RECHITSA 0167-8103 5221-03021 R	B	high	3rd prefix digit has a diagonal 6-top and closed lower loop (tiny gap), unlike the flat-topped 5 in 5221 whose lower-left is open
A035-L22	data	572 79465 SUI CHUNG, MANCH 0289-8005 4020-12020 R	A	medium	first digit has a flat top bar and open lower-left with an upturned terminal (5), unlike the curved-top 6s in 7946 and 79465
A043-L15	data	513 4430 ZEWITZ, POL 0169-8626 5426-01745 R	B	medium	last chart digit's lower loop is closed except a 2-row faint gap and its top stops short of the right edge (6); the 5s in 5426 and 01745 have a long open lower-left; tick under P is a speck
C006-L34	data	275 0328-9894	B	medium	2nd suffix digit keeps its upper-right side down to the waist (closed upper loop, 8 not 6); dot between 2 and 7 is a mid-height speck within normal spacing, omitted
C007-L30	data	SINUIJU N KOREA 4006-12424	B	medium	I positions: stems centred in their cells like the I in LIAO and LENINSK (1s sit right of centre) and same tipped I variant as LENINSK; trailing mark in label column is short, tilted and low, unlike printed hyphens: not printed, omitted
C008-L11	data	4420- 3942E D	B	medium	glyph matches the broken 9s of 03939 on the line above (two top arms, tail hooking left; 4 has no tail); consistent with complex coordinates 4423-03939 (document)
C008-L30	data	6432- 4031E A	B	high	first digit has the same top blob, left stem and left-protruding closed bowl as the 6 of 6435 on the next line; consistent with complex 6433-04032 (document)
C009-L18	data	248 0249-	B	medium	3rd digit's waist is faint grey but sides bulge in like an 8; empty-suffix lines of a block have non-decreasing category codes in all 295 other cases (227, 246, 248 precede), so 240 would break it (document)
C009-L23	data	598 0290 ARTEM 4322-13213	B	medium	last digit has the 3's top-left terminal, middle bar ending in a blob, lower-right stroke and full bottom bar; the 2s in this coordinate carry their lower stroke at the left
C009-L47	data	962 0307 ARTSIZ 4600-02926	B	medium	middle priority digit has a 6's open top-left corner with short top bar (5s on page have closed corners), bottom overlapped by DocId footer; 3rd letter T (bar twice the I serif); ARTSIZ after ARTEMOVSKIY and 0307 after 0300 fit document order
C010-L16	data	ILINKA 4614-04755	B	medium	3rd letter is the tipped, left-heavy I variant also seen at I positions in LENINSK and SINUIJU; 1s in numbers never show the tip (their flag is topmost)
C010-L33	data	4756- 8023E B	A	medium	label has a B's hooked upper bowl, wider lower bowl and bottom remnant; the H in BABUSHKIN has a straight full-height right stem
C027-L47	data	5107- 1706E P	A	medium	mark after P is half height, dips below the baseline and sits left of where a 2nd label letter falls (cf. AD, AE): stray mark, omitted
C029-L10	data	5205- 2340E B	B	medium	B and 8 are nearly identical in this face; aim-point format puts a letter label here (B is the commonest label)
C032-L15	data	1150 1030 BUCKAU E GER 5213-01218	B	medium	last letter shows an R's inked bowl and a leg from mid-height (not an N diagonal); E GER is the document's suffix (~261 lines, E GEN none); trailing dot is a speck, omitted
C033-L18	data	230 0251-0361	A	medium	last digit has the 1's top flag and full base with faint stem fragments, like the 1 of 0361 above; fits ascending BE 0361..0364 in block; dot after 230 is a speck
C039-L18	data	ANDELSKA CZECH 5048-01458	B	high	blob above the first A is a round ink spot fused to the apex, not an accent stroke; no accented characters anywhere else in the document
C063-L14	data	264 0231-1863	B	medium	mark after 3 is a thin stroke slanting down-right below the baseline, unlike a comma; no commas on C-page installation lines: speck, omitted
C064-L13	data	RADEBEUL E GER 5106-01339	A	medium	first letter has a vertical right stroke in the upper half curving into a full middle bar (R's bowl, top bar faint) plus a leg; the K label on the next line has a straight diagonal arm
C067-L45	data	376 0250-0031	new	high	C-shaped glyph is an oval whose right side is present above and below a mid-height gap, no middle bar: 0 (BE suffixes are numeric)
C069-L38	data	HETTSTEDT E GER 5138-01131	B	medium	6th letter has a T's full-width top bar and centred stem (J in SINUIJU has no bar, off-centre stem); blob under the stem is a smear below the baseline; tick after HETTSTEDT is a speck
C071-L41	data	DOROG HUNG 4743-01844	B	medium	mark after G is a slanted blob left of the next cell's centre, unlike the flat serrated printed hyphens: smudge, omitted
C076-L29	data	248 0250-0336	A	medium	2nd suffix digit has ink at the upper right running diagonally into a central blob (3's middle) with the left stroke ending above it; the 5 in 0250 has an open upper right and a left stem down to its middle bar
