id,page,level,ref,name,name_printed,country,airfield,see_ref,see_name,entry_ref,entry_name
X003-L04,X003,entry,0020,ABAKAN,ABAKAN,USSR,True,,,,
X003-L06,X003,entry,0022,ABDULINO,ABDULINO,USSR,False,,,,
X003-L07,X003,entry,0023,ABEZ,ABEZ,USSR,False,2936,INTA,,
X003-L08,X003,entry,0024,ACHINSK,ACHINSK,USSR,False,,,,
X003-L09,X003,listed under,,ACHINSK,ACHINSK,USSR,True,,,0024,ACHINSK
X003-L10,X003,entry,00243,ADADYM,ADADYM,USSR,False,5379,NAZAROVO,,
X003-L11,X003,entry,0025,ADAMOV,ADAMOV CZECH,Czechoslovakia,False,0995,BRNO CZECH,,
X003-L12,X003,entry,00255,ADJUD,ADJUD RUM,Romania,False,,,,
X003-L13,X003,entry,0026,ADLER,ADLER,USSR,True,6270,PILENKOVA,,
X003-L14,X003,entry,0028,ADZHARIS,ADZHARIS,USSR,False,0590,BATUMI,,
X003-L15,X003,entry,0030,AGA,AGA,USSR,False,,,,
X003-L16,X003,entry,0034,AFRIKANDA,AFRIKANDA,USSR,False,,,,
X003-L17,X003,listed under,,AFRIKANDA,AFRIKANDA,USSR,True,,,0034,AFRIKANDA
X003-L18,X003,listed under,,NIVSKY,NIVSKY,USSR,True,,,0034,AFRIKANDA
X003-L19,X003,entry,0035,AGHIRESU,AGHIRESU RUM,Romania,False,1445,CLUJ RUM,,
X003-L20,X003,entry,0036,AGRYZ,AGRYZ,USSR,False,,,,
X003-L21,X003,entry,0037,AGTAGLYA,AGTAGLYA,USSR,True,8310,TBILISI,,
X003-L23,X003,entry,0045,AJKA,AJKA HUNG,Hungary,False,6034,PAPA HUNG,,
X003-L24,X003,entry,0055,AKEN,AKEN E GER,East Germany,False,0695,BERNBURG E GER,,
X003-L25,X003,entry,0057,AKHALKALAKI,AKHALKALAKI,USSR,False,,,,
X003-L26,X003,listed under,,OVIRI,OVIRI,USSR,False,,,0057,AKHALKALAKI
X003-L27,X003,listed under,,AKHALKALAKI,AKHALKALAKI,USSR,True,,,0057,AKHALKALAKI
X003-L28,X003,entry,0070,AKMOLINSK,AKMOLINSK,USSR,False,,,,
X003-L29,X003,entry,0075,AKSENOVO ZILOVSKOYE,AKSENOVO ZILOVSKOYE,USSR,False,,,,
X003-L30,X003,entry,0080,AKTYUBINSK,AKTYUBINSK,USSR,False,,,,
X003-L31,X003,listed under,,AKTYUBINSK,AKTYUBINSK,USSR,True,,,0080,AKTYUBINSK
X003-L32,X003,entry,0085,ALABINO,ALABINO,USSR,False,9963,ZVENIGOROD,,
X003-L33,X003,entry,0096,ALAKURTTI,ALAKURTTI,USSR,True,,,,
X003-L34,X003,entry,0100,ALAPAYEVSK,ALAPAYEVSK,USSR,False,,,,
X003-L35,X003,listed under,,VERKHNYAYA SINYACHIKHA,VERKHNYAYA SINYACHIKHA,USSR,False,,,0100,ALAPAYEVSK
X003-L36,X003,listed under,,ALAPAYEVSK,ALAPAYEVSK,USSR,True,,,0100,ALAPAYEVSK
X003-L37,X003,entry,0101,ALATYR,ALATYR,USSR,False,,,,
X004-L04,X004,listed under,,TEIUS,TEIUS,USSR,False,,,0101,ALATYR
X004-L06,X004,entry,0110,ALEKSANDROV,ALEKSANDROV,USSR,False,,,,
X004-L07,X004,listed under,,KIRZHACH,KIRZHACH,USSR,False,,,0110,ALEKSANDROV
X004-L08,X004,entry,0120,ALEKSANDROVSK,ALEKSANDROVSK,USSR,False,,,,
X004-L09,X004,listed under,,ROGATY,ROGATY,USSR,False,,,0120,ALEKSANDROVSK
X004-L10,X004,listed under,,ALEKSANDROVSK,ALEKSANDROVSK,USSR,True,,,0120,ALEKSANDROVSK
X004-L11,X004,entry,0122,ALEKSEYEVKA,ALEKSEYEVKA,USSR,False,,,,
X004-L12,X004,entry,0123,ALEKSEYEVKA,ALEKSEYEVKA,USSR,True,3440,KHARKOV,,
X004-L13,X004,entry,0125,ALEKSEYEVSKOYE,ALEKSEYEVSKOYE,USSR,True,,,,
X004-L14,X004,entry,0130,ALEKSIN,ALEKSIN,USSR,False,,,,
X004-L15,X004,entry,0132,ALESHINO,ALESHINO,USSR,False,7265,SASOVO,,
X004-L16,X004,entry,0135,ALEXANDROVKA,ALEXANDROVKA,USSR,True,8040,SYZRAN,,
X004-L17,X004,entry,0137,ALEXANDROVSKAYA,ALEXANDROVSKAYA,USSR,True,4490,LENINGRAD,,
X004-L18,X004,entry,0138,ALEXENI,ALEXENI RUM,Romania,True,,,,
X004-L19,X004,entry,0140,ALGA,ALGA,USSR,False,,,,
X004-L20,X004,entry,0150,ALLAVERDY,ALLAVERDY,USSR,False,,,,
X004-L21,X004,entry,0160,ALMA ATA,ALMA ATA,USSR,False,,,,
X004-L22,X004,listed under,,ALMA ATA,ALMA ATA,USSR,True,,,0160,ALMA ATA
X004-L23,X004,listed under,,ALMA ATA N,ALMA ATA N,USSR,True,,,0160,ALMA ATA
X004-L24,X004,listed under,,ALMA ATA N W,ALMA ATA N W,USSR,True,,,0160,ALMA ATA
X004-L26,X004,entry,01755,ALMALYK,ALMALYK,USSR,False,,,,
X004-L28,X004,entry,0185,ALTENBURG,ALTENBURG E GER,East Germany,False,,,,
X004-L29,X004,listed under,,BORNA,BORNA,USSR,False,,,0185,ALTENBURG E GER
X004-L30,X004,listed under,,MEUSELWITZ,MEUSELWITZ,USSR,False,,,0185,ALTENBURG E GER
X004-L31,X004,listed under,,ROSITZ,ROSITZ,USSR,False,,,0185,ALTENBURG E GER
X004-L32,X004,listed under,,SCHMOLLN,SCHMOLLN,USSR,False,,,0185,ALTENBURG E GER
X004-L33,X004,listed under,,TROGLITZ,TROGLITZ,USSR,False,,,0185,ALTENBURG E GER
X004-L34,X004,listed under,,ZECHAU,ZECHAU,USSR,False,,,0185,ALTENBURG E GER
X004-L35,X004,listed under,,ALTENBURG,ALTENBURG,USSR,True,,,0185,ALTENBURG E GER
X004-L37,X004,entry,01865,ALTENHAIN,ALTENHAIN E GER,East Germany,False,4465,LEIPZIG E GER,,
X005-L04,X005,entry,44553,LEBA,LEBA POL,Poland,False,4430,LAUENBURG POL,,
X005-L05,X005,entry,44555,LEBEDIN,LEBEDIN,USSR,True,,,,
X005-L06,X005,entry,4465,LEIPZIG,LEIPZIG E GER,East Germany,False,,,,
X005-L07,X005,listed under,,ALTENHAIN,ALTENHAIN,USSR,False,,,4465,LEIPZIG E GER
X005-L08,X005,listed under,,BOEHLEN,BOEHLEN,USSR,False,,,4465,LEIPZIG E GER
X005-L09,X005,listed under,,DELITZSCH,DELITZSCH,USSR,False,,,4465,LEIPZIG E GER
X005-L10,X005,listed under,,GRIMMA,GRIMMA,USSR,False,,,4465,LEIPZIG E GER
X005-L11,X005,listed under,,PEGAU,PEGAU,USSR,False,,,4465,LEIPZIG E GER
X005-L12,X005,listed under,,WURZEN,WURZEN,USSR,False,,,4465,LEIPZIG E GER
X005-L13,X005,listed under,,BRANDIS,BRANDIS,USSR,True,,,4465,LEIPZIG E GER
X005-L14,X005,entry,4475,LEISNIG,LEISNIG E GER,East Germany,False,,,,
X005-L15,X005,listed under,,ROCHLITZ,ROCHLITZ,USSR,False,,,4475,LEISNIG E GER
X005-L16,X005,entry,4480,LENINAKAN,LENINAKAN,USSR,False,,,,
X005-L17,X005,listed under,,LENINAKAN,LENINAKAN,USSR,True,,,4480,LENINAKAN
X005-L18,X005,entry,4490,LENINGRAD,LENINGRAD,USSR,False,,,,
X005-L19,X005,listed under,,BELOOSTROV,BELOOSTROV,USSR,False,,,4490,LENINGRAD
X005-L20,X005,listed under,,KOLPINO,KOLPINO,USSR,False,,,4490,LENINGRAD
X005-L21,X005,listed under,,SABLINO,SABLINO,USSR,False,,,4490,LENINGRAD
X005-L22,X005,listed under,,SESTRORETSK,SESTRORETSK,USSR,False,,,4490,LENINGRAD
X005-L23,X005,listed under,,ALEXANDROVSKAYA,ALEXANDROVSKAYA,USSR,True,,,4490,LENINGRAD
X005-L24,X005,listed under,,GORELOVO,GORELOVO,USSR,True,,,4490,LENINGRAD
X005-L25,X005,listed under,,GORSKAYA,GORSKAYA,USSR,True,,,4490,LENINGRAD
X005-L26,X005,listed under,,KAMENKA N,KAMENKA N.,USSR,True,,,4490,LENINGRAD
X005-L27,X005,listed under,,KASIMOVO,KASIMOVO,USSR,True,,,4490,LENINGRAD
X005-L28,X005,listed under,,KOLOMYAGI,KOLOMYAGI,USSR,True,,,4490,LENINGRAD
X005-L29,X005,listed under,,KUDROVO,KUDROVO,USSR,True,,,4490,LENINGRAD
X005-L30,X005,listed under,,LENINGRAD CIVIL,LENINGRAD CIVIL,USSR,True,,,4490,LENINGRAD
X005-L31,X005,listed under,,LESNOY,LESNOY,USSR,True,,,4490,LENINGRAD
X005-L32,X005,listed under,,LEVASHOVO,LEVASHOVO,USSR,True,,,4490,LENINGRAD
X005-L33,X005,listed under,,PETRODVORETS,PETRODVORETS,USSR,True,,,4490,LENINGRAD
X005-L34,X005,listed under,,PUSHKIN,PUSHKIN,USSR,True,,,4490,LENINGRAD
X005-L35,X005,listed under,,UGLOVO,UGLOVO,USSR,True,,,4490,LENINGRAD
X005-L36,X005,listed under,,YANINO,YANINO,USSR,True,,,4490,LENINGRAD
X005-L37,X005,entry,4494,LENINKA,LENINKA,USSR,True,0230,ANADYR,,
X005-L38,X005,entry,4500,LENINOGORSK,LENINOGORSK,USSR,False,,,,
X005-L39,X005,listed under,,ULBA,ULBA,USSR,False,,,4500,LENINOGORSK
X005-L40,X005,entry,4505,LENINSK,LENINSK,USSR,False,0236,ANDIZHAN,,
X005-L41,X005,entry,4507,LENINSKIY,LENINSKIY,USSR,False,,,,
X005-L42,X005,entry,4510,LENINSK KUZNETSKIY,LENINSK KUZNETSKIY,USSR,False,,,,
X005-L43,X005,entry,4511,LENINSKOYE,LENINSKOYE,USSR,True,,,,
X005-L44,X005,entry,4512,LENKORAN,LENKORAN,USSR,True,,,,
X005-L45,X005,entry,4520,LEPAYA,LEPAYA,USSR,False,,,,
X005-L46,X005,listed under,,CIRAVA,CIRAVA,USSR,True,,,4520,LEPAYA
X006-L04,X006,entry,5074,MOGZON,MOGZON,USSR,False,,,,
X006-L05,X006,listed under,,SOKHONDO,SOKHONDO,USSR,True,,,5074,MOGZON
X006-L07,X006,entry,5080,MOLODECHNO,MOLODECHNO,USSR,False,,,,
X006-L08,X006,listed under,,MOLODECHNO,MOLODECHNO,USSR,True,,,5080,MOLODECHNO
X006-L11,X006,entry,5100,MOLOTOVSK,MOLOTOVSK,USSR,False,,,,
X006-L12,X006,entry,5110,MONCHEGORSK,MONCHEGORSK,USSR,False,,,,
X006-L13,X006,listed under,,MONCHEGORSK,MONCHEGORSK,USSR,True,,,5110,MONCHEGORSK
X006-L14,X006,entry,5112,MONINO,MONINO,USSR,True,5570,NOGINSK,,
X006-L15,X006,entry,5113,MONNUSTE,MONNUSTE,USSR,True,4215,KURESSAARE,,
X006-L16,X006,entry,5120,MOR,MOR HUNG,Hungary,False,8061,SZEKESFEHERVAR HUNG,,
X006-L17,X006,entry,5125,MORAVSKA OSTRAVA,MORAVSKA OSTRAVA CZECH,Czechoslovakia,False,,,,
X006-L18,X006,listed under,,BOHUMIN,BOHUMIN,USSR,False,,,5125,MORAVSKA OSTRAVA CZECH
X006-L19,X006,listed under,,DOLNI SUCHA,DOLNI SUCHA,USSR,False,,,5125,MORAVSKA OSTRAVA CZECH
X006-L20,X006,listed under,,HLUCIN,HLUCIN,USSR,False,,,5125,MORAVSKA OSTRAVA CZECH
X006-L21,X006,listed under,,HRUSOV,HRUSOV,USSR,False,,,5125,MORAVSKA OSTRAVA CZECH
X006-L22,X006,listed under,,KARVINNA,KARVINNA,USSR,False,,,5125,MORAVSKA OSTRAVA CZECH
X006-L23,X006,listed under,,KOPRIVNICE,KOPRIVNICE,USSR,False,,,5125,MORAVSKA OSTRAVA CZECH
X006-L24,X006,listed under,,MISTEK,MISTEK,USSR,False,,,5125,MORAVSKA OSTRAVA CZECH
X006-L25,X006,listed under,,STUDENKA,STUDENKA,USSR,False,,,5125,MORAVSKA OSTRAVA CZECH
X006-L26,X006,entry,5127,MORDOVO,MORDOVO,USSR,False,,,,
X006-L27,X006,entry,5134,MOROZOVSK,MOROZOVSK,USSR,False,,,,
X006-L28,X006,listed under,,TATSINSKAYA,TATSINSKAYA,USSR,True,,,5134,MOROZOVSK
X006-L30,X006,listed under,,MORSHANSK,MORSHANSK,USSR,True,,,5134,MOROZOVSK
X006-L31,X006,entry,5136,MOSCICE,MOSCICE POL,Poland,False,82584,TARNOW POL,,
X006-L32,X006,entry,5137,MOSCISKA,MOSCISKA,USSR,False,65565,PRZEMYSL POL,,
X006-L33,X006,entry,5150,MOSCOW,MOSCOW,USSR,False,,,,
X006-L34,X006,listed under,,KUCHINO,KUCHINO,USSR,False,,,5150,MOSCOW
X006-L35,X006,listed under,,SHCHELKOVO,SHCHELKOVO,USSR,False,,,5150,MOSCOW
X006-L36,X006,listed under,,TOMILINO,TOMILINO,USSR,False,,,5150,MOSCOW
X006-L37,X006,listed under,,BYKOVO,BYKOVO,USSR,True,,,5150,MOSCOW
X006-L38,X006,listed under,,CHERTANOVO,CHERTANOVO,USSR,True,,,5150,MOSCOW
X006-L39,X006,listed under,,FILI,FILI,USSR,True,,,5150,MOSCOW
X006-L40,X006,listed under,,IZMAYLOVO,IZMAYLOVO,USSR,True,,,5150,MOSCOW
X006-L42,X006,listed under,,LYUBERTSY,LYUBERTSY,USSR,True,,,5150,MOSCOW
X007-L04,X007,listed under,,MOSCOW/CENTRAL,MOSCOW/CENTRAL,USSR,True,,,5150,MOSCOW
X007-L05,X007,listed under,,MYACHKOVO,MYACHKOVO,USSR,True,,,5150,MOSCOW
X007-L06,X007,listed under,,ORLOVO,ORLOVO,USSR,True,,,5150,MOSCOW
X007-L07,X007,listed under,,SALAREVO,SALAREVO,USSR,True,,,5150,MOSCOW
X007-L08,X007,listed under,,SHCHELKOVO,SHCHELKOVO,USSR,True,,,5150,MOSCOW
X007-L09,X007,listed under,,VNUKOVO,VNUKOVO,USSR,True,,,5150,MOSCOW
X007-L10,X007,listed under,,MISHUTKINO M 19,MISHUTKINO M 19,USSR,False,,,5150,MOSCOW
X007-L11,X007,entry,5152,MOSKALVO,MOSKALVO,USSR,False,,,,
X007-L12,X007,listed under,,OKHA,OKHA,USSR,False,,,5152,MOSKALVO
X007-L13,X007,listed under,,OKHA,OKHA,USSR,True,,,5152,MOSKALVO
X007-L14,X007,entry,5155,MOSON MAGYAROVAR,MOSON MAGYAROVAR HUNG,Hungary,False,,,,
X007-L15,X007,listed under,,CSORNA,CSORNA,USSR,False,,,5155,MOSON MAGYAROVAR HUNG
X007-L17,X007,entry,5165,MOST,MOST CZECH,Czechoslovakia,False,,,,
X007-L18,X007,listed under,,CHOMUTOV,CHOMUTOV,USSR,False,,,5165,MOST CZECH
X007-L19,X007,listed under,,LOUNY,LOUNY,USSR,False,,,5165,MOST CZECH
X007-L20,X007,listed under,,SVETEC,SVETEC,USSR,False,,,5165,MOST CZECH
X007-L21,X007,listed under,,ZATEC,ZATEC,USSR,False,,,5165,MOST CZECH
X007-L22,X007,listed under,,ZATEC,ZATEC,USSR,True,,,5165,MOST CZECH
X007-L23,X007,entry,5167,MOZDOK,MOZDOK,USSR,False,,,,
X007-L24,X007,listed under,,MOZDOK E,MOZDOK E,USSR,True,,,5167,MOZDOK
X007-L25,X007,entry,5170,MOZHAYSK,MOZHAYSK,USSR,False,,,,
X007-L26,X007,entry,5171,MOZYR,MOZYR,USSR,True,,,,
X007-L27,X007,entry,5172,MRAGOWO,MRAGOWO POL,Poland,False,39205,KORSZE POL,,
X007-L28,X007,entry,5183,MUCHELN,MUCHELN E GER,East Germany,False,2565,HALLE-MERSEBURG E GER,,
X007-L29,X007,entry,5184,MUCHNAYA,MUCHNAYA,USSR,False,48799,MANZOVKA,,
X007-L30,X007,entry,5185,MUCKENBERG,MUCKENBERG E GER,East Germany,False,7345,SCHWARZHEIDE E GER,,
X007-L31,X007,entry,5205,MUEHLHAUSEN,MUEHLHAUSEN E GER,East Germany,False,,,,
X007-L32,X007,listed under,,DINGELSTADT,DINGELSTADT,USSR,False,,,5205,MUEHLHAUSEN E GER
X007-L33,X007,listed under,,WORBIS,WORBIS,USSR,False,,,5205,MUEHLHAUSEN E GER
X007-L34,X007,entry,5230,MUKACHEVO,MUKACHEVO,USSR,False,,,,
X007-L35,X007,listed under,,MUKACHEVO,MUKACHEVO,USSR,True,,,5230,MUKACHEVO
X007-L36,X007,entry,5235,MUKDEN,MUKDEN MANCH,China (Manchuria),False,,,,
X007-L37,X007,listed under,,MUKDEN N,MUKDEN N.,USSR,True,,,5235,MUKDEN MANCH
X007-L38,X007,listed under,,MUKDEN S E,MUKDEN S.E.,USSR,True,,,5235,MUKDEN MANCH
X007-L39,X007,listed under,,MUKDEN S W,MUKDEN S.W.,USSR,True,,,5235,MUKDEN MANCH
X007-L40,X007,listed under,,MUKDEN W,MUKDEN W.,USSR,True,,,5235,MUKDEN MANCH
X007-L41,X007,entry,52355,MUKSALMA,MUKSALMA,USSR,True,,,,
X007-L42,X007,entry,5236,MUNCHENBERNSDORF,MUNCHENBERNSDORF E GER,East Germany,False,2275,GERA E GER,,
X007-L43,X007,entry,52365,MUNPYONG NI,MUNPYONG NI N KOREA,North Korea,False,9510,WONSAN N KOREA,,
X008-L04,X008,listed under,,HRADEC KRALOVE,HRADEC KRALOVE,USSR,False,,,52365,MUNPYONG NI N KOREA
X008-L05,X008,listed under,,KRIZANOVICE,KRIZANOVICE,USSR,False,,,52365,MUNPYONG NI N KOREA
X008-L06,X008,listed under,,PRELOUC,PRELOUC,USSR,False,,,52365,MUNPYONG NI N KOREA
X008-L07,X008,listed under,,SEMTIN,SEMTIN,USSR,False,,,52365,MUNPYONG NI N KOREA
X008-L08,X008,listed under,,SLATINANY,SLATINANY,USSR,False,,,52365,MUNPYONG NI N KOREA
X008-L09,X008,listed under,,PARDUBICE,PARDUBICE,USSR,True,,,52365,MUNPYONG NI N KOREA
X008-L11,X008,entry,6056,PASCANI,PASCANI RUM,Romania,False,6858,ROMAN RUM,,
X008-L12,X008,entry,6057,PASEWALK,PASEWALK E GER,East Germany,False,6510,PRENZLAU E GER,,
X008-L13,X008,entry,6060,PASHIYA,PASHIYA,USSR,False,,,,
X008-L14,X008,entry,6063,PASHKOVSKAYA,PASHKOVSKAYA,USSR,True,4040,KRASNODAR,,
X008-L15,X008,entry,6067,PATKA,PATKA HUNG,Hungary,False,8061,SZEKESFEHERVAR HUNG,,
X008-L16,X008,entry,6068,PAVLODAR,PAVLODAR,USSR,True,,,,
X008-L17,X008,entry,6069,PAVLOGRAD,PAVLOGRAD,USSR,False,,,,
X008-L18,X008,listed under,,SINELNIKOVO,SINELNIKOVO,USSR,False,,,6069,PAVLOGRAD
X008-L19,X008,entry,6070,PAVLOVSKIY,PAVLOVSKIY,USSR,False,,,,
X008-L20,X008,entry,6080,PECHENGA,PECHENGA,USSR,False,,,,
X008-L21,X008,listed under,,PECHENGA,PECHENGA,USSR,True,,,6080,PECHENGA
X008-L22,X008,entry,6083,PECHORA,PECHORA,USSR,False,,,,
X008-L23,X008,entry,6085,PECS,PECS HUNG,Hungary,False,,,,
X008-L24,X008,listed under,,KOMLO,KOMLO,USSR,False,,,6085,PECS HUNG
X008-L25,X008,entry,6095,PEENEMUNDE,PEENEMUNDE E GER,East Germany,False,,,,
X008-L26,X008,listed under,,WOLGAST,WOLGAST,USSR,False,,,6095,PEENEMUNDE E GER
X008-L27,X008,listed under,,PEENEMUNDE,PEENEMUNDE,USSR,True,,,6095,PEENEMUNDE E GER
X008-L28,X008,entry,6105,PEGAU,PEGAU E GER,East Germany,False,4465,LEIPZIG E GER,,
X008-L29,X008,entry,6106,PEI AN,PEI AN MANCH,China (Manchuria),False,,,,
X008-L30,X008,entry,6111,PEI LI,PEI LI CHINA,China,False,,,,
X008-L32,X008,entry,6125,PEI PING,PEI PING CHINA,China,False,,,,
X008-L33,X008,listed under,,FENG TAI,FENG TAI,USSR,False,,,6125,PEI PING CHINA
X008-L34,X008,listed under,,LAN TIEN CHANG,LAN TIEN CHANG,USSR,True,,,6125,PEI PING CHINA
X008-L35,X008,listed under,,NAN YUAN,NAN YUAN,USSR,True,,,6125,PEI PING CHINA
X008-L36,X008,entry,6126,PEISKRETSCHAM,PEISKRETSCHAM POL,Poland,False,2315,GLIWICE-SOSNOWIEC POL,,
X008-L37,X008,entry,61265,PEIZE,PEIZE,USSR,False,3180,KALININGRAD,,
X008-L38,X008,entry,6135,PELHRIMOV,PELHRIMOV CZECH,Czechoslovakia,False,9139,VLASIM CZECH,,
X009-L04,X009,entry,6445,POSTORNA,POSTORNA CZECH,Czechoslovakia,False,,,,
X009-L05,X009,listed under,,BRECLAV,BRECLAV,USSR,False,,,6445,POSTORNA CZECH
X009-L06,X009,listed under,,HODONIN,HODONIN,USSR,False,,,6445,POSTORNA CZECH
X009-L07,X009,entry,64455,POST VOLYNSKIY,POST VOLYNSKIY,USSR,True,3630,KIYEV,,
X009-L08,X009,entry,6450,POTI,POTI,USSR,False,,,,
X009-L09,X009,listed under,,MAKHARADZE,MAKHARADZE,USSR,True,,,6450,POTI
X009-L10,X009,listed under,,MIKHA TSKHAKAYA,MIKHA TSKHAKAYA,USSR,True,,,6450,POTI
X009-L11,X009,entry,6455,POTSDAM,POTSDAM E GER,East Germany,False,0685,BERLIN GER SOVZONE,,
X009-L12,X009,entry,6465,POVAZSKA BYSTRICA,POVAZSKA BYSTRICA CZECH,Czechoslovakia,False,1805,DUBNICE NAD VAHOM CZECH,,
X009-L13,X009,entry,6470,POVORINO,POVORINO,USSR,False,08905,BORISOGLEBSK,,
X009-L14,X009,entry,6475,POVRLY,POVRLY CZECH,Czechoslovakia,False,8875,USTI NAD LABEM CZECH,,
X009-L15,X009,entry,6480,POVUNDEN,POVUNDEN,USSR,True,3180,KALININGRAD,,
X009-L16,X009,entry,6482,POWIDZ,POWIDZ POL,Poland,True,,,,
X009-L17,X009,entry,6483,POZDEYEVKA,POZDEYEVKA,USSR,True,,,,
X009-L18,X009,entry,6485,POZNAN,POZNAN POL,Poland,False,,,,
X009-L19,X009,listed under,,BEDNARY,BEDNARY,USSR,True,,,6485,POZNAN POL
X009-L20,X009,listed under,,KRZESINY,KRZESINY,USSR,True,,,6485,POZNAN POL
X009-L21,X009,listed under,,LAWICA,LAWICA,USSR,True,,,6485,POZNAN POL
X009-L22,X009,entry,6493,PRAGUE,PRAGUE CZECH,Czechoslovakia,False,,,,
X009-L23,X009,listed under,,BEROUN,BEROUN,USSR,False,,,6493,PRAGUE CZECH
X009-L24,X009,listed under,,KLADNO,KLADNO,USSR,False,,,6493,PRAGUE CZECH
X009-L25,X009,listed under,,KRALUPY NAD VLTAVOU,KRALUPY NAD VLTAVOU,USSR,False,,,6493,PRAGUE CZECH
X009-L26,X009,listed under,,KRALUV DVUR,KRALUV DVUR,USSR,False,,,6493,PRAGUE CZECH
X009-L27,X009,listed under,,NERATOVICE,NERATOVICE,USSR,False,,,6493,PRAGUE CZECH
X009-L28,X009,listed under,,PSARY,PSARY,USSR,False,,,6493,PRAGUE CZECH
X009-L29,X009,listed under,,RADOTIN,RADOTIN,USSR,False,,,6493,PRAGUE CZECH
X009-L30,X009,listed under,,ROZTOKY,ROZTOKY,USSR,False,,,6493,PRAGUE CZECH
X009-L31,X009,listed under,,SLANY,SLANY,USSR,False,,,6493,PRAGUE CZECH
X009-L32,X009,listed under,,STECHOVICE,STECHOVICE,USSR,False,,,6493,PRAGUE CZECH
X009-L33,X009,listed under,,VELVARY,VELVARY,USSR,False,,,6493,PRAGUE CZECH
X009-L34,X009,listed under,,KBELY,KBELY,USSR,True,,,6493,PRAGUE CZECH
X009-L35,X009,listed under,,RUZYNE,RUZYNE,USSR,True,,,6493,PRAGUE CZECH
X009-L36,X009,listed under,,VODOCHODY,VODOCHODY,USSR,True,,,6493,PRAGUE CZECH
X009-L37,X009,entry,6500,PRAVDINSK,PRAVDINSK,USSR,False,,,,
X009-L39,X009,entry,6503,PRELOUC,PRELOUC CZECH,Czechoslovakia,False,6045,PARDUBICE CZECH,,
X009-L40,X009,entry,6510,PRENZLAU,PRENZLAU E GER,East Germany,False,,,,
X009-L41,X009,listed under,,PASEWALK,PASEWALK,USSR,False,,,6510,PRENZLAU E GER
X009-L42,X009,entry,6515,PREROV,PREROV CZECH,Czechoslovakia,False,5745,OLOMOUC CZECH,,
X010-L04,X010,entry,7430,SEVASTOPOL,SEVASTOPOL,USSR,False,,,,
X010-L05,X010,listed under,,BALAKLAVA,BALAKLAVA,USSR,False,,,7430,SEVASTOPOL
X010-L06,X010,listed under,,BELBEK,BELBEK,USSR,True,,,7430,SEVASTOPOL
X010-L07,X010,listed under,,KACHA,KACHA,USSR,True,,,7430,SEVASTOPOL
X010-L08,X010,listed under,,KHERSONES,KHERSONES,USSR,True,,,7430,SEVASTOPOL
X010-L09,X010,listed under,,PESCHANOYE,PESCHANOYE,USSR,True,,,7430,SEVASTOPOL
X010-L10,X010,listed under,,SEVASTOPOL,SEVASTOPOL,USSR,True,,,7430,SEVASTOPOL
X010-L11,X010,listed under,,SHULI,SHULI,USSR,True,,,7430,SEVASTOPOL
X010-L12,X010,entry,7435,SEVERNYY KORYAKI,SEVERNYY KORYAKI,USSR,True,6210,PETROPAVLOVSK KAMSHATSKIY,,
X010-L13,X010,entry,7440,SEVERO KURILSK,SEVERO KURILSK,USSR,False,,,,
X010-L14,X010,listed under,,KATAOKA,KATAOKA,USSR,True,,,7440,SEVERO KURILSK
X010-L15,X010,listed under,,MIYOSHINO,MIYOSHINO,USSR,True,,,7440,SEVERO KURILSK
X010-L16,X010,entry,7445,SEVERSKAYA,SEVERSKAYA,USSR,False,,,,
X010-L17,X010,entry,7457,SEYMCHAN,SEYMCHAN,USSR,True,,,,
X010-L18,X010,entry,7458,SFANTUL GHEORGE,SFANTUL GHEORGE RUM,Romania,False,,,,
X010-L19,X010,entry,7459,SHABSKIY,SHABSKIY,USSR,False,,,,
X010-L20,X010,listed under,,SHABSKIY,SHABSKIY,USSR,True,,,7459,SHABSKIY
X010-L21,X010,listed under,,URSATYEVSKAYA,URSATYEVSKAYA,USSR,True,,,7459,SHABSKIY
X010-L22,X010,entry,74595,SHADRINSK,SHADRINSK,USSR,False,,,,
X010-L23,X010,entry,7460,SHAKHTY,SHAKHTY,USSR,False,,,,
X010-L24,X010,listed under,,KRASNYY SULIN,KRASNYY SULIN,USSR,False,,,7460,SHAKHTY
X010-L25,X010,entry,7461,SHAKHUNYA,SHAKHUNYA,USSR,False,,,,
X010-L26,X010,entry,7475,SHANG HAI,SHANG HAI CHINA,China,False,,,,
X010-L27,X010,listed under,,CHIANG WAN,CHIANG WAN,USSR,True,,,7475,SHANG HAI CHINA
X010-L28,X010,listed under,,HUNG CHIAO,HUNG CHIAO,USSR,True,,,7475,SHANG HAI CHINA
X010-L29,X010,listed under,,LUNG HUA,LUNG HUA,USSR,True,,,7475,SHANG HAI CHINA
X010-L30,X010,listed under,,TA CHANG,TA CHANG,USSR,True,,,7475,SHANG HAI CHINA
X010-L31,X010,entry,7476,SHANG JAO,SHANG JAO CHINA,China,False,,,,
X010-L32,X010,entry,7477,SHARYA,SHARYA,USSR,False,,,,
X010-L33,X010,entry,7478,SHA SHIH,SHA SHIH CHINA,China,False,,,,
X010-L34,X010,entry,7480,SHATURA,SHATURA,USSR,False,,,,
X010-L35,X010,listed under,,ROSHAL,ROSHAL,USSR,False,,,7480,SHATURA
X010-L36,X010,entry,7486,SHCHEKINO,SHCHEKINO,USSR,False,8620,TULA,,
X010-L37,X010,entry,7490,SHCHELKOVO,SHCHELKOVO,USSR,False,5150,MOSCOW,,
X010-L38,X010,entry,74905,SHCHELKOVO,SHCHELKOVO,USSR,True,5150,MOSCOW,,
X010-L39,X010,entry,7500,SHCHERBAKOV,SHCHERBAKOV,USSR,False,,,,
X010-L40,X010,listed under,,SHCHERBAKOV,SHCHERBAKOV,USSR,True,,,7500,SHCHERBAKOV
X011-L02,X011,entry,8772,UGOLNYY,UGOLNYY,USSR,False,,,,
X011-L03,X011,listed under,,MYS BARYKOVA,MYS BARYKOVA,USSR,False,,,8772,UGOLNYY
X011-L04,X011,listed under,,UGOLNYY,UGOLNYY,USSR,True,,,8772,UGOLNYY
X011-L05,X011,entry,8775,UHERSKE HRADISTE,UHERSKE HRADISTE CZECH,Czechoslovakia,False,5925,OTROKOVICE CZECH,,
X011-L06,X011,entry,8776,UHERSKY BROD,UHERSKY BROD CZECH,Czechoslovakia,False,5925,OTROKOVICE CZECH,,
X011-L07,X011,entry,8778,UIJU,UIJU N KOREA,North Korea,True,02495,ANTUNG MANCH,,
X011-L08,X011,entry,8780,UKHTA,UKHTA,USSR,False,,,,
X011-L09,X011,listed under,,IZHMA,IZHMA,USSR,False,,,8780,UKHTA
X011-L10,X011,entry,87805,UKHTA,UKHTA,USSR,True,,,,
X011-L11,X011,entry,8785,UKRAINA,UKRAINA,USSR,True,7415,SERYSHEVO,,
X011-L12,X011,entry,8788,ULAAN BAATAR,ULAAN BAATAR CHINA,China,False,,,,
X011-L13,X011,entry,8790,ULAN UDE,ULAN UDE,USSR,False,,,,
X011-L14,X011,listed under,,ULAN UDE,ULAN UDE,USSR,True,,,8790,ULAN UDE
X011-L15,X011,listed under,,ULAN UDE E,ULAN UDE E,USSR,True,,,8790,ULAN UDE
X011-L16,X011,entry,8800,ULBA,ULBA,USSR,False,4500,LENINOGORSK,,
X011-L17,X011,entry,8805,ULEMISTE,ULEMISTE,USSR,True,8220,TALLIN,,
X011-L18,X011,entry,8807,ULEZ,ULEZ POL,Poland,True,1590,DEBLIN,,
X011-L19,X011,entry,8810,ULYANOVSK,ULYANOVSK,USSR,False,,,,
X011-L20,X011,listed under,,ULYANOVSK,ULYANOVSK,USSR,True,,,8810,ULYANOVSK
X011-L21,X011,entry,8812,UMAN,UMAN,USSR,True,34735,KHRISTINOVKA,,
X011-L22,X011,entry,88124,UNASHI,UNASHI,USSR,False,7942,SUCHAN,,
X011-L23,X011,entry,88125,UNASHI,UNASHI,USSR,True,7942,SUCHAN,,
X011-L24,X011,entry,88127,UNECHA,UNECHA,USSR,False,,,,
X011-L25,X011,entry,88128,UNGENY,UNGENY,USSR,False,2885,IASI RUM,,
X011-L26,X011,entry,88129,UNGGI,UNGGI N KOREA,North Korea,False,5357,NAJIN N KOREA,,
X011-L27,X011,entry,8815,UNICOV,UNICOV CZECH,Czechoslovakia,False,5745,OLOMOUC CZECH,,
X011-L28,X011,entry,8817,UNTERWELLENBORN,UNTERWELLENBORN E GER,East Germany,False,7155,SAALFELD E GER,,
X011-L29,X011,entry,88175,URA GUBA,URA GUBA,USSR,True,5961,OZERO KULPYAVR,,
X011-L30,X011,entry,8818,URALNEFT,URALNEFT,USSR,False,,,,
X011-L31,X011,entry,8820,URALSK,URALSK,USSR,False,,,,
X011-L32,X011,listed under,,URALSK,URALSK,USSR,True,,,8820,URALSK
X012-L04,X012,listed under,,VARPALOTA,VARPALOTA,USSR,False,,,8820,URALSK
X012-L05,X012,listed under,,VESZPREM,VESZPREM,USSR,True,,,8820,URALSK
X012-L06,X012,entry,9076,VEYMARN,VEYMARN,USSR,False,,,,
X012-L09,X012,entry,90798,VIETZOW,VIETZOW POL,Poland,True,3927,KOSLIN POL,,
X012-L10,X012,entry,9080,VILNYUS,VILNYUS,USSR,False,,,,
X012-L11,X012,listed under,,NOVO VILNYA,NOVO VILNYA,USSR,False,,,9080,VILNYUS
X012-L12,X012,listed under,,NOVAYA VILEYKA,NOVAYA VILEYKA,USSR,True,,,9080,VILNYUS
X012-L13,X012,listed under,,VILNYUS,VILNYUS,USSR,True,,,9080,VILNYUS
X012-L14,X012,listed under,,VILNYUS E,VILNYUS E.,USSR,True,,,9080,VILNYUS
X012-L15,X012,listed under,,VILNYUS S W,VILNYUS S.W.,USSR,True,,,9080,VILNYUS
X012-L16,X012,entry,9085,VIMPERK,VIMPERK CZECH,Czechoslovakia,False,7905,STRAKONICE CZECH,,
X012-L17,X012,entry,9088,VINH,VINH N VIETNAM,North Vietnam,False,,,,
X012-L18,X012,entry,9090,VINNITSA,VINNITSA,USSR,False,,,,
X012-L19,X012,listed under,,VINNITSA,VINNITSA,USSR,True,,,9090,VINNITSA
X012-L20,X012,entry,9095,VIR,VIR CZECH,Czechoslovakia,False,,,,
X012-L21,X012,entry,9100,VITEBSK,VITEBSK,USSR,False,,,,
X012-L22,X012,listed under,,VITEBSK,VITEBSK,USSR,True,,,9100,VITEBSK
X012-L23,X012,entry,9110,VLADIMIR,VLADIMIR,USSR,False,,,,
X012-L24,X012,listed under,,DOBRYNSKOYE,DOBRYNSKOYE,USSR,True,,,9110,VLADIMIR
X012-L25,X012,listed under,,KUZMINA,KUZMINA,USSR,True,,,9110,VLADIMIR
X012-L26,X012,entry,9120,VLADIMIR BAY,VLADIMIR BAY,USSR,False,5730,OLGA BAY,,
X012-L27,X012,entry,9125,VLADIMIROVKA,VLADIMIROVKA,USSR,True,,,,
X012-L28,X012,entry,9127,VLADIMIR VOLYNSKIY,VLADIMIR VOLYNSKIY,USSR,False,,,,
X012-L29,X012,listed under,,VLADIMIR VOLYNSKIY N E,VLADIMIR VOLYNSKIY N E,USSR,True,,,9127,VLADIMIR VOLYNSKIY
X012-L30,X012,entry,9130,VLADIVOSTOK,VLADIVOSTOK,USSR,False,,,,
X012-L31,X012,listed under,,OKEANSKAYA,OKEANSKAYA,USSR,False,,,9130,VLADIVOSTOK
X012-L32,X012,listed under,,OSTROV RUSSKI,OSTROV RUSSKI,USSR,False,,,9130,VLADIVOSTOK
X012-L33,X012,listed under,,VLADIVOSTOK,VLADIVOSTOK,USSR,True,,,9130,VLADIVOSTOK
X012-L34,X012,listed under,,VTORAYA RECHKA,VTORAYA RECHKA,USSR,True,,,9130,VLADIVOSTOK
X012-L35,X012,entry,9135,VLAHITA,VLAHITA RUM,Romania,False,,,,
X012-L36,X012,listed under,,CICEU,CICEU,USSR,False,,,9135,VLAHITA RUM
X012-L37,X012,entry,9139,VLASIM,VLASIM CZECH,Czechoslovakia,False,,,,
X012-L38,X012,listed under,,DOMASIN,DOMASIN,USSR,False,,,9139,VLASIM CZECH
X012-L39,X012,listed under,,PELHRIMOV,PELHRIMOV,USSR,False,,,9139,VLASIM CZECH
X013-L04,X013,entry,9290,VSETIN,VSETIN CZECH,Czechoslovakia,False,,,,
X013-L05,X013,listed under,,HALENKOV,HALENKOV,USSR,False,,,9290,VSETIN CZECH
X013-L06,X013,listed under,,ROZNOV,ROZNOV,USSR,False,,,9290,VSETIN CZECH
X013-L07,X013,entry,9291,VTORAYA RECHKA,VTORAYA RECHKA,USSR,True,9130,VLADIVOSTOK,,
X013-L09,X013,entry,9297,VVEDENKA,VVEDENKA,USSR,True,2922,IMAN,,
X013-L10,X013,entry,9300,VYARTSILYA,VYARTSILYA,USSR,False,,,,
X013-L11,X013,entry,9310,VYAZMA,VYAZMA,USSR,False,,,,
X013-L12,X013,listed under,,VYAZMA,VYAZMA,USSR,True,,,9310,VYAZMA
X013-L14,X013,entry,9320,VYBORG,VYBORG,USSR,False,,,,
X013-L16,X013,listed under,,URAS,URAS,USSR,False,,,9320,VYBORG
X013-L17,X013,listed under,,REMPETI,REMPETI,USSR,True,,,9320,VYBORG
X013-L18,X013,listed under,,VYBORG E,VYBORG E,USSR,True,,,9320,VYBORG
X013-L19,X013,entry,9330,VYKSA,VYKSA,USSR,False,,,,
X013-L20,X013,entry,9332,VYSHNI VOLOCHEK,VYSHNI VOLOCHEK,USSR,False,,,,
X013-L21,X013,entry,93325,VYSKOV,VYSKOV CZECH,Czechoslovakia,False,,,,
X013-L22,X013,listed under,,DEDICE,DEDICE,USSR,False,,,93325,VYSKOV CZECH
X013-L24,X013,entry,9340,VYTEGRA,VYTEGRA,USSR,False,,,,
X013-L25,X013,listed under,,VYTEGRA,VYTEGRA,USSR,True,,,9340,VYTEGRA
X013-L26,X013,entry,9365,WALDENBURG,WALDENBURG POL,Poland,False,,,,
X013-L27,X013,listed under,,LANGENBIELAU,LANGENBIELAU,USSR,False,,,9365,WALDENBURG POL
X013-L28,X013,listed under,,LUDWIGSDORF,LUDWIGSDORF,USSR,False,,,9365,WALDENBURG POL
X013-L29,X013,listed under,,REICHENBACH,REICHENBACH,USSR,False,,,9365,WALDENBURG POL
X013-L30,X013,listed under,,SAARAU,SAARAU,USSR,False,,,9365,WALDENBURG POL
X013-L31,X013,listed under,,SCHWEIDNITZ,SCHWEIDNITZ,USSR,False,,,9365,WALDENBURG POL
X013-L32,X013,listed under,,SCHWEIDNITZ E,SCHWEIDNITZ E.,USSR,True,,,9365,WALDENBURG POL
X013-L33,X013,entry,9367,WAN HSIEN,WAN HSIEN CHINA,China,False,,,,
X013-L34,X013,entry,9370,WAREN,WAREN E GER,East Germany,False,,,,
X013-L35,X013,entry,9375,WARKA,WARKA POL,Poland,False,,,,
X013-L36,X013,entry,9381,WARNEMUNDE,WARNEMUNDE E GER.,East Germany,False,6905,ROSTOCK E GER,,
X013-L37,X013,entry,9385,WARSAW,WARSAW POL,Poland,False,,,,
X013-L38,X013,listed under,,OZAROW,OZAROW,USSR,False,,,9385,WARSAW POL
X013-L39,X013,listed under,,PIASTOW,PIASTOW,USSR,False,,,9385,WARSAW POL
X013-L40,X013,listed under,,PRUSZKOW,PRUSZKOW,USSR,False,,,9385,WARSAW POL
X014-L04,X014,listed under,,MODLIN,MODLIN,USSR,True,,,9385,WARSAW POL
X014-L05,X014,listed under,,OKECIE,OKECIE,USSR,True,,,9385,WARSAW POL
X014-L06,X014,entry,9395,WEBAU,WEBAU E GER,East Germany,False,2565,HALLE-MERSEBURG E GER,,
X014-L07,X014,entry,9400,WEI HAI WEI,WEI HAI WEI CHINA,China,False,,,,
X014-L08,X014,entry,9403,WEI HSIEN,WEI HSIEN CHINA,China,True,,,,
X014-L10,X014,entry,9411,WEISSENFELS,WEISSENFELS E GER,East Germany,False,2565,HALLE-MERSEBURG E GER,,
X014-L11,X014,entry,9420,WEISSWASSER,WEISSWASSER E GER,East Germany,False,2745,HOYERSWERDA E GER,,
X014-L12,X014,entry,9425,WELNOWIEC,WELNOWIEC POL,Poland,False,2315,GLIWICE-SOSNOWIEC POL,,
X014-L13,X014,entry,9431,WELZOW,WELZOW E GER,East Germany,True,7345,SCHWARZHEIDE E GER,,
X014-L14,X014,entry,9435,WERDAU,WERDAU E GER,East Germany,False,9965,ZWICKAU E GER,,
X014-L15,X014,entry,9437,WERDER,WERDER E GER,East Germany,False,0915,BRANDENBERG E GER,,
X014-L16,X014,entry,9439,WERNEUCHEN,WERNEUCHEN E GER,East Germany,True,1935,EBERSWALDE E GER,,
X014-L17,X014,entry,9445,WESTEREGELN,WESTEREGELN E GER,East Germany,False,0695,BERNBURG E GER,,
X014-L18,X014,entry,94495,WHITE CLOUD,WHITE CLOUD CHINA,China,True,1153,CANTON CHINA,,
X014-L19,X014,entry,94735,WILMERSDORF,WILMERSDORF E GER,East Germany,False,2211,FURSTENWALDE E GER,,
X014-L20,X014,entry,9475,WISMAR,WISMAR E GER,East Germany,False,,,,
X014-L22,X014,listed under,,WUSTROW,WUSTROW,USSR,False,,,9475,WISMAR E GER
X014-L23,X014,entry,9480,WITTENBERGE,WITTENBERGE E GER,East Germany,False,,,,
X014-L24,X014,listed under,,PERLEBERG,PERLEBERG,USSR,False,,,9480,WITTENBERGE E GER
X014-L25,X014,entry,9481,WITTENBERG,WITTENBERG E GER,East Germany,False,1615,DESSAU E GER,,
X014-L26,X014,entry,9483,WITTSTOCK,WITTSTOCK E GER,East Germany,False,,,,
X014-L27,X014,listed under,,RECHLIN/LARZ,RECHLIN/LARZ,USSR,True,,,9483,WITTSTOCK E GER
X014-L28,X014,listed under,,WITTSTOCK,WITTSTOCK,USSR,True,,,9483,WITTSTOCK E GER
X014-L29,X014,entry,9484,WLADYSLAWOWO,WLADYSLAWOWO POL,Poland,False,6572,PUCK POL,,
X014-L30,X014,entry,9485,WLOCLAWEK,WLOCLAWEK POL,Poland,False,,,,
X014-L31,X014,entry,9495,WOLFEN,WOLFEN E GER,East Germany,False,1615,DESSAU E GER,,
X014-L32,X014,entry,9505,WOLGAST,WOLGAST E GER,East Germany,False,6095,PEENEMUNDE E GER,,
X014-L33,X014,entry,9510,WONSAN,WONSAN N KOREA,North Korea,False,,,,
X014-L34,X014,listed under,,MUNPYONG NI,MUNPYONG NI,USSR,False,,,9510,WONSAN N KOREA
X014-L35,X014,listed under,,WONSAN,WONSAN,USSR,True,,,9510,WONSAN N KOREA
