id,page,level,priority,ref,name,name_printed,country,lat,lon,parent_id,n_dgz,n_installations,n_population,n_msites,last_page
R002-L05,R002,complex,295,0670,BERDICHEV,BERDICHEV,USSR,49.9,28.5833,,0,7,1,0,R002
R002-L13,R002,subcomplex,,,KAZATIN,KAZATIN,USSR,49.7167,28.8167,R002-L05,0,2,1,0,R002
R002-L16,R002,complex,834,0674,BERDSK,BERDSK,USSR,54.8,83.0167,,0,3,1,0,R002
R002-L20,R002,complex,69,0680,BEREZNIKI,BEREZNIKI,USSR,59.4167,56.7,,1,14,0,0,R002
R002-L37,R002,complex,61,0685,BERLIN,BERLIN GER SOVZONE,East Germany,52.5167,13.4,,3,64,1,0,R004
R004-L13,R004,subcomplex,,,BERNAU,BERNAU E GER,East Germany,52.6667,13.6,R002-L37,0,3,1,0,R004
R004-L17,R004,subcomplex,,,HENNIGSDORF,HENNIGSDORF E GER,East Germany,52.6333,13.2167,R002-L37,0,4,1,0,R004
R004-L22,R004,subcomplex,,,ORANIENBURG,ORANIENBURG E GER,East Germany,52.75,13.2333,R002-L37,0,3,1,0,R004
R004-L26,R004,subcomplex,,,POTSDAM,POTSDAM E GER,East Germany,52.3833,13.0333,R002-L37,1,8,1,0,R004
R004-L36,R004,subcomplex,,,SCHOENWALDE,SCHOENWALDE E GER,East Germany,52.6167,13.1333,R002-L37,0,2,1,0,R004
R004-L39,R004,subcomplex,,,VELTEN,VELTEN E GER,East Germany,52.7,13.1667,R002-L37,1,3,1,0,R004
R004-L44,R004,complex,192,0695,BERNBURG,BERNBURG E GER,East Germany,51.8,11.7333,,1,4,1,0,R004
R004-L50,R004,subcomplex,,,AKEN,AKEN E GER,East Germany,51.85,12.05,R004-L44,0,2,1,0,R004
R004-L53,R004,subcomplex,,,ASCHERSLEBEN,ASCHERSLEBEN E GER,East Germany,51.75,11.4667,R004-L44,0,22,2,0,R005
R005-L23,R005,complex,1150,1030,BUCKAU,BUCKAU E GER,East Germany,52.2167,12.3,,0,2,1,0,R005
R005-L26,R005,complex,60,1045,BUDAPEST,BUDAPEST HUNG,Hungary,47.5,19.0833,,3,125,1,0,R007
R007-L56,R007,subcomplex,,,DIOSD,DIOSD HUNG,Hungary,47.4,18.95,R005-L26,0,3,1,0,R008
R008-L07,R008,subcomplex,,,NAGYTETENY,NAGYTETENY HUNG,Hungary,47.4,18.95,R005-L26,0,3,1,0,R008
R008-L11,R008,subcomplex,,,ROMAIFURDO,ROMAIFURDO HUNG,Hungary,47.5833,19.05,R005-L26,0,2,1,0,R008
R008-L14,R008,subcomplex,,,SZENTENDRE,SZENTENDRE HUNG,Hungary,47.6333,19.0667,R005-L26,0,3,1,0,R008
R008-L18,R008,subcomplex,,,SZOD,SZOD HUNG,Hungary,47.7,19.1833,R005-L26,1,2,1,0,R008
R008-L22,R008,subcomplex,,,TOKOL,TOKOL HUNG,Hungary,47.3333,18.9833,R005-L26,0,4,2,0,R008
R008-L28,R008,complex,1101,1046,BUDARINSKIY,BUDARINSKIY,USSR,50.65,42.5333,,0,2,1,0,R008
R008-L31,R008,complex,873,1048,BUETOW,BUETOW POL,Poland,54.1667,17.5,,0,2,1,0,R008
R008-L34,R008,complex,705,1049,BUGULMA,BUGULMA,USSR,54.5333,52.8,,0,2,1,0,R008
R008-L37,R008,complex,572,1050,BUGURUSLAN,BUGURUSLAN,USSR,53.6667,52.45,,0,2,1,0,R008
R008-L40,R008,subcomplex,,,POKHVISTNEVO,POKHVISTNEVO,USSR,53.65,52.1167,R008-L37,0,2,1,0,R008
R008-L43,R008,complex,907,10525,BUKACHACHA,BUKACHACHA,USSR,52.9667,116.9,,0,5,2,0,R009
R009-L07,R009,subcomplex,,,PEGAU,PEGAU E GER,East Germany,51.1667,12.2333,R008-L43,0,3,1,0,R009
R009-L11,R009,subcomplex,,,WURZEN,WURZEN E GER,East Germany,51.3667,12.7333,R008-L43,1,4,1,0,R009
R009-L17,R009,complex,904,4475,LEISNIG,LEISNIG E GER,East Germany,51.1667,12.9167,,0,3,1,0,R009
R009-L21,R009,subcomplex,,,ROCHLITZ,ROCHLITZ E GER,East Germany,51.05,12.8,R009-L17,0,3,1,0,R009
R009-L25,R009,complex,738,4480,LENINAKAN,LENINAKAN,USSR,40.7667,43.85,,0,5,1,0,R009
R009-L32,R009,complex,2,4490,LENINGRAD,LENINGRAD,USSR,59.9333,30.3333,,3,145,2,0,R012
R012-L32,R012,subcomplex,,,KOLPINO,KOLPINO,USSR,59.75,30.6333,R009-L32,1,6,1,0,R012
R012-L41,R012,subcomplex,,,SABLINO,SABLINO,USSR,59.6,30.7,R009-L32,1,4,2,0,R012
R012-L48,R012,complex,301,4500,LENINOGORSK,LENINOGORSK,USSR,50.35,83.5333,,0,5,1,0,R012
R012-L54,R012,subcomplex,,,ULBA,ULBA,USSR,50.2833,83.3833,R012-L48,0,0,0,0,R012
R013-L04,R013,complex,613,5134,MOROZOVSK,MOROZOVSK,USSR,48.3667,41.85,,0,2,1,0,R013
R013-L07,R013,complex,629,5135,MORSHANSK,MORSHANSK,USSR,53.4667,41.8167,,0,3,1,0,R013
R013-L11,R013,complex,1,5150,MOSCOW,MOSCOW,USSR,55.75,37.6167,,5,177,1,0,R016
R016-L43,R016,subcomplex,,,KUCHINO,KUCHINO,USSR,55.75,37.9833,R013-L11,0,2,1,0,R016
R016-L46,R016,subcomplex,,,SHCHELKOVO,SHCHELKOVO,USSR,55.9,38.0333,R013-L11,0,5,1,0,R016
R016-L53,R016,subcomplex,,,TOMILINO,TOMILINO,USSR,55.6667,37.9333,R013-L11,0,4,2,1,R017
R017-L06,R017,complex,1080,6111,PEI LI,PEI LI CHINA,China,19.1333,108.6667,,0,2,1,0,R017
R017-L09,R017,complex,981,6115,PEI PIAO,PEI PIAO CHINA,China,41.8,120.7833,,0,1,1,0,R017
R017-L12,R017,complex,13,6125,PEI PING,PEI PING CHINA,China,39.9167,116.4,,1,17,1,0,R017
R017-L31,R017,subcomplex,,,FENG TAI,FENG TAI CHINA,China,39.85,116.2833,R017-L12,1,5,1,0,R017
R017-L38,R017,complex,236,6141,PEN CHI,PEN CHI MANCH,China (Manchuria),41.3333,123.75,,1,13,2,0,R018
R018-L09,R018,complex,100,6485,POZNAN,POZNAN POL,Poland,52.4,16.9167,,1,20,1,0,R018
R018-L31,R018,complex,58,6493,PRAGUE,PRAGUE CZECH,Czechoslovakia,50.0833,14.4167,,3,73,2,0,R020
R020-L07,R020,subcomplex,,,KLADNO,KLADNO CZECH,Czechoslovakia,50.15,14.1167,R018-L31,1,12,1,0,R020
R020-L21,R020,subcomplex,,,KRALUPY NAD VLTAVOU,KRALUPY NAD VLTAVOU CZECH,Czechoslovakia,50.2333,14.3,R018-L31,1,4,1,0,R020
R020-L27,R020,subcomplex,,,KRALUV DVUR,KRALUV DVUR CZECH,Czechoslovakia,49.95,14.05,R018-L31,0,2,1,0,R020
R020-L30,R020,subcomplex,,,NERATOVICE,NERATOVICE CZECH,Czechoslovakia,50.2667,14.5167,R018-L31,0,6,1,0,R020
R020-L37,R020,subcomplex,,,PSARY,PSARY CZECH,Czechoslovakia,49.9167,14.5,R018-L31,0,2,1,0,R020
R020-L40,R020,subcomplex,,,RADOTIN,RADOTIN CZECH,Czechoslovakia,49.9833,14.3667,R018-L31,0,3,1,0,R020
R020-L44,R020,subcomplex,,,ROZTOKY,ROZTOKY CZECH,Czechoslovakia,50.1667,14.4,R018-L31,1,3,1,0,R020
R020-L49,R020,subcomplex,,,SLANY,SLANY CZECH,Czechoslovakia,50.2333,14.0833,R018-L31,0,5,1,0,R020
R020-L55,R020,subcomplex,,,STECHOVICE,STECHOVICE CZECH,Czechoslovakia,49.85,14.4,R018-L31,0,2,1,0,R021
R021-L05,R021,subcomplex,,,LUDWIGSDORF,LUDWIGSDORF POL,Poland,50.6333,16.5,R018-L31,0,2,1,0,R021
R021-L08,R021,subcomplex,,,REICHENBACH,REICHENBACH POL,Poland,50.7167,16.65,R018-L31,0,2,1,0,R021
R021-L11,R021,subcomplex,,,SAARAU,SAARAU POL,Poland,50.95,16.5,R018-L31,1,10,2,0,R021
R021-L24,R021,complex,482,9367,WAN HSIEN,WAN HSIEN CHINA,China,30.8167,108.4,,0,2,1,0,R021
R021-L27,R021,complex,1042,9370,WAREN,WAREN E GER,East Germany,53.5167,12.6833,,0,2,1,0,R021
R021-L30,R021,complex,1213,9375,WARKA,WARKA POL,Poland,51.7833,21.2,,0,3,1,0,R021
R021-L34,R021,complex,62,9385,WARSAW,WARSAW POL,Poland,52.25,21.0,,0,15,1,0,R022
R022-L06,R022,subcomplex,,,KRASNOTURINSK,KRASNOTURINSK,USSR,59.75,60.1833,R021-L34,1,7,1,0,R022
R022-L15,R022,complex,422,7410,SERPUKHOV,SERPUKHOV,USSR,54.9167,37.4167,,0,7,1,1,R022
R022-L26,R022,complex,32,7430,SEVASTOPOL,SEVASTOPOL,USSR,44.6167,33.5333,,1,22,1,0,R022
R022-L50,R022,subcomplex,,,BALAKLAVA,BALAKLAVA,USSR,44.5,33.6,R022-L26,1,5,2,0,R023
R023-L09,R023,complex,1015,7445,SEVERSKAYA,SEVERSKAYA,USSR,44.85,38.6833,,0,2,1,0,R023
R023-L12,R023,complex,1195,7458,SFANTUL GHEORGE,SFANTUL GHEORGE RUM,Romania,45.8667,25.7833,,0,2,1,0,R023
R023-L15,R023,complex,780,74595,SHADRINSK,SHADRINSK,USSR,56.0833,63.65,,0,3,1,0,R023
R023-L19,R023,complex,217,7460,SHAKHTY,SHAKHTY,USSR,47.7167,40.2333,,1,5,1,0,R023
R023-L26,R023,subcomplex,,,KRASNYY SULIN,KRASNYY SULIN,USSR,47.8833,40.0667,R023-L19,0,3,1,0,R023
R023-L30,R023,complex,686,7461,SHAKHUNYA,SHAKHUNYA,USSR,57.6667,46.6,,0,2,1,0,R023
R023-L33,R023,complex,28,7475,SHANG HAI,SHANG HAI CHINA,China,31.25,121.4833,,2,8,1,0,R024
R024-L06,R024,subcomplex,,,MYS BARYKOVA,MYS BARYKOVA,USSR,63.05,179.4667,R023-L33,1,6,2,0,R024
R024-L15,R024,subcomplex,,,IZHMA,IZHMA,USSR,63.6333,53.9,R023-L33,0,3,1,0,R024
R024-L19,R024,complex,497,8788,ULAAN BAATAR,ULAAN BAATAR CHINA,China,47.9167,106.8833,,0,2,1,0,R024
R024-L22,R024,complex,105,8790,ULAN UDE,ULAN UDE,USSR,51.8167,107.6,,1,15,1,0,R024
R024-L39,R024,complex,124,8810,ULYANOVSK,ULYANOVSK,USSR,54.3167,48.4167,,1,33,1,0,R025
R025-L30,R025,subcomplex,,,OZAROW,OZAROW POL,Poland,52.2167,20.8167,R024-L39,0,2,1,0,R025
R025-L33,R025,subcomplex,,,PIASTOW,PIASTOW POL,Poland,52.1833,20.85,R024-L39,0,3,1,0,R025
R025-L37,R025,subcomplex,,,PRUSZKOW,PRUSZKOW POL,Poland,52.1667,20.75,R024-L39,0,14,3,0,R025
R025-L54,R025,subcomplex,,,WUSTROW,WUSTROW E GER,East Germany,54.0833,11.5833,R024-L39,0,0,0,0,R025
