id,page,complex_id,category,category_name,category_group,be_wac,be_number,text,part1_owner
R002-L06,R002,R002-L05,227,"LIQUID FUELS, STORAGE NON-REFINERY",,0233,,227 0233-,
R002-L07,R002,R002-L05,055,"BOILERS, HIGH PRESSURE",,0233,0165,055 0233-0165,
R002-L08,R002,R002-L05,064,CHEMICAL EQUIPMENT,,0233,0165,064 0233-0165,
R002-L09,R002,R002-L05,376,WEST SUB-REGION UKRAINE REGION,RAILROAD YARDS & SHOPS- USSR,0233,0166,376 0233-0166,
R002-L10,R002,R002-L05,248,MILITARY TROOP INSTALLATIONS,,0233,0248,248 0233-0248,
R002-L11,R002,R002-L05,246,"MILITARY STORAGE AREAS, ARMY & NAVY",,0233,0249,246 0233-0249,
R002-L12,R002,R002-L05,275,POPULATION,,0233,9927,275 0233-9927,
R002-L14,R002,R002-L13,376,WEST SUB-REGION UKRAINE REGION,RAILROAD YARDS & SHOPS- USSR,0233,0162,376 0233-0162,
R002-L15,R002,R002-L13,275,POPULATION,,0233,9338,275 0233-9338,
R002-L17,R002,R002-L16,285,RADIO & TELEVISION,,0162,0111,285 0162-0111,
R002-L18,R002,R002-L16,227,"LIQUID FUELS, STORAGE NON-REFINERY",,0162,0125,227 0162-0125,
R002-L19,R002,R002-L16,275,POPULATION,,0162,9996,275 0162-9996,
R002-L22,R002,R002-L20,118,URALS,ELECTRIC POWER - MAJOR GRIDS,0156,0001,118 0156-0001,
R002-L23,R002,R002-L20,022,"AMMONIA, SYNTHETIC",,0156,0064,022 0156-0064,
R002-L24,R002,R002-L20,047,A/E HEAVY WATER,,0156,0064,047 0156-0064,
R002-L25,R002,R002-L20,062,CAUSTIC SODA,,0156,0064,062 0156-0064,
R002-L26,R002,R002-L20,068,CHLORINE,,0156,0064,068 0156-0064,
R002-L27,R002,R002-L20,215,HIGH EXPLOSIVES,,0156,0064,215 0156-0064,
R002-L28,R002,R002-L20,236,METALLIC SODIUM,,0156,0064,236 0156-0064,
R002-L29,R002,R002-L20,425,SODA ASH,,0156,0064,425 0156-0064,
R002-L30,R002,R002-L20,445,SULFURIC ACID,,0156,0064,445 0156-0064,
R002-L31,R002,R002-L20,366,URALS REGION,RAILROAD YARDS & SHOPS- USSR,0156,0327,366 0156-0327,
R002-L32,R002,R002-L20,068,CHLORINE,,0156,0342,068 0156-0342,
R002-L33,R002,R002-L20,232,MAGNESIUM,,0156,0342,232 0156-0342,
R002-L34,R002,R002-L20,118,URALS,ELECTRIC POWER - MAJOR GRIDS,0156,0374,118 0156-0374,
R002-L35,R002,R002-L20,281,"PORTS, INLAND",,0156,0385,281 0156-0385,
R002-L36,R002,R002-L20,275,POPULATION,,0156,9983,275 0156-9983,
R002-L41,R002,R002-L37,090,CUTTING TOOLS,,0169,0085,090 0169-0085,
R002-L42,R002,R002-L37,200,ELECTRIC WIRE & CABLE,,0169,0085,200 0169-0085,
R002-L43,R002,R002-L37,050,"BATTERIES, LEAD ACID",,0169,0088,050 0169-0088,
R002-L44,R002,R002-L37,095,EARTH MOVING EQUIPMENT,,0169,0091,095 0169-0091,
R002-L45,R002,R002-L37,235,METAL FORMING EQUIPMENT,,0169,0091,235 0169-0091,
R002-L46,R002,R002-L37,200,ELECTRIC WIRE & CABLE,,0169,0092,200 0169-0092,
R002-L47,R002,R002-L37,202,ELECTRON TUBES,,0169,0144,202 0169-0144,
R002-L48,R002,R002-L37,285,RADIO & TELEVISION,,0169,0144,285 0169-0144,
R003-L04,R003,R002-L37,264,OPTICAL EQUIPMENT,,0169,0196,264 0169-0196,
R003-L05,R003,R002-L37,190,EAST GERMANY,ELECTRIC POWER - SATELLITES,0169,0231,190 0169-0231,
R003-L06,R003,R002-L37,227,"LIQUID FUELS, STORAGE NON-REFINERY",,0169,0255,227 0169-0255,
R003-L07,R003,R002-L37,227,"LIQUID FUELS, STORAGE NON-REFINERY",,0169,0256,227 0169-0256,
R003-L08,R003,R002-L37,285,RADIO & TELEVISION,,0169,0389,285 0169-0389,
R003-L09,R003,R002-L37,285,RADIO & TELEVISION,,0169,0390,285 0169-0390,
R003-L10,R003,R002-L37,070,CHLOROMYCETIN,,0169,0402,070 0169-0402,
R003-L11,R003,R002-L37,480,"TRANSFORMERS, HEAVY",,0169,0404,480 0169-0404,
R003-L12,R003,R002-L37,055,"BOILERS, HIGH PRESSURE",,0169,0405,055 0169-0405,
R003-L13,R003,R002-L37,206,"GENERATORS, HEAVY",,0169,0405,206 0169-0405,
R003-L14,R003,R002-L37,485,"TURBINES, HEAVY",,0169,0405,485 0169-0405,
R003-L15,R003,R002-L37,190,EAST GERMANY,ELECTRIC POWER - SATELLITES,0169,0411,190 0169-0411,
R003-L16,R003,R002-L37,227,"LIQUID FUELS, STORAGE NON-REFINERY",,0169,0431,227 0169-0431,
R003-L17,R003,R002-L37,230,MACHINE TOOLS,,0169,0440,230 0169-0440,
R003-L18,R003,R002-L37,230,MACHINE TOOLS,,0169,0441,230 0169-0441,
R003-L19,R003,R002-L37,190,EAST GERMANY,ELECTRIC POWER - SATELLITES,0169,0444,190 0169-0444,
R003-L20,R003,R002-L37,030,ANTI-FRICTION BEARINGS,,0169,0453,030 0169-0453,
R003-L21,R003,R002-L37,281,"PORTS, INLAND",,0169,0465,281 0169-0465,
R003-L22,R003,R002-L37,388,EAST GERMANY,RAILROAD YARDS & SHOPS- SATELLITES,0169,0550,388 0169-0550,
R003-L23,R003,R002-L37,388,EAST GERMANY,RAILROAD YARDS & SHOPS- SATELLITES,0169,0551,388 0169-0551,
R003-L24,R003,R002-L37,388,EAST GERMANY,RAILROAD YARDS & SHOPS- SATELLITES,0169,0552,388 0169-0552,
R003-L25,R003,R002-L37,334,EAST GERMANY,RAILROAD EQUIP REPAIR PLANTS-SATTELITES,0169,0553,334 0169-0553,
R003-L26,R003,R002-L37,388,EAST GERMANY,RAILROAD YARDS & SHOPS- SATELLITES,0169,0554,388 0169-0554,
R003-L27,R003,R002-L37,388,EAST GERMANY,RAILROAD YARDS & SHOPS- SATELLITES,0169,0555,388 0169-0555,
R003-L28,R003,R002-L37,388,EAST GERMANY,RAILROAD YARDS & SHOPS- SATELLITES,0169,0558,388 0169-0558,
R003-L29,R003,R002-L37,388,EAST GERMANY,RAILROAD YARDS & SHOPS- SATELLITES,0169,0559,388 0169-0559,
R003-L30,R003,R002-L37,388,EAST GERMANY,RAILROAD YARDS & SHOPS- SATELLITES,0169,0560,388 0169-0560,
R003-L31,R003,R002-L37,388,EAST GERMANY,RAILROAD YARDS & SHOPS- SATELLITES,0169,0562,388 0169-0562,
R003-L32,R003,R002-L37,388,EAST GERMANY,RAILROAD YARDS & SHOPS- SATELLITES,0169,0563,388 0169-0563,
R003-L33,R003,R002-L37,388,EAST GERMANY,RAILROAD YARDS & SHOPS- SATELLITES,0169,0564,388 0169-0564,
R003-L34,R003,R002-L37,334,EAST GERMANY,RAILROAD EQUIP REPAIR PLANTS-SATTELITES,0169,0565,334 0169-0565,
R003-L35,R003,R002-L37,388,EAST GERMANY,RAILROAD YARDS & SHOPS- SATELLITES,0169,0566,388 0169-0566,
R003-L36,R003,R002-L37,334,EAST GERMANY,RAILROAD EQUIP REPAIR PLANTS-SATTELITES,0169,0567,334 0169-0567,
R003-L37,R003,R002-L37,388,EAST GERMANY,RAILROAD YARDS & SHOPS- SATELLITES,0169,0568,388 0169-0568,
R003-L38,R003,R002-L37,388,EAST GERMANY,RAILROAD YARDS & SHOPS- SATELLITES,0169,0569,388 0169-0569,
R003-L39,R003,R002-L37,445,SULFURIC ACID,,0169,0586,445 0169-0586,
R003-L40,R003,R002-L37,208,GOVERNMENT CONTROL CENTERS,,0169,0591,208 0169-0591,
R003-L41,R003,R002-L37,405,RUBBER TIRES,,0169,0598,405 0169-0598,
R003-L42,R003,R002-L37,334,EAST GERMANY,RAILROAD EQUIP REPAIR PLANTS-SATTELITES,0169,0606,334 0169-0606,
R003-L43,R003,R002-L37,062,CAUSTIC SODA,,0169,0608,062 0169-0608,
R003-L44,R003,R002-L37,388,EAST GERMANY,RAILROAD YARDS & SHOPS- SATELLITES,0169,0620,388 0169-0620,
R003-L45,R003,R002-L37,005,"ABRASIVES, BONDED",,0169,0622,005 0169-0622,
R003-L46,R003,R002-L37,281,"PORTS, INLAND",,0169,0650,281 0169-0650,
R003-L47,R003,R002-L37,389,IRAN,RAILROAD YARDS & SHOPS- SATELLITES,0169,0654,389 0169-0654,
R003-L48,R003,R002-L37,228,LOCKS & DAMS,,0169,0977,228 0169-0977,
R003-L49,R003,R002-L37,285,RADIO & TELEVISION,,0169,0978,285 0169-0978,
R003-L50,R003,R002-L37,264,OPTICAL EQUIPMENT,,0169,1014,264 0169-1014,
R003-L51,R003,R002-L37,281,"PORTS, INLAND",,0169,1042,281 0169-1042,
R003-L52,R003,R002-L37,281,"PORTS, INLAND",,0169,1113,281 0169-1113,
R003-L53,R003,R002-L37,227,"LIQUID FUELS, STORAGE NON-REFINERY",,0169,1124,227 0169-1124,
R003-L54,R003,R002-L37,227,"LIQUID FUELS, STORAGE NON-REFINERY",,0169,1125,227 0169-1125,
R003-L55,R003,R002-L37,227,"LIQUID FUELS, STORAGE NON-REFINERY",,0169,1126,227 0169-1126,
R003-L56,R003,R002-L37,227,"LIQUID FUELS, STORAGE NON-REFINERY",,0169,1127,227 0169-1127,
R004-L06,R004,R002-L37,440,SUBMARINE DIESEL ENGINES,,0169,1133,440 0169-1133,
R004-L07,R004,R002-L37,230,MACHINE TOOLS,,0169,1165,230 0169-1165,
R004-L08,R004,R002-L37,230,MACHINE TOOLS,,0169,1166,230 0169-1166,
R004-L09,R004,R002-L37,227,"LIQUID FUELS, STORAGE NON-REFINERY",,0169,1329,227 0169-1329,
R004-L10,R004,R002-L37,285,RADIO & TELEVISION,,0169,1538,285 0169-1538,
R004-L11,R004,R002-L37,285,RADIO & TELEVISION,,0169,1539,285 0169-1539,
R004-L12,R004,R002-L37,275,POPULATION,,0169,9998,275 0169-9998,
R004-L14,R004,R004-L13,275,POPULATION,,0169,,275 0169-,
R004-L15,R004,R004-L13,246,"MILITARY STORAGE AREAS, ARMY & NAVY",,0169,0996,246 0169-0996,
R004-L16,R004,R004-L13,248,MILITARY TROOP INSTALLATIONS,,0169,1168,248 0169-1168,
R004-L18,R004,R004-L17,206,"GENERATORS, HEAVY",,0169,0093,206 0169-0093,
R004-L19,R004,R004-L17,430,STEEL,,0169,0407,430 0169-0407,
R004-L20,R004,R004-L17,281,"PORTS, INLAND",,0169,0867,281 0169-0867,
R004-L21,R004,R004-L17,275,POPULATION,,0169,9918,275 0169-9918,
R004-L23,R004,R004-L22,445,SULFURIC ACID,,0169,0435,445 0169-0435,
R004-L24,R004,R004-L22,248,MILITARY TROOP INSTALLATIONS,,0169,1217,248 0169-1217,
R004-L25,R004,R004-L22,275,POPULATION,,0169,9916,275 0169-9916,
R004-L28,R004,R004-L26,190,EAST GERMANY,ELECTRIC POWER - SATELLITES,0169,0233,190 0169-0233,
R004-L29,R004,R004-L26,334,EAST GERMANY,RAILROAD EQUIP REPAIR PLANTS-SATTELITES,0169,0618,334 0169-0618,
R004-L30,R004,R004-L26,208,GOVERNMENT CONTROL CENTERS,,0169,1135,208 0169-1135,
R004-L31,R004,R004-L26,090,CUTTING TOOLS,,0169,1150,090 0169-1150,
R004-L32,R004,R004-L26,248,MILITARY TROOP INSTALLATIONS,,0169,1169,248 0169-1169,
R004-L33,R004,R004-L26,248,MILITARY TROOP INSTALLATIONS,,0169,1170,248 0169-1170,
R004-L34,R004,R004-L26,245,"MILITARY STORAGE AREAS, AIR FORCE",,0169,1566,245 0169-1566,
R004-L35,R004,R004-L26,275,POPULATION,,0169,9997,275 0169-9997,
R004-L37,R004,R004-L36,248,MILITARY TROOP INSTALLATIONS,,0169,1222,248 0169-1222,
R004-L38,R004,R004-L36,275,POPULATION,,0169,9761,275 0169-9761,
R004-L41,R004,R004-L39,227,"LIQUID FUELS, STORAGE NON-REFINERY",,0169,0257,227 0169-0257,
R004-L42,R004,R004-L39,281,"PORTS, INLAND",,0169,0781,281 0169-0781,
R004-L43,R004,R004-L39,275,POPULATION,,0169,9823,275 0169-9823,
R004-L46,R004,R004-L44,062,CAUSTIC SODA,,0231,1091,062 0231-1091,
R004-L47,R004,R004-L44,425,SODA ASH,,0231,1091,425 0231-1091,
R004-L48,R004,R004-L44,228,LOCKS & DAMS,,0231,2306,228 0231-2306,
R004-L49,R004,R004-L44,275,POPULATION,,0231,9992,275 0231-9992,
R004-L51,R004,R004-L50,227,"LIQUID FUELS, STORAGE NON-REFINERY",,0231,0883,227 0231-0883,
R004-L52,R004,R004-L50,275,POPULATION,,0231,9355,275 0231-9355,
R004-L54,R004,R004-L53,275,POPULATION,,0231,,275 0231-,
R004-L55,R004,R004-L53,230,MACHINE TOOLS,,0231,1299,230 0231-1299,
R004-L56,R004,R004-L53,388,EAST GERMANY,RAILROAD YARDS & SHOPS- SATELLITES,0231,3096,388 0231-3096,
R005-L03,R005,,394,RUMANIA,RAILROAD YARDS & SHOPS- SATELLITES,0251,0562,394 0251-0562,1020
R005-L04,R005,,010,AGRICULTURAL EQUIPMENT,,0251,0565,010 0251-0565,1020
R005-L05,R005,,208,GOVERNMENT CONTROL CENTERS,,0251,0578,208 0251-0578,1020
R005-L06,R005,,246,"MILITARY STORAGE AREAS, ARMY & NAVY",,0251,0608,246 0251-0608,1020
R005-L07,R005,,246,"MILITARY STORAGE AREAS, ARMY & NAVY",,0251,0609,246 0251-0609,1020
R005-L08,R005,,246,"MILITARY STORAGE AREAS, ARMY & NAVY",,0251,0610,246 0251-0610,1020
R005-L09,R005,,264,OPTICAL EQUIPMENT,,0251,0622,264 0251-0622,1020
R005-L10,R005,,227,"LIQUID FUELS, STORAGE NON-REFINERY",,0251,0656,227 0251-0656,1020
R005-L11,R005,,050,"BATTERIES, LEAD ACID",,0251,0669,050 0251-0669,1020
R005-L12,R005,,010,AGRICULTURAL EQUIPMENT,,0251,0713,010 0251-0713,1020
R005-L13,R005,,010,AGRICULTURAL EQUIPMENT,,0251,0714,010 0251-0714,1020
R005-L14,R005,,243,MILITARY SCHOOLS,,0251,0862,243 0251-0862,1020
R005-L15,R005,,248,MILITARY TROOP INSTALLATIONS,,0251,0863,248 0251-0863,1020
R005-L16,R005,,248,MILITARY TROOP INSTALLATIONS,,0251,0888,248 0251-0888,1020
R005-L17,R005,,241,"MILITARY HQS, ARMY",,0251,0894,241 0251-0894,1020
R005-L18,R005,,245,"MILITARY STORAGE AREAS, AIR FORCE",,0251,0959,245 0251-0959,1020
R005-L19,R005,,245,"MILITARY STORAGE AREAS, AIR FORCE",,0251,0960,245 0251-0960,1020
R005-L20,R005,,275,POPULATION,,0251,9999,275 0251-9999 || CHITILA RUM 4430-02600,1020
R005-L21,R005,R005-L20,246,"MILITARY STORAGE AREAS, ARMY & NAVY",,0251,0142,246 0251-0142,1020
R005-L22,R005,R005-L20,275,POPULATION,,0251,9865,275 0251-9865,1020
R005-L24,R005,R005-L23,246,"MILITARY STORAGE AREAS, ARMY & NAVY",,0169,0600,246 0169-0600,
R005-L25,R005,R005-L23,275,POPULATION,,0169,9799,275 0169-9799,
R005-L30,R005,R005-L26,240,"MILITARY CONTROLS, AIR FORCE",,0251,,240 0251-,
R005-L31,R005,R005-L26,241,"MILITARY HQS, ARMY",,0251,,241 0251-,
R005-L32,R005,R005-L26,405,RUBBER TIRES,,0251,0034,405 0251-0034,
R005-L33,R005,R005-L26,056,"BRIDGES, HWY",,0251,0036,056 0251-0036,
R005-L34,R005,R005-L26,290,RAILROAD BRIDGES,,0251,0036,290 0251-0036,
R005-L35,R005,R005-L26,062,CAUSTIC SODA,,0251,0229,062 0251-0229,
R005-L36,R005,R005-L26,068,CHLORINE,,0251,0229,068 0251-0229,
R005-L37,R005,R005-L26,445,SULFURIC ACID,,0251,0229,445 0251-0229,
R005-L38,R005,R005-L26,192,HUNGARY,ELECTRIC POWER - SATELLITES,0251,0336,192 0251-0336,
R005-L39,R005,R005-L26,230,MACHINE TOOLS,,0251,0337,230 0251-0337,
R005-L40,R005,R005-L26,226,"LIQUID FUELS, STORAGE AT REFINERIES",,0251,0339,226 0251-0339,
R005-L41,R005,R005-L26,226,"LIQUID FUELS, STORAGE AT REFINERIES",,0251,0340,226 0251-0340,
R005-L42,R005,R005-L26,010,AGRICULTURAL EQUIPMENT,,0251,0342,010 0251-0342,
R005-L43,R005,R005-L26,023,AMMUNITION,,0251,0342,023 0251-0342,
R005-L44,R005,R005-L26,082,"COPPER, REFINED",,0251,0342,082 0251-0342,
R005-L45,R005,R005-L26,095,EARTH MOVING EQUIPMENT,,0251,0342,095 0251-0342,
R005-L46,R005,R005-L26,212,"GUNS, MAJOR CALIBER",,0251,0342,212 0251-0342,
R005-L47,R005,R005-L26,230,MACHINE TOOLS,,0251,0342,230 0251-0342,
R005-L48,R005,R005-L26,235,METAL FORMING EQUIPMENT,,0251,0342,235 0251-0342,
R005-L49,R005,R005-L26,250,MINING MACHINERY,,0251,0342,250 0251-0342,
R005-L50,R005,R005-L26,262,OIL EXTRACTION EQUIPMENT,,0251,0342,262 0251-0342,
R006-L04,R006,R005-L26,430,STEEL,,0251,0342,430 0251-0342,
R006-L05,R006,R005-L26,010,AGRICULTURAL EQUIPMENT,,0251,0343,010 0251-0343,
R006-L06,R006,R005-L26,055,"BOILERS, HIGH PRESSURE",,0251,0343,055 0251-0343,
R006-L07,R006,R005-L26,095,EARTH MOVING EQUIPMENT,,0251,0343,095 0251-0343,
R006-L08,R006,R005-L26,250,MINING MACHINERY,,0251,0343,250 0251-0343,
R006-L09,R006,R005-L26,294,RAILROAD LOCOMOTIVES,,0251,0343,294 0251-0343,
R006-L10,R006,R005-L26,095,EARTH MOVING EQUIPMENT,,0251,0344,095 0251-0344,
R006-L11,R006,R005-L26,250,MINING MACHINERY,,0251,0344,250 0251-0344,
R006-L12,R006,R005-L26,292,RAILROAD FREIGHT CARS,,0251,0344,292 0251-0344,
R006-L13,R006,R005-L26,296,RAILROAD PASSENGER CARS,,0251,0344,296 0251-0344,
R006-L14,R006,R005-L26,298,RAILROAD TANK CARS,,0251,0344,298 0251-0344,
R006-L15,R006,R005-L26,440,SUBMARINE DIESEL ENGINES,,0251,0344,440 0251-0344,
R006-L16,R006,R005-L26,264,OPTICAL EQUIPMENT,,0251,0358,264 0251-0358,
R006-L17,R006,R005-L26,268,"PERISCOPES, SUBMARINE",,0251,0358,268 0251-0358,
R006-L18,R006,R005-L26,095,EARTH MOVING EQUIPMENT,,0251,0359,095 0251-0359,
R006-L19,R006,R005-L26,250,MINING MACHINERY,,0251,0359,250 0251-0359,
R006-L20,R006,R005-L26,430,STEEL,,0251,0359,430 0251-0359,
R006-L21,R006,R005-L26,475,TRACTORS,,0251,0359,475 0251-0359,
R006-L22,R006,R005-L26,214,"GUNS, SMALL ARMS",,0251,0361,214 0251-0361,
R006-L23,R006,R005-L26,230,MACHINE TOOLS,,0251,0361,230 0251-0361,
R006-L24,R006,R005-L26,010,AGRICULTURAL EQUIPMENT,,0251,0364,010 0251-0364,
R006-L25,R006,R005-L26,055,"BOILERS, HIGH PRESSURE",,0251,0367,055 0251-0367,
R006-L26,R006,R005-L26,485,"TURBINES, HEAVY",,0251,0367,485 0251-0367,
R006-L27,R006,R005-L26,250,MINING MACHINERY,,0251,0368,250 0251-0368,
R006-L28,R006,R005-L26,202,ELECTRON TUBES,,0251,0369,202 0251-0369,
R006-L29,R006,R005-L26,285,RADIO & TELEVISION,,0251,0370,285 0251-0370,
R006-L30,R006,R005-L26,200,ELECTRIC WIRE & CABLE,,0251,0371,200 0251-0371,
R006-L31,R006,R005-L26,285,RADIO & TELEVISION,,0251,0371,285 0251-0371,
R006-L32,R006,R005-L26,224,"LIQUID FUEL PLANTS, CRUDE",,0251,0372,224 0251-0372,
R006-L33,R006,R005-L26,226,"LIQUID FUELS, STORAGE AT REFINERIES",,0251,0372,226 0251-0372,
R006-L34,R006,R005-L26,055,"BOILERS, HIGH PRESSURE",,0251,0373,055 0251-0373,
R006-L35,R006,R005-L26,228,LOCKS & DAMS,,0251,0375,228 0251-0375,
R006-L36,R006,R005-L26,192,HUNGARY,ELECTRIC POWER - SATELLITES,0251,0376,192 0251-0376,
R006-L37,R006,R005-L26,266,PENICILLIN,,0251,0379,266 0251-0379,
R006-L38,R006,R005-L26,335,HUNGARY,RAILROAD EQUIP REPAIR PLANTS-SATTELITES,0251,0381,335 0251-0381,
R006-L39,R006,R005-L26,200,ELECTRIC WIRE & CABLE,,0251,0383,200 0251-0383,
R006-L40,R006,R005-L26,390,HUNGARY,RAILROAD YARDS & SHOPS- SATELLITES,0251,0385,390 0251-0385,
R006-L41,R006,R005-L26,290,RAILROAD BRIDGES,,0251,0387,290 0251-0387,
R006-L42,R006,R005-L26,290,RAILROAD BRIDGES,,0251,0388,290 0251-0388,
R006-L43,R006,R005-L26,226,"LIQUID FUELS, STORAGE AT REFINERIES",,0251,0394,226 0251-0394,
R006-L44,R006,R005-L26,390,HUNGARY,RAILROAD YARDS & SHOPS- SATELLITES,0251,0398,390 0251-0398,
R006-L45,R006,R005-L26,390,HUNGARY,RAILROAD YARDS & SHOPS- SATELLITES,0251,0399,390 0251-0399,
R006-L46,R006,R005-L26,390,HUNGARY,RAILROAD YARDS & SHOPS- SATELLITES,0251,0400,390 0251-0400,
R006-L47,R006,R005-L26,390,HUNGARY,RAILROAD YARDS & SHOPS- SATELLITES,0251,0401,390 0251-0401,
R006-L48,R006,R005-L26,390,HUNGARY,RAILROAD YARDS & SHOPS- SATELLITES,0251,0402,390 0251-0402,
R006-L49,R006,R005-L26,390,HUNGARY,RAILROAD YARDS & SHOPS- SATELLITES,0251,0403,390 0251-0403,
R006-L50,R006,R005-L26,390,HUNGARY,RAILROAD YARDS & SHOPS- SATELLITES,0251,0404,390 0251-0404,
R006-L51,R006,R005-L26,245,"MILITARY STORAGE AREAS, AIR FORCE",,0251,0411,245 0251-0411,
R006-L52,R006,R005-L26,050,"BATTERIES, LEAD ACID",,0251,0412,050 0251-0412,
R006-L53,R006,R005-L26,206,"GENERATORS, HEAVY",,0251,0415,206 0251-0415,
R006-L54,R006,R005-L26,480,"TRANSFORMERS, HEAVY",,0251,0415,480 0251-0415,
R006-L55,R006,R005-L26,200,ELECTRIC WIRE & CABLE,,0251,0416,200 0251-0416,
R006-L56,R006,R005-L26,285,RADIO & TELEVISION,,0251,0417,285 0251-0417,
R007-L04,R007,R005-L26,192,HUNGARY,ELECTRIC POWER - SATELLITES,0251,0468,192 0251-0468,
R007-L05,R007,R005-L26,192,HUNGARY,ELECTRIC POWER - SATELLITES,0251,0469,192 0251-0469,
R007-L06,R007,R005-L26,192,HUNGARY,ELECTRIC POWER - SATELLITES,0251,0472,192 0251-0472,
R007-L07,R007,R005-L26,192,HUNGARY,ELECTRIC POWER - SATELLITES,0251,0473,192 0251-0473,
R007-L08,R007,R005-L26,390,HUNGARY,RAILROAD YARDS & SHOPS- SATELLITES,0251,0502,390 0251-0502,
R007-L09,R007,R005-L26,228,LOCKS & DAMS,,0251,0524,228 0251-0524,
R007-L10,R007,R005-L26,056,"BRIDGES, HWY",,0251,0570,056 0251-0570,
R007-L11,R007,R005-L26,056,"BRIDGES, HWY",,0251,0571,056 0251-0571,
R007-L12,R007,R005-L26,056,"BRIDGES, HWY",,0251,0572,056 0251-0572,
R007-L13,R007,R005-L26,056,"BRIDGES, HWY",,0251,0573,056 0251-0573,
R007-L14,R007,R005-L26,056,"BRIDGES, HWY",,0251,0575,056 0251-0575,
R007-L15,R007,R005-L26,056,"BRIDGES, HWY",,0251,0576,056 0251-0576,
R007-L16,R007,R005-L26,208,GOVERNMENT CONTROL CENTERS,,0251,0577,208 0251-0577,
R007-L17,R007,R005-L26,390,HUNGARY,RAILROAD YARDS & SHOPS- SATELLITES,0251,0586,390 0251-0586,
R007-L18,R007,R005-L26,390,HUNGARY,RAILROAD YARDS & SHOPS- SATELLITES,0251,0594,390 0251-0594,
R007-L19,R007,R005-L26,390,HUNGARY,RAILROAD YARDS & SHOPS- SATELLITES,0251,0595,390 0251-0595,
R007-L20,R007,R005-L26,390,HUNGARY,RAILROAD YARDS & SHOPS- SATELLITES,0251,0596,390 0251-0596,
R007-L21,R007,R005-L26,390,HUNGARY,RAILROAD YARDS & SHOPS- SATELLITES,0251,0597,390 0251-0597,
R007-L22,R007,R005-L26,390,HUNGARY,RAILROAD YARDS & SHOPS- SATELLITES,0251,0598,390 0251-0598,
R007-L23,R007,R005-L26,264,OPTICAL EQUIPMENT,,0251,0603,264 0251-0603,
R007-L24,R007,R005-L26,268,"PERISCOPES, SUBMARINE",,0251,0603,268 0251-0603,
R007-L25,R007,R005-L26,050,"BATTERIES, LEAD ACID",,0251,0617,050 0251-0617,
R007-L26,R007,R005-L26,050,"BATTERIES, LEAD ACID",,0251,0618,050 0251-0618,
R007-L27,R007,R005-L26,005,"ABRASIVES, BONDED",,0251,0619,005 0251-0619,
R007-L28,R007,R005-L26,090,CUTTING TOOLS,,0251,0630,090 0251-0630,
R007-L29,R007,R005-L26,228,LOCKS & DAMS,,0251,0672,228 0251-0672,
R007-L30,R007,R005-L26,228,LOCKS & DAMS,,0251,0673,228 0251-0673,
R007-L31,R007,R005-L26,228,LOCKS & DAMS,,0251,0674,228 0251-0674,
R007-L32,R007,R005-L26,005,"ABRASIVES, BONDED",,0251,0677,005 0251-0677,
R007-L33,R007,R005-L26,252,MOTOR VEHICLES,,0251,0703,252 0251-0703,
R007-L34,R007,R005-L26,214,"GUNS, SMALL ARMS",,0251,0710,214 0251-0710,
R007-L35,R007,R005-L26,010,AGRICULTURAL EQUIPMENT,,0251,0722,010 0251-0722,
R007-L36,R007,R005-L26,227,"LIQUID FUELS, STORAGE NON-REFINERY",,0251,0738,227 0251-0738,
R007-L37,R007,R005-L26,005,"ABRASIVES, BONDED",,0251,0740,005 0251-0740,
R007-L38,R007,R005-L26,285,RADIO & TELEVISION,,0251,0741,285 0251-0741,
R007-L39,R007,R005-L26,246,"MILITARY STORAGE AREAS, ARMY & NAVY",,0251,0743,246 0251-0743,
R007-L40,R007,R005-L26,248,MILITARY TROOP INSTALLATIONS,,0251,0744,248 0251-0744,
R007-L41,R007,R005-L26,248,MILITARY TROOP INSTALLATIONS,,0251,0745,248 0251-0745,
R007-L42,R007,R005-L26,248,MILITARY TROOP INSTALLATIONS,,0251,0746,248 0251-0746,
R007-L43,R007,R005-L26,248,MILITARY TROOP INSTALLATIONS,,0251,0747,248 0251-0747,
R007-L44,R007,R005-L26,248,MILITARY TROOP INSTALLATIONS,,0251,0748,248 0251-0748,
R007-L45,R007,R005-L26,248,MILITARY TROOP INSTALLATIONS,,0251,0749,248 0251-0749,
R007-L46,R007,R005-L26,243,MILITARY SCHOOLS,,0251,0750,243 0251-0750,
R007-L47,R007,R005-L26,248,MILITARY TROOP INSTALLATIONS,,0251,0751,248 0251-0751,
R007-L48,R007,R005-L26,248,MILITARY TROOP INSTALLATIONS,,0251,0752,248 0251-0752,
R007-L49,R007,R005-L26,241,"MILITARY HQS, ARMY",,0251,0753,241 0251-0753,
R007-L50,R007,R005-L26,248,MILITARY TROOP INSTALLATIONS,,0251,0754,248 0251-0754,
R007-L51,R007,R005-L26,246,"MILITARY STORAGE AREAS, ARMY & NAVY",,0251,0869,246 0251-0869,
R007-L52,R007,R005-L26,246,"MILITARY STORAGE AREAS, ARMY & NAVY",,0251,0872,246 0251-0872,
R007-L53,R007,R005-L26,250,MINING MACHINERY,,0251,0950,250 0251-0950,
R007-L54,R007,R005-L26,245,"MILITARY STORAGE AREAS, AIR FORCE",,0251,0963,245 0251-0963,
R007-L55,R007,R005-L26,275,POPULATION,,0251,9997,275 0251-9997,
R008-L04,R008,R007-L56,275,POPULATION,,0252,,275 0252-,
R008-L05,R008,R007-L56,023,AMMUNITION,,0252,0924,023 0252-0924,
R008-L06,R008,R007-L56,030,ANTI-FRICTION BEARINGS,,0252,0971,030 0252-0971,
R008-L08,R008,R008-L07,023,AMMUNITION,,0252,0925,023 0252-0925,
R008-L09,R008,R008-L07,246,"MILITARY STORAGE AREAS, ARMY & NAVY",,0252,0977,246 0252-0977,
R008-L10,R008,R008-L07,275,POPULATION,,0252,9697,275 0252-9697,
R008-L12,R008,R008-L11,275,POPULATION,,0251,,275 0251-,
R008-L13,R008,R008-L11,250,MINING MACHINERY,,0251,0614,250 0251-0614,
R008-L15,R008,R008-L14,275,POPULATION,,0251,,275 0251-,
R008-L16,R008,R008-L14,335,HUNGARY,RAILROAD EQUIP REPAIR PLANTS-SATTELITES,0251,0606,335 0251-0606,
R008-L17,R008,R008-L14,243,MILITARY SCHOOLS,,0251,0886,243 0251-0886,
R008-L20,R008,R008-L18,227,"LIQUID FUELS, STORAGE NON-REFINERY",,0251,0545,227 0251-0545,
R008-L21,R008,R008-L18,275,POPULATION,,0251,9891,275 0251-9891,
R008-L23,R008,R008-L22,275,POPULATION,,0252,,275 0252-,
R008-L24,R008,R008-L22,252,MOTOR VEHICLES,,0252,0411,252 0252-0411,
R008-L26,R008,R008-L25,023,AMMUNITION,,0252,0652,023 0252-0652,
R008-L27,R008,R008-L25,275,POPULATION,,0252,9604,275 0252-9604,
R008-L29,R008,R008-L28,227,"LIQUID FUELS, STORAGE NON-REFINERY",,0234,,227 0234-,
R008-L30,R008,R008-L28,275,POPULATION,,0234,,275 0234-,
R008-L32,R008,R008-L31,392,POLAND,RAILROAD YARDS & SHOPS- SATELLITES,0169,1077,392 0169-1077,
R008-L33,R008,R008-L31,275,POPULATION,,0169,9738,275 0169-9738,
R008-L35,R008,R008-L34,368,VOLGA REGION,RAILROAD YARDS & SHOPS- USSR,0165,0323,368 0165-0323,
R008-L36,R008,R008-L34,275,POPULATION,,0165,9961,275 0165-9961,
R008-L38,R008,R008-L37,160,URALS REGION,ELECTRIC POWER - OUTSIDE GRIDS,0165,0294,160 0165-0294,
R008-L39,R008,R008-L37,275,POPULATION,,0165,9991,275 0165-9991,
R008-L41,R008,R008-L40,275,POPULATION,,0165,,275 0165-,
R008-L42,R008,R008-L40,368,VOLGA REGION,RAILROAD YARDS & SHOPS- USSR,0165,0313,368 0165-0313,
R008-L44,R008,R008-L43,245,"MILITARY STORAGE AREAS, AIR FORCE",,0199,0050,245 0199-0050,
R008-L45,R008,R008-L43,275,POPULATION,,0199,9997,275 0199-9997,
R009-L04,R009,,275,POPULATION,,0231,,275 0231-,4465
R009-L05,R009,,248,MILITARY TROOP INSTALLATIONS,,0231,3228,248 0231-3228,4465
R009-L06,R009,,064,CHEMICAL EQUIPMENT,,0231,3806,064 0231-3806,4465
R009-L08,R009,R009-L07,275,POPULATION,,0231,,275 0231-,4465
R009-L09,R009,R009-L07,190,EAST GERMANY,ELECTRIC POWER - SATELLITES,0231,1330,190 0231-1330,4465
R009-L10,R009,R009-L07,190,EAST GERMANY,ELECTRIC POWER - SATELLITES,0231,2710,190 0231-2710,4465
R009-L13,R009,R009-L11,275,POPULATION,,0231,,275 0231-,4465
R009-L14,R009,R009-L11,388,EAST GERMANY,RAILROAD YARDS & SHOPS- SATELLITES,0231,,388 0231-,4465
R009-L15,R009,R009-L11,010,AGRICULTURAL EQUIPMENT,,0231,2789,010 0231-2789,4465
R009-L16,R009,R009-L11,064,CHEMICAL EQUIPMENT,,0231,3805,064 0231-3805,4465
R009-L18,R009,R009-L17,275,POPULATION,,0231,,275 0231-,
R009-L19,R009,R009-L17,264,OPTICAL EQUIPMENT,,0231,2756,264 0231-2756,
R009-L20,R009,R009-L17,248,MILITARY TROOP INSTALLATIONS,,0231,3412,248 0231-3412,
R009-L22,R009,R009-L21,275,POPULATION,,0231,,275 0231-,
R009-L23,R009,R009-L21,285,RADIO & TELEVISION,,0231,0952,285 0231-0952,
R009-L24,R009,R009-L21,230,MACHINE TOOLS,,0231,2767,230 0231-2767,
R009-L27,R009,R009-L25,227,"LIQUID FUELS, STORAGE NON-REFINERY",,0325,,227 0325-,
R009-L28,R009,R009-L25,248,MILITARY TROOP INSTALLATIONS,,0325,,248 0325-,
R009-L29,R009,R009-L25,350,CAUCASUS REGION,RAILROAD YARDS & SHOPS- USSR,0325,0087,350 0325-0087,
R009-L30,R009,R009-L25,246,"MILITARY STORAGE AREAS, ARMY & NAVY",,0325,0404,246 0325-0404,
R009-L31,R009,R009-L25,275,POPULATION,,0325,9993,275 0325-9993,
R009-L36,R009,R009-L32,240,"MILITARY CONTROLS, AIR FORCE",,0153,,240 0153-,
R009-L37,R009,R009-L32,241,"MILITARY HQS, ARMY",,0153,,241 0153-,
R009-L38,R009,R009-L32,243,MILITARY SCHOOLS,,0153,,243 0153-,
R009-L39,R009,R009-L32,110,LENINGRAD,ELECTRIC POWER - MAJOR GRIDS,0153,0009,110 0153-0009,
R009-L40,R009,R009-L32,110,LENINGRAD,ELECTRIC POWER - MAJOR GRIDS,0153,0010,110 0153-0010,
R009-L41,R009,R009-L32,110,LENINGRAD,ELECTRIC POWER - MAJOR GRIDS,0153,0011,110 0153-0011,
R009-L42,R009,R009-L32,110,LENINGRAD,ELECTRIC POWER - MAJOR GRIDS,0153,0012,110 0153-0012,
R009-L43,R009,R009-L32,110,LENINGRAD,ELECTRIC POWER - MAJOR GRIDS,0153,0014,110 0153-0014,
R009-L44,R009,R009-L32,110,LENINGRAD,ELECTRIC POWER - MAJOR GRIDS,0153,0015,110 0153-0015,
R009-L45,R009,R009-L32,206,"GENERATORS, HEAVY",,0153,0016,206 0153-0016,
R009-L46,R009,R009-L32,480,"TRANSFORMERS, HEAVY",,0153,0016,480 0153-0016,
R009-L47,R009,R009-L32,200,ELECTRIC WIRE & CABLE,,0153,0017,200 0153-0017,
R009-L48,R009,R009-L32,212,"GUNS, MAJOR CALIBER",,0153,0018,212 0153-0018,
R009-L49,R009,R009-L32,415,SHIPBUILDING,,0153,0019,415 0153-0019,
R009-L50,R009,R009-L32,420,SHIP REPAIR,,0153,0019,420 0153-0019,
R010-L04,R010,R009-L32,095,EARTH MOVING EQUIPMENT,,0153,0029,095 0153-0029,
R010-L05,R010,R009-L32,430,STEEL,,0153,0029,430 0153-0029,
R010-L06,R010,R009-L32,450,TANKS & S. P. GUNS,,0153,0029,450 0153-0029,
R010-L07,R010,R009-L32,475,TRACTORS,,0153,0029,475 0153-0029,
R010-L08,R010,R009-L32,485,"TURBINES, HEAVY",,0153,0029,485 0153-0029,
R010-L09,R010,R009-L32,405,RUBBER TIRES,,0153,0034,405 0153-0034,
R010-L10,R010,R009-L32,023,AMMUNITION,,0103,0045,023 0103-0045,
R010-L11,R010,R009-L32,296,RAILROAD PASSENGER CARS,,0153,0046,296 0153-0046,
R010-L12,R010,R009-L32,005,"ABRASIVES, BONDED",,0153,0051,005 0153-0051,
R010-L13,R010,R009-L32,006,"ABRASIVES, CRUDE",,0153,0051,006 0153-0051,
R010-L14,R010,R009-L32,202,ELECTRON TUBES,,0103,0051,202 0103-0051,
R010-L15,R010,R009-L32,230,MACHINE TOOLS,,0153,0051,230 0153-0051,
R010-L16,R010,R009-L32,310,NORTHERN REGION,RAILROAD EQUIPMENT REPAIR PLANTS-USSR,0153,0054,310 0153-0054,
R010-L17,R010,R009-L32,410,SEA MINES,,0153,0055,410 0153-0055,
R010-L18,R010,R009-L32,470,TORPEDOES,,0153,0055,470 0153-0055,
R010-L19,R010,R009-L32,245,"MILITARY STORAGE AREAS, AIR FORCE",,0153,0058,245 0153-0058,
R010-L20,R010,R009-L32,023,AMMUNITION,,0153,0062,023 0153-0062,
R010-L21,R010,R009-L32,415,SHIPBUILDING,,0153,0064,415 0153-0064,
R010-L22,R010,R009-L32,420,SHIP REPAIR,,0153,0064,420 0153-0064,
R010-L23,R010,R009-L32,485,"TURBINES, HEAVY",,0153,0064,485 0153-0064,
R010-L24,R010,R009-L32,250,MINING MACHINERY,,0153,0069,250 0153-0069,
R010-L25,R010,R009-L32,055,"BOILERS, HIGH PRESSURE",,0153,0073,055 0153-0073,
R010-L26,R010,R009-L32,415,SHIPBUILDING,,0153,0077,415 0153-0077,
R010-L27,R010,R009-L32,415,SHIPBUILDING,,0153,0079,415 0153-0079,
R010-L28,R010,R009-L32,420,SHIP REPAIR,,0153,0079,420 0153-0079,
R010-L29,R010,R009-L32,437,SUBMARINE BASES,,0153,0079,437 0153-0079,
R010-L30,R010,R009-L32,264,OPTICAL EQUIPMENT,,0153,0081,264 0153-0081,
R010-L31,R010,R009-L32,268,"PERISCOPES, SUBMARINE",,0153,0081,268 0153-0081,
R010-L32,R010,R009-L32,440,SUBMARINE DIESEL ENGINES,,0153,0082,440 0153-0082,
R010-L33,R010,R009-L32,285,RADIO & TELEVISION,,0153,0083,285 0153-0083,
R010-L34,R010,R009-L32,410,SEA MINES,,0153,0088,410 0153-0088,
R010-L35,R010,R009-L32,415,SHIPBUILDING,,0153,0088,415 0153-0088,
R010-L36,R010,R009-L32,420,SHIP REPAIR,,0153,0088,420 0153-0088,
R010-L37,R010,R009-L32,055,"BOILERS, HIGH PRESSURE",,0153,0090,055 0153-0090,
R010-L38,R010,R009-L32,410,SEA MINES,,0153,0090,410 0153-0090,
R010-L39,R010,R009-L32,430,STEEL,,0153,0090,430 0153-0090,
R010-L40,R010,R009-L32,485,"TURBINES, HEAVY",,0153,0090,485 0153-0090,
R010-L41,R010,R009-L32,082,"COPPER, REFINED",,0153,0096,082 0153-0096,
R010-L42,R010,R009-L32,010,AGRICULTURAL EQUIPMENT,,0153,0098,010 0153-0098,
R010-L43,R010,R009-L32,230,MACHINE TOOLS,,0153,0100,230 0153-0100,
R010-L44,R010,R009-L32,064,CHEMICAL EQUIPMENT,,0153,0102,064 0153-0102,
R010-L45,R010,R009-L32,212,"GUNS, MAJOR CALIBER",,0153,0102,212 0153-0102,
R010-L46,R010,R009-L32,262,OIL EXTRACTION EQUIPMENT,,0153,0102,262 0153-0102,
R010-L47,R010,R009-L32,430,STEEL,,0153,0102,430 0153-0102,
R010-L48,R010,R009-L32,055,"BOILERS, HIGH PRESSURE",,0153,0103,055 0153-0103,
R010-L49,R010,R009-L32,212,"GUNS, MAJOR CALIBER",,0153,0103,212 0153-0103,
R010-L50,R010,R009-L32,485,"TURBINES, HEAVY",,0153,0103,485 0153-0103,
R010-L51,R010,R009-L32,075,COKE CHEMICALS,,0153,0105,075 0153-0105,
R010-L52,R010,R009-L32,285,RADIO & TELEVISION,,0153,0107,285 0153-0107,
R010-L53,R010,R009-L32,227,"LIQUID FUELS, STORAGE NON-REFINERY",,0153,0110,227 0153-0110,
R010-L54,R010,R009-L32,110,LENINGRAD,ELECTRIC POWER - MAJOR GRIDS,0153,0140,110 0153-0140,
R010-L55,R010,R009-L32,358,NORTHERN REGION,RAILROAD YARDS & SHOPS- USSR,0153,0142,358 0153-0142,
R010-L56,R010,R009-L32,358,NORTHERN REGION,RAILROAD YARDS & SHOPS- USSR,0153,0143,358 0153-0143,
R011-L05,R011,R009-L32,445,SULFURIC ACID,,0153,0144,445 0153-0144,
R011-L06,R011,R009-L32,445,SULFURIC ACID,,0153,0146,445 0153-0146,
R011-L07,R011,R009-L32,060,CALCIUM CARBIDE,,0153,0147,060 0153-0147,
R011-L08,R011,R009-L32,282,PROPELLANTS,,0153,0157,282 0153-0157,
R011-L09,R011,R009-L32,048,A/E RESEARCH,,0103,0158,048 0103-0158,
R011-L10,R011,R009-L32,285,RADIO & TELEVISION,,0153,0177,285 0153-0177,
R011-L11,R011,R009-L32,358,NORTHERN REGION,RAILROAD YARDS & SHOPS- USSR,0153,0181,358 0153-0181,
R011-L12,R011,R009-L32,480,"TRANSFORMERS, HEAVY",,0153,0184,480 0153-0184,
R011-L13,R011,R009-L32,050,"BATTERIES, LEAD ACID",,0153,0189,050 0153-0189,
R011-L14,R011,R009-L32,358,NORTHERN REGION,RAILROAD YARDS & SHOPS- USSR,0153,0190,358 0153-0190,
R011-L15,R011,R009-L32,420,SHIP REPAIR,,0153,0210,420 0153-0210,
R011-L16,R011,R009-L32,048,A/E RESEARCH,,0153,0230,048 0153-0230,
R011-L17,R011,R009-L32,285,RADIO & TELEVISION,,0153,0239,285 0153-0239,
R011-L18,R011,R009-L32,210,GUIDED MISSILES,,0103,0253,210 0103-0253,
R011-L19,R011,R009-L32,285,RADIO & TELEVISION,,0103,0253,285 0103-0253,
R011-L20,R011,R009-L32,248,MILITARY TROOP INSTALLATIONS,,0103,0265,248 0103-0265,
R011-L21,R011,R009-L32,062,CAUSTIC SODA,,0153,0271,062 0153-0271,
R011-L22,R011,R009-L32,066,"CHEMICAL WARFARE AGENT, STANDARD",,0153,0271,066 0153-0271,
R011-L23,R011,R009-L32,068,CHLORINE,,0153,0271,068 0153-0271,
R011-L24,R011,R009-L32,445,SULFURIC ACID,,0153,0271,445 0153-0271,
R011-L25,R011,R009-L32,204,FERRO-ALLOYS,,0153,0281,204 0153-0281,
R011-L26,R011,R009-L32,430,STEEL,,0153,0281,430 0153-0281,
R011-L27,R011,R009-L32,264,OPTICAL EQUIPMENT,,0153,0282,264 0153-0282,
R011-L28,R011,R009-L32,268,"PERISCOPES, SUBMARINE",,0153,0282,268 0153-0282,
R011-L29,R011,R009-L32,245,"MILITARY STORAGE AREAS, AIR FORCE",,0103,0295,245. 0103-0295,
R011-L30,R011,R009-L32,016,AIRFRAMES,,0153,0300,016 0153-0300,
R011-L31,R011,R009-L32,290,RAILROAD BRIDGES,,0153,0313,290 0153-0313,
R011-L32,R011,R009-L32,358,NORTHERN REGION,RAILROAD YARDS & SHOPS- USSR,0153,0317,358 0153-0317,
R011-L33,R011,R009-L32,358,NORTHERN REGION,RAILROAD YARDS & SHOPS- USSR,0153,0318,358 0153-0318,
R011-L34,R011,R009-L32,358,NORTHERN REGION,RAILROAD YARDS & SHOPS- USSR,0153,0319,358 0153-0319,
R011-L35,R011,R009-L32,358,NORTHERN REGION,RAILROAD YARDS & SHOPS- USSR,0153,0321,358 0153-0321,
R011-L36,R011,R009-L32,358,NORTHERN REGION,RAILROAD YARDS & SHOPS- USSR,0153,0323,358 0153-0323,
R011-L37,R011,R009-L32,358,NORTHERN REGION,RAILROAD YARDS & SHOPS- USSR,0153,0324,358 0153-0324,
R011-L38,R011,R009-L32,227,"LIQUID FUELS, STORAGE NON-REFINERY",,0153,0331,227 0153-0331,
R011-L39,R011,R009-L32,245,"MILITARY STORAGE AREAS, AIR FORCE",,0153,0333,245 0153-0333,
R011-L40,R011,R009-L32,227,"LIQUID FUELS, STORAGE NON-REFINERY",,0153,0334,227 0153-0334,
R011-L41,R011,R009-L32,281,"PORTS, INLAND",,0153,0335,281 0153-0335,
R011-L42,R011,R009-L32,280,"PORTS, MARITIME",,0153,0338,280 0153-0338,
R011-L43,R011,R009-L32,310,NORTHERN REGION,RAILROAD EQUIPMENT REPAIR PLANTS-USSR,0153,0368,310 0153-0368,
R011-L44,R011,R009-L32,285,RADIO & TELEVISION,,0153,0369,285 0153-0369,
R011-L45,R011,R009-L32,285,RADIO & TELEVISION,,0153,0370,285 0153-0370,
R011-L46,R011,R009-L32,420,SHIP REPAIR,,0153,0375,420 0153-0375,
R011-L47,R011,R009-L32,110,LENINGRAD,ELECTRIC POWER - MAJOR GRIDS,0153,0389,110 0153-0389,
R011-L48,R011,R009-L32,264,OPTICAL EQUIPMENT,,0153,0407,264 0153-0407,
R011-L49,R011,R009-L32,268,"PERISCOPES, SUBMARINE",,0153,0407,268 0153-0407,
R011-L50,R011,R009-L32,285,RADIO & TELEVISION,,0153,0433,285 0153-0433,
R011-L51,R011,R009-L32,210,GUIDED MISSILES,,0153,0440,210 0153-0440,
R011-L52,R011,R009-L32,285,RADIO & TELEVISION,,0153,0440,285 0153-0440,
R011-L53,R011,R009-L32,005,"ABRASIVES, BONDED",,0153,0465,005 0153-0465,
R011-L54,R011,R009-L32,110,LENINGRAD,ELECTRIC POWER - MAJOR GRIDS,0153,0474,110 0153-0474,
R011-L55,R011,R009-L32,015,AIRCRAFT ENGINES,,0153,0480,015 0153-0480,
R011-L56,R011,R009-L32,245,"MILITARY STORAGE AREAS, AIR FORCE",,0153,0480,245 0153-0480,
R011-L57,R011,R009-L32,358,NORTHERN REGION,RAILROAD YARDS & SHOPS- USSR,0153,0490,358. 0153-0490,
R012-L04,R012,R009-L32,285,RADIO & TELEVISION,,0153,0508,285 0153-0508,
R012-L05,R012,R009-L32,110,LENINGRAD,ELECTRIC POWER - MAJOR GRIDS,0153,0517,110 0153-0517,
R012-L06,R012,R009-L32,050,"BATTERIES, LEAD ACID",,0153,0519,050 0153-0519,
R012-L07,R012,R009-L32,230,MACHINE TOOLS,,0153,0520,230 0153-0520,
R012-L08,R012,R009-L32,208,GOVERNMENT CONTROL CENTERS,,0153,0533,208 0153-0533,
R012-L09,R012,R009-L32,095,EARTH MOVING EQUIPMENT,,0153,0554,095 0153-0554,
R012-L10,R012,R009-L32,110,LENINGRAD,ELECTRIC POWER - MAJOR GRIDS,0153,0571,110 0153-0571,
R012-L11,R012,R009-L32,110,LENINGRAD,ELECTRIC POWER - MAJOR GRIDS,0153,0572,110 0153-0572,
R012-L12,R012,R009-L32,280,"PORTS, MARITIME",,0153,0585,280 0153-0585,
R012-L13,R012,R009-L32,248,MILITARY TROOP INSTALLATIONS,,0153,0586,248 0153-0586,
R012-L14,R012,R009-L32,246,"MILITARY STORAGE AREAS, ARMY & NAVY",,0153,0587,246 0153-0587,
R012-L15,R012,R009-L32,246,"MILITARY STORAGE AREAS, ARMY & NAVY",,0153,0588,246 0153-0588,
R012-L16,R012,R009-L32,246,"MILITARY STORAGE AREAS, ARMY & NAVY",,0153,0589,246 0153-0589,
R012-L17,R012,R009-L32,248,MILITARY TROOP INSTALLATIONS,,0153,0591,248 0153-0591,
R012-L18,R012,R009-L32,246,"MILITARY STORAGE AREAS, ARMY & NAVY",,0153,0592,246 0153-0592,
R012-L19,R012,R009-L32,246,"MILITARY STORAGE AREAS, ARMY & NAVY",,0153,0593,246 0153-0593,
R012-L20,R012,R009-L32,246,"MILITARY STORAGE AREAS, ARMY & NAVY",,0153,0594,246 0153-0594,
R012-L21,R012,R009-L32,248,MILITARY TROOP INSTALLATIONS,,0153,0595,248 0153-0595,
R012-L22,R012,R009-L32,246,"MILITARY STORAGE AREAS, ARMY & NAVY",,0153,0596,246 0153-0596,
R012-L23,R012,R009-L32,242,"MILITARY HQS, NAVY",,0153,0599,242 0153-0599,
R012-L24,R012,R009-L32,248,MILITARY TROOP INSTALLATIONS,,0153,0600,248 0153-0600,
R012-L25,R012,R009-L32,248,MILITARY TROOP INSTALLATIONS,,0153,0643,248 0153-0643,
R012-L26,R012,R009-L32,285,RADIO & TELEVISION,,0153,0649,285 0153-0649,
R012-L27,R012,R009-L32,110,LENINGRAD,ELECTRIC POWER - MAJOR GRIDS,0153,0665,110 0153-0665,
R012-L28,R012,R009-L32,275,POPULATION,,0153,9997,275 0153-9997,
R012-L30,R012,R012-L29,358,NORTHERN REGION,RAILROAD YARDS & SHOPS- USSR,0103,0025,358 0103-0025,
R012-L31,R012,R012-L29,275,POPULATION,,0103,9999,275 0103-9999,
R012-L34,R012,R012-L32,227,"LIQUID FUELS, STORAGE NON-REFINERY",,0153,,227 0153-,
R012-L35,R012,R012-L32,235,METAL FORMING EQUIPMENT,,0153,0080,235 0153-0080,
R012-L36,R012,R012-L32,430,STEEL,,0153,0080,430 0153-0080,
R012-L37,R012,R012-L32,450,TANKS & S. P. GUNS,,0153,0080,450 0153-0080,
R012-L38,R012,R012-L32,110,LENINGRAD,ELECTRIC POWER - MAJOR GRIDS,0153,0529,110 0153-0529,
R012-L39,R012,R012-L32,415,SHIPBUILDING,,0153,0601,415 0153-0601,
R012-L40,R012,R012-L32,275,POPULATION,,0153,9992,275 0153-9992,
R012-L42,R012,R012-L41,358,NORTHERN REGION,RAILROAD YARDS & SHOPS- USSR,0153,0123,358 0153-0123,
R012-L43,R012,R012-L41,275,POPULATION,,0153,9970,275 0153-9970,
R012-L46,R012,R012-L44,090,CUTTING TOOLS,,0103,0030,090 0103-0030,
R012-L47,R012,R012-L44,275,POPULATION,,0103,9987,275 0103-9987,
R012-L49,R012,R012-L48,216,"LEAD, REFINED",,0239,0011,216 0239-0011,
R012-L50,R012,R012-L48,445,SULFURIC ACID,,0239,0041,445 0239-0041,
R012-L51,R012,R012-L48,100,ALTAI,ELECTRIC POWER - MAJOR GRIDS,0239,0049,100 0239-0049,
R012-L52,R012,R012-L48,100,ALTAI,ELECTRIC POWER - MAJOR GRIDS,0239,0051,100 0239-0051,
R012-L53,R012,R012-L48,275,POPULATION,,0239,9994,275 0239-9994,
R013-L05,R013,R013-L04,350,CAUCASUS REGION,RAILROAD YARDS & SHOPS- USSR,0234,0463,350 0234-0463,
R013-L06,R013,R013-L04,275,POPULATION,,0234,9910,275 0234-9910,
R013-L08,R013,R013-L07,227,"LIQUID FUELS, STORAGE NON-REFINERY",,0166,,227 0166-,
R013-L09,R013,R013-L07,364,SOUTHEAST SUB-REGION CENTRAL IND REG,RAILROAD YARDS & SHOPS- USSR,0166,0221,364 0166-0221,
R013-L10,R013,R013-L07,275,POPULATION,,0166,9988,275 0166-9988,
R013-L18,R013,R013-L11,054,BIOLOGICAL WARFARE RESEARCH,,0167,,054 0167-,
R013-L19,R013,R013-L11,054,BIOLOGICAL WARFARE RESEARCH,,0167,,054 0167-,
R013-L20,R013,R013-L11,227,"LIQUID FUELS, STORAGE NON-REFINERY",,0167,,227 0167-,
R013-L21,R013,R013-L11,227,"LIQUID FUELS, STORAGE NON-REFINERY",,0167,,227 0167-,
R013-L22,R013,R013-L11,227,"LIQUID FUELS, STORAGE NON-REFINERY",,0167,,227 0167-,
R013-L23,R013,R013-L11,227,"LIQUID FUELS, STORAGE NON-REFINERY",,0167,,227 0167-,
R013-L24,R013,R013-L11,227,"LIQUID FUELS, STORAGE NON-REFINERY",,0167,,227 0167-,
R013-L25,R013,R013-L11,227,"LIQUID FUELS, STORAGE NON-REFINERY",,0167,,227 0167-,
R013-L26,R013,R013-L11,227,"LIQUID FUELS, STORAGE NON-REFINERY",,0167,,227 0167-,
R013-L27,R013,R013-L11,240,"MILITARY CONTROLS, AIR FORCE",,0167,,240 0167-,
R013-L28,R013,R013-L11,241,"MILITARY HQS, ARMY",,0167,,241 0167-,
R013-L29,R013,R013-L11,243,MILITARY SCHOOLS,,0167,,243 0167-,
R013-L30,R013,R013-L11,252,MOTOR VEHICLES,,0167,0003,252 0167-0003,
R013-L31,R013,R013-L11,252,MOTOR VEHICLES,,0167,0008,252 0167-0008,
R013-L32,R013,R013-L11,112,MOSCOW-GORKIY,ELECTRIC POWER - MAJOR GRIDS,0167,0010,112 0167-0010,
R013-L33,R013,R013-L11,212,"GUNS, MAJOR CALIBER",,0167,0011,212 0167-0011,
R013-L34,R013,R013-L11,016,AIRFRAMES,,0167,0012,016 0167-0012,
R013-L35,R013,R013-L11,112,MOSCOW-GORKIY,ELECTRIC POWER - MAJOR GRIDS,0167,0015,112 0167-0015,
R013-L36,R013,R013-L11,112,MOSCOW-GORKIY,ELECTRIC POWER - MAJOR GRIDS,0167,0016,112 0167-0016,
R013-L37,R013,R013-L11,430,STEEL,,0167,0018,430 0167-0018,
R013-L38,R013,R013-L11,308,MOSCOW SUB-REGION CENTRAL IND REGION,RAILROAD EQUIPMENT REPAIR PLANTS-USSR,0167,0019,308 0167-0019,
R013-L39,R013,R013-L11,430,STEEL,,0167,0019,430 0167-0019,
R013-L40,R013,R013-L11,016,AIRFRAMES,,0167,0021,016 0167-0021,
R013-L41,R013,R013-L11,206,"GENERATORS, HEAVY",,0167,0025,206 0167-0025,
R013-L42,R013,R013-L11,480,"TRANSFORMERS, HEAVY",,0167,0025,480 0167-0025,
R013-L43,R013,R013-L11,016,AIRFRAMES,,0167,0026,016 0167-0026,
R013-L44,R013,R013-L11,230,MACHINE TOOLS,,0167,0028,230 0167-0028,
R013-L45,R013,R013-L11,016,AIRFRAMES,,0167,0029,016 0167-0029,
R013-L46,R013,R013-L11,230,MACHINE TOOLS,,0167,0032,230 0167-0032,
R013-L47,R013,R013-L11,090,CUTTING TOOLS,,0167,0034,090 0167-0034,
R013-L48,R013,R013-L11,281,"PORTS, INLAND",,0167,0037,281 0167-0037,
R013-L49,R013,R013-L11,015,AIRCRAFT ENGINES,,0167,0043,015 0167-0043,
R013-L50,R013,R013-L11,015,AIRCRAFT ENGINES,,0167,0044,015 0167-0044,
R013-L51,R013,R013-L11,245,"MILITARY STORAGE AREAS, AIR FORCE",,0167,0044,245 0167-0044,
R013-L52,R013,R013-L11,016,AIRFRAMES,,0167,0048,016 0167-0048,
R014-L04,R014,R013-L11,048,A/E RESEARCH,,0167,0057,048 0167-0057,
R014-L05,R014,R013-L11,030,ANTI-FRICTION BEARINGS,,0167,0058,030 0167-0058,
R014-L06,R014,R013-L11,030,ANTI-FRICTION BEARINGS,,0167,0059,030 0167-0059,
R014-L07,R014,R013-L11,016,AIRFRAMES,,0167,0066,016 0167-0066,
R014-L08,R014,R013-L11,112,MOSCOW-GORKIY,ELECTRIC POWER - MAJOR GRIDS,0167,0082,112 0167-0082,
R014-L09,R014,R013-L11,308,MOSCOW SUB-REGION CENTRAL IND REGION,RAILROAD EQUIPMENT REPAIR PLANTS-USSR,0167,0087,308 0167-0087,
R014-L10,R014,R013-L11,296,RAILROAD PASSENGER CARS,,0167,0090,296 0167-0090,
R014-L11,R014,R013-L11,450,TANKS & S. P. GUNS,,0167,0090,450 0167-0090,
R014-L12,R014,R013-L11,308,MOSCOW SUB-REGION CENTRAL IND REGION,RAILROAD EQUIPMENT REPAIR PLANTS-USSR,0167,0093,308 0167-0093,
R014-L13,R014,R013-L11,356,MOSCOW SUB-REGION CENTRAL IND REGION,RAILROAD YARDS & SHOPS- USSR,0167,0096,356 0167-0096,
R014-L14,R014,R013-L11,015,AIRCRAFT ENGINES,,0167,0101,015 0167-0101,
R014-L15,R014,R013-L11,356,MOSCOW SUB-REGION CENTRAL IND REGION,RAILROAD YARDS & SHOPS- USSR,0167,0103,356 0167-0103,
R014-L16,R014,R013-L11,356,MOSCOW SUB-REGION CENTRAL IND REGION,RAILROAD YARDS & SHOPS- USSR,0167,0104,356 0167-0104,
R014-L17,R014,R013-L11,356,MOSCOW SUB-REGION CENTRAL IND REGION,RAILROAD YARDS & SHOPS- USSR,0167,0105,356 0167-0105,
R014-L18,R014,R013-L11,015,AIRCRAFT ENGINES,,0167,0106,015 0167-0106,
R014-L19,R014,R013-L11,243,MILITARY SCHOOLS,,0167,0106,243 0167-0106,
R014-L20,R014,R013-L11,016,AIRFRAMES,,0167,0107,016 0167-0107,
R014-L21,R014,R013-L11,356,MOSCOW SUB-REGION CENTRAL IND REGION,RAILROAD YARDS & SHOPS- USSR,0167,0109,356 0167-0109,
R014-L22,R014,R013-L11,356,MOSCOW SUB-REGION CENTRAL IND REGION,RAILROAD YARDS & SHOPS- USSR,0167,0110,356 0167-0110,
R014-L23,R014,R013-L11,230,MACHINE TOOLS,,0167,0129,230 0167-0129,
R014-L24,R014,R013-L11,210,GUIDED MISSILES,,0167,0158,210 0167-0158,
R014-L25,R014,R013-L11,226,"LIQUID FUELS, STORAGE AT REFINERIES",,0167,0160,226 0167-0160,
R014-L26,R014,R013-L11,224,"LIQUID FUEL PLANTS, CRUDE",,0167,0161,224 0167-0161,
R014-L27,R014,R013-L11,226,"LIQUID FUELS, STORAGE AT REFINERIES",,0167,0161,226 0167-0161,
R014-L28,R014,R013-L11,224,"LIQUID FUEL PLANTS, CRUDE",,0167,0162,224 0167-0162,
R014-L29,R014,R013-L11,226,"LIQUID FUELS, STORAGE AT REFINERIES",,0167,0162,226 0167-0162,
R014-L30,R014,R013-L11,010,AGRICULTURAL EQUIPMENT,,0167,0180,010 0167-0180,
R014-L31,R014,R013-L11,356,MOSCOW SUB-REGION CENTRAL IND REGION,RAILROAD YARDS & SHOPS- USSR,0167,0181,356 0167-0181,
R014-L32,R014,R013-L11,356,MOSCOW SUB-REGION CENTRAL IND REGION,RAILROAD YARDS & SHOPS- USSR,0167,0182,356 0167-0182,
R014-L33,R014,R013-L11,356,MOSCOW SUB-REGION CENTRAL IND REGION,RAILROAD YARDS & SHOPS- USSR,0167,0183,356 0167-0183,
R014-L34,R014,R013-L11,356,MOSCOW SUB-REGION CENTRAL IND REGION,RAILROAD YARDS & SHOPS- USSR,0167,0185,356 0167-0185,
R014-L35,R014,R013-L11,356,MOSCOW SUB-REGION CENTRAL IND REGION,RAILROAD YARDS & SHOPS- USSR,0167,0186,356 0167-0186,
R014-L36,R014,R013-L11,356,MOSCOW SUB-REGION CENTRAL IND REGION,RAILROAD YARDS & SHOPS- USSR,0167,0187,356 0167-0187,
R014-L37,R014,R013-L11,356,MOSCOW SUB-REGION CENTRAL IND REGION,RAILROAD YARDS & SHOPS- USSR,0167,0188,356 0167-0188,
R014-L38,R014,R013-L11,281,"PORTS, INLAND",,0167,0206,281 0167-0206,
R014-L39,R014,R013-L11,228,LOCKS & DAMS,,0167,0207,228 0167-0207,
R014-L40,R014,R013-L11,112,MOSCOW-GORKIY,ELECTRIC POWER - MAJOR GRIDS,0167,0209,112 0167-0209,
R014-L41,R014,R013-L11,228,LOCKS & DAMS,,0167,0210,228 0167-0210,
R014-L42,R014,R013-L11,228,LOCKS & DAMS,,0167,0211,228 0167-0211,
R014-L43,R014,R013-L11,112,MOSCOW-GORKIY,ELECTRIC POWER - MAJOR GRIDS,0167,0216,112 0167-0216,
R014-L44,R014,R013-L11,112,MOSCOW-GORKIY,ELECTRIC POWER - MAJOR GRIDS,0167,0218,112 0167-0218,
R014-L45,R014,R013-L11,075,COKE CHEMICALS,,0167,0226,075 0167-0226,
R014-L46,R014,R013-L11,445,SULFURIC ACID,,0167,0234,445 0167-0234,
R014-L47,R014,R013-L11,445,SULFURIC ACID,,0167,0235,445 0167-0235,
R014-L48,R014,R013-L11,064,CHEMICAL EQUIPMENT,,0167,0261,064 0167-0261,
R014-L49,R014,R013-L11,064,CHEMICAL EQUIPMENT,,0167,0265,064 0167-0265,
R014-L50,R014,R013-L11,262,OIL EXTRACTION EQUIPMENT,,0167,0265,262 0167-0265,
R014-L51,R014,R013-L11,405,RUBBER TIRES,,0167,0268,405 0167-0268,
R014-L52,R014,R013-L11,200,ELECTRIC WIRE & CABLE,,0167,0272,200 0167-0272,
R014-L53,R014,R013-L11,264,OPTICAL EQUIPMENT,,0167,0278,264 0167-0278,
R014-L54,R014,R013-L11,268,"PERISCOPES, SUBMARINE",,0167,0278,268 0167-0278,
R014-L55,R014,R013-L11,005,"ABRASIVES, BONDED",,0167,0295,005 0167-0295,
R014-L56,R014,R013-L11,266,PENICILLIN,,0167,0303,266 0167-0303,
R015-L04,R015,R013-L11,070,CHLOROMYCETIN,,0167,0334,070 0167-0334,
R015-L05,R015,R013-L11,266,PENICILLIN,,0167,0334,266 0167-0334,
R015-L06,R015,R013-L11,435,STREPTOMYCIN,,0167,0334,435 0167-0334,
R015-L07,R015,R013-L11,445,SULFURIC ACID,,0167,0338,445 0167-0338,
R015-L08,R015,R013-L11,445,SULFURIC ACID,,0167,0341,445 0167-0341,
R015-L09,R015,R013-L11,062,CAUSTIC SODA,,0167,0352,062 0167-0352,
R015-L10,R015,R013-L11,066,"CHEMICAL WARFARE AGENT, STANDARD",,0167,0352,066 0167-0352,
R015-L11,R015,R013-L11,068,CHLORINE,,0167,0352,068 0167-0352,
R015-L12,R015,R013-L11,082,"COPPER, REFINED",,0167,0360,082 0167-0360,
R015-L13,R015,R013-L11,202,ELECTRON TUBES,,0167,0377,202 0167-0377,
R015-L14,R015,R013-L11,480,"TRANSFORMERS, HEAVY",,0167,0377,480 0167-0377,
R015-L15,R015,R013-L11,016,AIRFRAMES,,0167,0396,016 0167-0396,
R015-L16,R015,R013-L11,090,CUTTING TOOLS,,0167,0401,090 0167-0401,
R015-L17,R015,R013-L11,230,MACHINE TOOLS,,0167,0410,230 0167-0410,
R015-L18,R015,R013-L11,230,MACHINE TOOLS,,0167,0411,230 0167-0411,
R015-L19,R015,R013-L11,112,MOSCOW-GORKIY,ELECTRIC POWER - MAJOR GRIDS,0167,0424,112 0167-0424,
R015-L20,R015,R013-L11,112,MOSCOW-GORKIY,ELECTRIC POWER - MAJOR GRIDS,0167,0426,112 0167-0426,
R015-L21,R015,R013-L11,048,A/E RESEARCH,,0167,0455,048 0167-0455,
R015-L22,R015,R013-L11,095,EARTH MOVING EQUIPMENT,,0167,0520,095 0167-0520,
R015-L23,R015,R013-L11,112,MOSCOW-GORKIY,ELECTRIC POWER - MAJOR GRIDS,0167,0546,112 0167-0546,
R015-L24,R015,R013-L11,200,ELECTRIC WIRE & CABLE,,0167,0552,200 0167-0552,
R015-L25,R015,R013-L11,285,RADIO & TELEVISION,,0167,0553,285 0167-0553,
R015-L26,R015,R013-L11,016,AIRFRAMES,,0167,0580,016 0167-0580,
R015-L27,R015,R013-L11,245,"MILITARY STORAGE AREAS, AIR FORCE",,0167,0580,245 0167-0580,
R015-L28,R015,R013-L11,015,AIRCRAFT ENGINES,,0167,0591,015 0167-0591,
R015-L29,R015,R013-L11,245,"MILITARY STORAGE AREAS, AIR FORCE",,0167,0581,245 0167-0581,
R015-L30,R015,R013-L11,356,MOSCOW SUB-REGION CENTRAL IND REGION,RAILROAD YARDS & SHOPS- USSR,0167,0583,356 0167-0583,
R015-L31,R015,R013-L11,356,MOSCOW SUB-REGION CENTRAL IND REGION,RAILROAD YARDS & SHOPS- USSR,0167,0584,356 0167-0584,
R015-L32,R015,R013-L11,356,MOSCOW SUB-REGION CENTRAL IND REGION,RAILROAD YARDS & SHOPS- USSR,0167,0585,356 0167-0585,
R015-L33,R015,R013-L11,356,MOSCOW SUB-REGION CENTRAL IND REGION,RAILROAD YARDS & SHOPS- USSR,0167,0586,356 0167-0586,
R015-L34,R015,R013-L11,356,MOSCOW SUB-REGION CENTRAL IND REGION,RAILROAD YARDS & SHOPS- USSR,0167,0587,356 0167-0587,
R015-L35,R015,R013-L11,356,MOSCOW SUB-REGION CENTRAL IND REGION,RAILROAD YARDS & SHOPS- USSR,0167,0588,356 0167-0588,
R015-L36,R015,R013-L11,356,MOSCOW SUB-REGION CENTRAL IND REGION,RAILROAD YARDS & SHOPS- USSR,0167,0589,356 0167-0589,
R015-L37,R015,R013-L11,356,MOSCOW SUB-REGION CENTRAL IND REGION,RAILROAD YARDS & SHOPS- USSR,0167,0590,356 0167-0590,
R015-L38,R015,R013-L11,356,MOSCOW SUB-REGION CENTRAL IND REGION,RAILROAD YARDS & SHOPS- USSR,0167,0592,356 0167-0592,
R015-L39,R015,R013-L11,356,MOSCOW SUB-REGION CENTRAL IND REGION,RAILROAD YARDS & SHOPS- USSR,0167,0593,356 0167-0593,
R015-L40,R015,R013-L11,356,MOSCOW SUB-REGION CENTRAL IND REGION,RAILROAD YARDS & SHOPS- USSR,0167,0594,356 0167-0594,
R015-L41,R015,R013-L11,356,MOSCOW SUB-REGION CENTRAL IND REGION,RAILROAD YARDS & SHOPS- USSR,0167,0595,356 0167-0595,
R015-L42,R015,R013-L11,356,MOSCOW SUB-REGION CENTRAL IND REGION,RAILROAD YARDS & SHOPS- USSR,0167,0600,356 0167-0600,
R015-L43,R015,R013-L11,245,"MILITARY STORAGE AREAS, AIR FORCE",,0167,0604,245 0167-0604,
R015-L44,R015,R013-L11,285,RADIO & TELEVISION,,0167,0607,285 0167-0607,
R015-L45,R015,R013-L11,281,"PORTS, INLAND",,0167,0608,281 0167-0608,
R015-L46,R015,R013-L11,246,"MILITARY STORAGE AREAS, ARMY & NAVY",,0167,0611,246 0167-0611,
R015-L47,R015,R013-L11,227,"LIQUID FUELS, STORAGE NON-REFINERY",,0167,0613,227 0167-0613,
R015-L48,R015,R013-L11,227,"LIQUID FUELS, STORAGE NON-REFINERY",,0167,0614,227 0167-0614,
R015-L49,R015,R013-L11,227,"LIQUID FUELS, STORAGE NON-REFINERY",,0167,0615,227 0167-0615,
R015-L50,R015,R013-L11,296,RAILROAD PASSENGER CARS,,0167,0680,296 0167-0680,
R015-L51,R015,R013-L11,210,GUIDED MISSILES,,0167,0712,210 0167-0712,
R015-L52,R015,R013-L11,264,OPTICAL EQUIPMENT,,0167,0717,264 0167-0717,
R015-L53,R015,R013-L11,268,"PERISCOPES, SUBMARINE",,0167,0717,268 0167-0717,
R015-L54,R015,R013-L11,285,RADIO & TELEVISION,,0167,0726,285 0167-0726,
R015-L55,R015,R013-L11,356,MOSCOW SUB-REGION CENTRAL IND REGION,RAILROAD YARDS & SHOPS- USSR,0167,0755,356 0167-0755,
R015-L56,R015,R013-L11,266,PENICILLIN,,0167,0780,266 0167-0780,
R016-L04,R016,R013-L11,228,LOCKS & DAMS,,0167,0782,228 0167-0782,
R016-L05,R016,R013-L11,228,LOCKS & DAMS,,0167,0783,228 0167-0783,
R016-L06,R016,R013-L11,308,MOSCOW SUB-REGION CENTRAL IND REGION,RAILROAD EQUIPMENT REPAIR PLANTS-USSR,0167,0785,308 0167-0785,
R016-L07,R016,R013-L11,285,RADIO & TELEVISION,,0167,0794,285 0167-0794,
R016-L08,R016,R013-L11,262,OIL EXTRACTION EQUIPMENT,,0167,0810,262 0167-0810,
R016-L09,R016,R013-L11,055,"BOILERS, HIGH PRESSURE",,0167,0813,055 0167-0813,
R016-L10,R016,R013-L11,250,MINING MACHINERY,,0167,0813,250 0167-0813,
R016-L11,R016,R013-L11,208,GOVERNMENT CONTROL CENTERS,,0167,0832,208 0167-0832,
R016-L12,R016,R013-L11,016,AIRFRAMES,,0167,0841,016 0167-0841,
R016-L13,R016,R013-L11,016,AIRFRAMES,,0167,0843,016 0167-0843,
R016-L14,R016,R013-L11,015,AIRCRAFT ENGINES,,0167,0883,015 0167-0883,
R016-L15,R016,R013-L11,090,CUTTING TOOLS,,0167,0912,090 0167-0912,
R016-L16,R016,R013-L11,285,RADIO & TELEVISION,,0167,0920,285 0167-0920,
R016-L17,R016,R013-L11,075,COKE CHEMICALS,,0167,0921,075 0167-0921,
R016-L18,R016,R013-L11,112,MOSCOW-GORKIY,ELECTRIC POWER - MAJOR GRIDS,0167,0931,112 0167-0931,
R016-L19,R016,R013-L11,210,GUIDED MISSILES,,0167,0934,210 0167-0934,
R016-L20,R016,R013-L11,281,"PORTS, INLAND",,0167,0942,281 0167-0942,
R016-L21,R016,R013-L11,228,LOCKS & DAMS,,0167,0943,228 0167-0943,
R016-L22,R016,R013-L11,228,LOCKS & DAMS,,0167,0944,228 0167-0944,
R016-L23,R016,R013-L11,048,A/E RESEARCH,,0167,0955,048 0167-0955,
R016-L24,R016,R013-L11,048,A/E RESEARCH,,0167,0956,048 0167-0956,
R016-L25,R016,R013-L11,048,A/E RESEARCH,,0167,0957,048 0167-0957,
R016-L26,R016,R013-L11,246,"MILITARY STORAGE AREAS, ARMY & NAVY",,0167,0985,246 0167-0985,
R016-L27,R016,R013-L11,246,"MILITARY STORAGE AREAS, ARMY & NAVY",,0167,0986,246 0167-0986,
R016-L28,R016,R013-L11,246,"MILITARY STORAGE AREAS, ARMY & NAVY",,0167,0987,246 0167-0987,
R016-L29,R016,R013-L11,246,"MILITARY STORAGE AREAS, ARMY & NAVY",,0167,0988,246 0167-0988,
R016-L30,R016,R013-L11,246,"MILITARY STORAGE AREAS, ARMY & NAVY",,0167,0989,246 0167-0989,
R016-L31,R016,R013-L11,246,"MILITARY STORAGE AREAS, ARMY & NAVY",,0167,0990,246 0167-0990,
R016-L32,R016,R013-L11,246,"MILITARY STORAGE AREAS, ARMY & NAVY",,0167,0991,246 0167-0991,
R016-L33,R016,R013-L11,246,"MILITARY STORAGE AREAS, ARMY & NAVY",,0167,0992,246 0167-0992,
R016-L34,R016,R013-L11,246,"MILITARY STORAGE AREAS, ARMY & NAVY",,0167,0993,246 0167-0993,
R016-L35,R016,R013-L11,285,RADIO & TELEVISION,,0167,1002,285 0167-1002,
R016-L36,R016,R013-L11,227,"LIQUID FUELS, STORAGE NON-REFINERY",,0167,1012,227 0167-1012,
R016-L37,R016,R013-L11,210,GUIDED MISSILES,,0167,1014,210 0167-1014,
R016-L38,R016,R013-L11,227,"LIQUID FUELS, STORAGE NON-REFINERY",,0167,1028,227 0167-1028,
R016-L39,R016,R013-L11,227,"LIQUID FUELS, STORAGE NON-REFINERY",,0167,1029,227 0167-1029,
R016-L40,R016,R013-L11,285,RADIO & TELEVISION,,0167,1034,285 0167-1034,
R016-L41,R016,R013-L11,285,RADIO & TELEVISION,,0167,1035,285 0167-1035,
R016-L42,R016,R013-L11,275,POPULATION,,0167,9998,275 0167-9998,
R016-L44,R016,R016-L43,285,RADIO & TELEVISION,,0167,0665,285 0167-0665,
R016-L45,R016,R016-L43,275,POPULATION,,0167,9837,275 0167-9837,
R016-L47,R016,R016-L46,062,CAUSTIC SODA,,0167,0001,062 0167-0001,
R016-L48,R016,R016-L46,066,"CHEMICAL WARFARE AGENT, STANDARD",,0167,0001,066 0167-0001,
R016-L49,R016,R016-L46,068,CHLORINE,,0167,0001,068 0167-0001,
R016-L50,R016,R016-L46,445,SULFURIC ACID,,0167,0001,445 0167-0001,
R016-L51,R016,R016-L46,202,ELECTRON TUBES,,0167,0065,202 0167-0065,
R016-L52,R016,R016-L46,275,POPULATION,,0167,9966,275 0167-9966,
R016-L54,R016,R016-L53,246,"MILITARY STORAGE AREAS, ARMY & NAVY",,0167,0612,246 0167-0612,
R016-L55,R016,R016-L53,275,POPULATION,,0167,9589,275 0167-9589,
R017-L04,R017,,384,CHINA,RAILROAD YARDS & SHOPS- SATELLITES,0203,0057,384 0203-0057,6106
R017-L05,R017,,275,POPULATION,,0203,9969,275 0203-9969,6106
R017-L07,R017,R017-L06,280,"PORTS, MARITIME",,0618,0108,280 0618-0108,
R017-L08,R017,R017-L06,275,POPULATION,,0618,9996,275 0618-9996,
R017-L10,R017,R017-L09,185,CHINA-MAJOR GRIDS,ELECTRIC POWER - SATELLITES,0289,0050,185 0289-0050,
R017-L11,R017,R017-L09,275,POPULATION,,0289,9983,275 0289-9983,
R017-L14,R017,R017-L12,240,"MILITARY CONTROLS, AIR FORCE",,0381,,240 0381-,
R017-L15,R017,R017-L12,241,"MILITARY HQS, ARMY",,0381,,241 0381-,
R017-L16,R017,R017-L12,242,"MILITARY HQS, NAVY",,0381,,242 0381-,
R017-L17,R017,R017-L12,243,MILITARY SCHOOLS,,0381,,243 0381-,
R017-L18,R017,R017-L12,246,"MILITARY STORAGE AREAS, ARMY & NAVY",,0381,,246 0381-,
R017-L19,R017,R017-L12,246,"MILITARY STORAGE AREAS, ARMY & NAVY",,0381,,246 0381-,
R017-L20,R017,R017-L12,248,MILITARY TROOP INSTALLATIONS,,0381,,248 0381-,
R017-L21,R017,R017-L12,384,CHINA,RAILROAD YARDS & SHOPS- SATELLITES,0381,,384 0381-,
R017-L22,R017,R017-L12,075,COKE CHEMICALS,,0381,0102,075 0381-0102,
R017-L23,R017,R017-L12,270,PIG IRON,,0381,0102,270 0381-0102,
R017-L24,R017,R017-L12,186,CHINA-OUTSIDE GRIDS,ELECTRIC POWER - SATELLITES,0381,0172,186 0381-0172,
R017-L25,R017,R017-L12,248,MILITARY TROOP INSTALLATIONS,,0381,0299,248 0381-0299,
R017-L26,R017,R017-L12,230,MACHINE TOOLS,,0381,0325,230 0381-0325,
R017-L27,R017,R017-L12,208,GOVERNMENT CONTROL CENTERS,,0381,0337,208 0381-0337,
R017-L28,R017,R017-L12,245,"MILITARY STORAGE AREAS, AIR FORCE",,0381,0356,245 0381-0356,
R017-L29,R017,R017-L12,245,"MILITARY STORAGE AREAS, AIR FORCE",,0381,0357,245 0381-0357,
R017-L30,R017,R017-L12,275,POPULATION,,0381,9994,275 0381-9994,
R017-L33,R017,R017-L31,243,MILITARY SCHOOLS,,0381,,243 0381-,
R017-L34,R017,R017-L31,246,"MILITARY STORAGE AREAS, ARMY & NAVY",,0381,,246 0381-,
R017-L35,R017,R017-L31,384,CHINA,RAILROAD YARDS & SHOPS- SATELLITES,0381,0250,384 0381-0250,
R017-L36,R017,R017-L31,332,CHINA,RAILROAD EQUIP REPAIR PLANTS-SATTELITES,0381,0311,332 0381-0311,
R017-L37,R017,R017-L31,275,POPULATION,,0381,9967,275 0381-9967,
R017-L40,R017,R017-L38,246,"MILITARY STORAGE AREAS, ARMY & NAVY",,0290,,246 0290-,
R017-L41,R017,R017-L38,430,STEEL,,0290,0007,430 0290-0007,
R017-L42,R017,R017-L38,075,COKE CHEMICALS,,0290,0008,075 0290-0008,
R017-L43,R017,R017-L38,270,PIG IRON,,0290,0008,270 0290-0008,
R017-L44,R017,R017-L38,185,CHINA-MAJOR GRIDS,ELECTRIC POWER - SATELLITES,0290,0112,185 0290-0112,
R017-L45,R017,R017-L38,384,CHINA,RAILROAD YARDS & SHOPS- SATELLITES,0290,0319,384 0290-0319,
R017-L46,R017,R017-L38,208,GOVERNMENT CONTROL CENTERS,,0290,9929,208 0290-9929,
R017-L47,R017,R017-L38,275,POPULATION,,0290,9929,275 0290-9929,
R018-L04,R018,,420,SHIP REPAIR,,0324,0048,420 0324-0048,6450
R018-L05,R018,,437,SUBMARINE BASES,,0324,0048,437 0324-0048,6450
R018-L06,R018,,227,"LIQUID FUELS, STORAGE NON-REFINERY",,0324,0089,227 0324-0089,6450
R018-L07,R018,,350,CAUCASUS REGION,RAILROAD YARDS & SHOPS- USSR,0324,0111,350 0324-0111,6450
R018-L08,R018,,275,POPULATION,,0324,9997,275 0324-9997,6450
R018-L11,R018,R018-L09,392,POLAND,RAILROAD YARDS & SHOPS- SATELLITES,0169,0005,392 0169-0005,
R018-L12,R018,R018-L09,090,CUTTING TOOLS,,0169,0007,090 0169-0007,
R018-L13,R018,R018-L09,214,"GUNS, SMALL ARMS",,0169,0007,214 0169-0007,
R018-L14,R018,R018-L09,230,MACHINE TOOLS,,0169,0007,230 0169-0007,
R018-L15,R018,R018-L09,294,RAILROAD LOCOMOTIVES,,0169,0007,294 0169-0007,
R018-L16,R018,R018-L09,296,RAILROAD PASSENGER CARS,,0169,0007,296 0169-0007,
R018-L17,R018,R018-L09,445,SULFURIC ACID,,0169,0011,445 0169-0011,
R018-L18,R018,R018-L09,196,POLAND,ELECTRIC POWER - SATELLITES,0169,0067,196 0169-0067,
R018-L19,R018,R018-L09,405,RUBBER TIRES,,0169,0068,405 0169-0068,
R018-L20,R018,R018-L09,335,HUNGARY,RAILROAD EQUIP REPAIR PLANTS-SATTELITES,0169,0070,335 0169-0070,
R018-L21,R018,R018-L09,050,"BATTERIES, LEAD ACID",,0169,0076,050 0169-0076,
R018-L22,R018,R018-L09,230,MACHINE TOOLS,,0169,0438,230 0169-0438,
R018-L23,R018,R018-L09,281,"PORTS, INLAND",,0169,0731,281 0169-0731,
R018-L24,R018,R018-L09,392,POLAND,RAILROAD YARDS & SHOPS- SATELLITES,0169,0851,392 0169-0851,
R018-L25,R018,R018-L09,010,AGRICULTURAL EQUIPMENT,,0169,1060,010 0169-1060,
R018-L26,R018,R018-L09,208,GOVERNMENT CONTROL CENTERS,,0169,1139,208 0169-1139,
R018-L27,R018,R018-L09,248,MILITARY TROOP INSTALLATIONS,,0169,1235,248 0169-1235,
R018-L28,R018,R018-L09,050,"BATTERIES, LEAD ACID",,0169,1529,050 0169-1529,
R018-L29,R018,R018-L09,050,"BATTERIES, LEAD ACID",,0169,1531,050 0169-1531,
R018-L30,R018,R018-L09,275,POPULATION,,0169,9991,275 0169-9991,
R018-L34,R018,R018-L31,227,"LIQUID FUELS, STORAGE NON-REFINERY",,0231,,227 0231-,
R018-L35,R018,R018-L31,240,"MILITARY CONTROLS, AIR FORCE",,0231,,240 0231-,
R018-L36,R018,R018-L31,241,"MILITARY HQS, ARMY",,0231,,241 0231-,
R018-L37,R018,R018-L31,281,"PORTS, INLAND",,0231,0231,281 0231-0231,
R018-L38,R018,R018-L31,230,MACHINE TOOLS,,0231,0245,230 0231-0245,
R018-L39,R018,R018-L31,015,AIRCRAFT ENGINES,,0231,0260,015 0231-0260,
R018-L40,R018,R018-L31,245,"MILITARY STORAGE AREAS, AIR FORCE",,0231,0260,245 0231-0260,
R018-L41,R018,R018-L31,016,AIRFRAMES,,0231,0262,016 0231-0262,
R018-L42,R018,R018-L31,055,"BOILERS, HIGH PRESSURE",,0231,0264,055 0231-0264,
R018-L43,R018,R018-L31,064,CHEMICAL EQUIPMENT,,0231,0264,064 0231-0264,
R018-L44,R018,R018-L31,450,TANKS & S. P. GUNS,,0231,0264,450 0231-0264,
R018-L45,R018,R018-L31,485,"TURBINES, HEAVY",,0231,0264,485 0231-0264,
R018-L46,R018,R018-L31,206,"GENERATORS, HEAVY",,0231,0265,206 0231-0265,
R018-L47,R018,R018-L31,245,"MILITARY STORAGE AREAS, AIR FORCE",,0231,0265,245 0231-0265,
R018-L48,R018,R018-L31,480,"TRANSFORMERS, HEAVY",,0231,0265,480 0231-0265,
R018-L49,R018,R018-L31,485,"TURBINES, HEAVY",,0231,0265,485 0231-0265,
R018-L50,R018,R018-L31,285,RADIO & TELEVISION,,0231,0268,285 0231-0268,
R018-L51,R018,R018-L31,064,CHEMICAL EQUIPMENT,,0231,0273,064 0231-0273,
R018-L52,R018,R018-L31,095,EARTH MOVING EQUIPMENT,,0231,0273,095 0231-0273,
R019-L04,R019,R018-L31,250,MINING MACHINERY,,0231,0273,250 0231-0273,
R019-L05,R019,R018-L31,294,RAILROAD LOCOMOTIVES,,0231,0273,294 0231-0273,
R019-L06,R019,R018-L31,450,TANKS & S. P. GUNS,,0231,0273,450 0231-0273,
R019-L07,R019,R018-L31,016,AIRFRAMES,,0231,0274,016 0231-0274,
R019-L08,R019,R018-L31,245,"MILITARY STORAGE AREAS, AIR FORCE",,0231,0274,245 0231-0274,
R019-L09,R019,R018-L31,015,AIRCRAFT ENGINES,,0231,0275,015 0231-0275,
R019-L10,R019,R018-L31,245,"MILITARY STORAGE AREAS, AIR FORCE",,0231,0275,245 0231-0275,
R019-L11,R019,R018-L31,016,AIRFRAMES,,0231,0279,016 0231-0279,
R019-L12,R019,R018-L31,252,MOTOR VEHICLES,,0231,0279,252 0231-0279,
R019-L13,R019,R018-L31,245,"MILITARY STORAGE AREAS, AIR FORCE",,0231,0287,245 0231-0287,
R019-L14,R019,R018-L31,285,RADIO & TELEVISION,,0231,0400,285 0231-0400,
R019-L15,R019,R018-L31,188,CZECHOSLOVAKIA,ELECTRIC POWER - SATELLITES,0231,0453,188 0231-0453,
R019-L16,R019,R018-L31,405,RUBBER TIRES,,0231,0645,405 0231-0645,
R019-L17,R019,R018-L31,386,CZECHOSLOVAKIA,RAILROAD YARDS & SHOPS- SATELLITES,0231,0697,386 0231-0697,
R019-L18,R019,R018-L31,386,CZECHOSLOVAKIA,RAILROAD YARDS & SHOPS- SATELLITES,0231,0698,386 0231-0698,
R019-L19,R019,R018-L31,386,CZECHOSLOVAKIA,RAILROAD YARDS & SHOPS- SATELLITES,0231,0699,386 0231-0699,
R019-L20,R019,R018-L31,386,CZECHOSLOVAKIA,RAILROAD YARDS & SHOPS- SATELLITES,0231,0700,386 0231-0700,
R019-L21,R019,R018-L31,386,CZECHOSLOVAKIA,RAILROAD YARDS & SHOPS- SATELLITES,0231,0705,386 0231-0705,
R019-L22,R019,R018-L31,333,CZECHOSLOVAKIA,RAILROAD EQUIP REPAIR PLANTS-SATTELITES,0231,0706,333 0231-0706,
R019-L23,R019,R018-L31,188,CZECHOSLOVAKIA,ELECTRIC POWER - SATELLITES,0231,0750,188 0231-0750,
R019-L24,R019,R018-L31,230,MACHINE TOOLS,,0231,0760,230 0231-0760,
R019-L25,R019,R018-L31,440,SUBMARINE DIESEL ENGINES,,0231,0760,440 0231-0760,
R019-L26,R019,R018-L31,015,AIRCRAFT ENGINES,,0231,1349,015 0231-1349,
R019-L27,R019,R018-L31,245,"MILITARY STORAGE AREAS, AIR FORCE",,0231,1349,245 0231-1349,
R019-L28,R019,R018-L31,208,GOVERNMENT CONTROL CENTERS,,0231,1741,208 0231-1741,
R019-L29,R019,R018-L31,292,RAILROAD FREIGHT CARS,,0231,1778,292 0231-1778,
R019-L30,R019,R018-L31,296,RAILROAD PASSENGER CARS,,0231,1778,296 0231-1778,
R019-L31,R019,R018-L31,333,CZECHOSLOVAKIA,RAILROAD EQUIP REPAIR PLANTS-SATTELITES,0231,1779,333 0231-1779,
R019-L32,R019,R018-L31,264,OPTICAL EQUIPMENT,,0231,1842,264 0231-1842,
R019-L33,R019,R018-L31,264,OPTICAL EQUIPMENT,,0231,1843,264 0231-1843,
R019-L34,R019,R018-L31,264,OPTICAL EQUIPMENT,,0231,1844,264 0231-1844,
R019-L35,R019,R018-L31,200,ELECTRIC WIRE & CABLE,,0231,1929,200 0231-1929,
R019-L36,R019,R018-L31,281,"PORTS, INLAND",,0231,1977,281 0231-1977,
R019-L37,R019,R018-L31,281,"PORTS, INLAND",,0231,1978,281 0231-1978,
R019-L38,R019,R018-L31,228,LOCKS & DAMS,,0231,1979,228 0231-1979,
R019-L39,R019,R018-L31,228,LOCKS & DAMS,,0231,1980,228 0231-1980,
R019-L40,R019,R018-L31,016,AIRFRAMES,,0231,2736,016 0231-2736,
R019-L41,R019,R018-L31,228,LOCKS & DAMS,,0231,3065,228 0231-3065,
R019-L42,R019,R018-L31,248,MILITARY TROOP INSTALLATIONS,,0231,3478,248 0231-3478,
R019-L43,R019,R018-L31,248,MILITARY TROOP INSTALLATIONS,,0231,3479,248 0231-3479,
R019-L44,R019,R018-L31,248,MILITARY TROOP INSTALLATIONS,,0231,3480,248 0231-3480,
R019-L45,R019,R018-L31,248,MILITARY TROOP INSTALLATIONS,,0231,3481,248 0231-3481,
R019-L46,R019,R018-L31,248,MILITARY TROOP INSTALLATIONS,,0231,3482,248 0231-3482,
R019-L47,R019,R018-L31,248,MILITARY TROOP INSTALLATIONS,,0231,3500,248 0231-3500,
R019-L48,R019,R018-L31,246,"MILITARY STORAGE AREAS, ARMY & NAVY",,0231,3501,246 0231-3501,
R019-L49,R019,R018-L31,235,METAL FORMING EQUIPMENT,,0231,3540,235 0231-3540,
R019-L50,R019,R018-L31,243,MILITARY SCHOOLS,,0231,3797,243 0231-3797,
R019-L51,R019,R018-L31,243,MILITARY SCHOOLS,,0231,3803,243 0231-3803,
R019-L52,R019,R018-L31,245,"MILITARY STORAGE AREAS, AIR FORCE",,0231,3998,245 0231-3998,
R019-L53,R019,R018-L31,275,POPULATION,,0231,9981,275 0231-9981,
R019-L56,R019,R019-L54,386,CZECHOSLOVAKIA,RAILROAD YARDS & SHOPS- SATELLITES,0231,0215,386 0231-0215,
R020-L04,R020,R019-L54,246,"MILITARY STORAGE AREAS, ARMY & NAVY",,0231,3421,246 0231-3421,
R020-L05,R020,R019-L54,248,MILITARY TROOP INSTALLATIONS,,0231,3423,248 0231-3423,
R020-L06,R020,R019-L54,275,POPULATION,,0231,9945,275 0231-9945,
R020-L09,R020,R020-L07,075,COKE CHEMICALS,,0231,0226,075 0231-0226,
R020-L10,R020,R020-L07,090,CUTTING TOOLS,,0231,0226,090 0231-0226,
R020-L11,R020,R020-L07,270,PIG IRON,,0231,0226,270 0231-0226,
R020-L12,R020,R020-L07,430,STEEL,,0231,0226,430 0231-0226,
R020-L13,R020,R020-L07,386,CZECHOSLOVAKIA,RAILROAD YARDS & SHOPS- SATELLITES,0231,0247,386 0231-0247,
R020-L14,R020,R020-L07,188,CZECHOSLOVAKIA,ELECTRIC POWER - SATELLITES,0231,0742,188 0231-0742,
R020-L15,R020,R020-L07,188,CZECHOSLOVAKIA,ELECTRIC POWER - SATELLITES,0231,1369,188 0231-1369,
R020-L16,R020,R020-L07,188,CZECHOSLOVAKIA,ELECTRIC POWER - SATELLITES,0231,1372,188 0231-1372,
R020-L17,R020,R020-L07,200,ELECTRIC WIRE & CABLE,,0231,1769,200 0231-1769,
R020-L18,R020,R020-L07,188,CZECHOSLOVAKIA,ELECTRIC POWER - SATELLITES,0231,2792,188 0231-2792,
R020-L19,R020,R020-L07,248,MILITARY TROOP INSTALLATIONS,,0231,3441,248 0231-3441,
R020-L20,R020,R020-L07,275,POPULATION,,0231,9927,275 0231-9927,
R020-L23,R020,R020-L21,226,"LIQUID FUELS, STORAGE AT REFINERIES",,0231,0230,226 0231-0230,
R020-L24,R020,R020-L21,290,RAILROAD BRIDGES,,0231,0722,290 0231-0722,
R020-L25,R020,R020-L21,386,CZECHOSLOVAKIA,RAILROAD YARDS & SHOPS- SATELLITES,0231,2853,386 0231-2853,
R020-L26,R020,R020-L21,275,POPULATION,,0231,9923,275 0231-9923,
R020-L28,R020,R020-L27,270,PIG IRON,,0231,1713,270 0231-1713,
R020-L29,R020,R020-L27,275,POPULATION,,0231,9428,275 0231-9428,
R020-L31,R020,R020-L30,062,CAUSTIC SODA,,0231,0644,062 0231-0644,
R020-L32,R020,R020-L30,068,CHLORINE,,0231,0644,068 0231-0644,
R020-L33,R020,R020-L30,445,SULFURIC ACID,,0231,0644,445 0231-0644,
R020-L34,R020,R020-L30,290,RAILROAD BRIDGES,,0231,0725,290 0231-0725,
R020-L35,R020,R020-L30,060,CALCIUM CARBIDE,,0231,1872,060 0231-1872,
R020-L36,R020,R020-L30,275,POPULATION,,0231,9417,275 0231-9417,
R020-L38,R020,R020-L37,275,POPULATION,,0231,,275 0231-,
R020-L39,R020,R020-L37,246,"MILITARY STORAGE AREAS, ARMY & NAVY",,0231,3493,246 0231-3493,
R020-L41,R020,R020-L40,188,CZECHOSLOVAKIA,ELECTRIC POWER - SATELLITES,0231,0751,188 0231-0751,
R020-L42,R020,R020-L40,050,"BATTERIES, LEAD ACID",,0231,1860,050 0231-1860,
R020-L43,R020,R020-L40,275,POPULATION,,0231,9506,275 0231-9506,
R020-L46,R020,R020-L44,266,PENICILLIN,,0231,1103,266 0231-1103,
R020-L47,R020,R020-L44,435,STREPTOMYCIN,,0231,1103,435 0231-1103,
R020-L48,R020,R020-L44,275,POPULATION,,0231,9405,275 0231-9405,
R020-L50,R020,R020-L49,095,EARTH MOVING EQUIPMENT,,0231,0657,095 0231-0657,
R020-L51,R020,R020-L49,250,MINING MACHINERY,,0231,0657,250 0231-0657,
R020-L52,R020,R020-L49,050,"BATTERIES, LEAD ACID",,0231,1859,050 0231-1859,
R020-L53,R020,R020-L49,248,MILITARY TROOP INSTALLATIONS,,0231,3793,248 0231-3793,
R020-L54,R020,R020-L49,275,POPULATION,,0231,9510,275 0231-9510,
R020-L56,R020,R020-L55,188,CZECHOSLOVAKIA,ELECTRIC POWER - SATELLITES,0231,0252,188 0231-0252,
R021-L04,R021,,275,POPULATION,,0232,9625,275 0232-9625,9365
R021-L06,R021,R021-L05,196,POLAND,ELECTRIC POWER - SATELLITES,0232,0610,196 0232-0610,9365
R021-L07,R021,R021-L05,275,POPULATION,,0232,9623,275 0232-9623,9365
R021-L09,R021,R021-L08,285,RADIO & TELEVISION,,0232,0350,285 0232-0350,9365
R021-L10,R021,R021-L08,275,POPULATION,,0232,9646,275 0232-9646,9365
R021-L12,R021,R021-L11,400,"RUBBER, SYNTHETIC",,0232,0939,400 0232-0939,9365
R021-L13,R021,R021-L11,445,SULFURIC ACID,,0232,0939,445 0232-0939,9365
R021-L14,R021,R021-L11,275,POPULATION,,0232,9735,275 0232-9735,9365
R021-L17,R021,R021-L15,240,"MILITARY CONTROLS, AIR FORCE",,0232,,240 0232-,9365
R021-L18,R021,R021-L15,264,OPTICAL EQUIPMENT,,0232,0475,264 0232-0475,9365
R021-L19,R021,R021-L15,268,"PERISCOPES, SUBMARINE",,0232,0475,268 0232-0475,9365
R021-L20,R021,R021-L15,250,MINING MACHINERY,,0232,0789,250 0232-0789,9365
R021-L21,R021,R021-L15,248,MILITARY TROOP INSTALLATIONS,,0232,1301,248 0232-1301,9365
R021-L22,R021,R021-L15,245,"MILITARY STORAGE AREAS, AIR FORCE",,0232,1545,245 0232-1545,9365
R021-L23,R021,R021-L15,275,POPULATION,,0232,9825,275 0232-9825,9365
R021-L25,R021,R021-L24,281,"PORTS, INLAND",,0494,0020,281 0494-0020,
R021-L26,R021,R021-L24,275,POPULATION,,0494,9976,275 0494-9976,
R021-L28,R021,R021-L27,245,"MILITARY STORAGE AREAS, AIR FORCE",,0169,1569,245 0169-1569,
R021-L29,R021,R021-L27,275,POPULATION,,0169,9851,275 0169-9851,
R021-L31,R021,R021-L30,290,RAILROAD BRIDGES,,0232,0662,290 0232-0662,
R021-L32,R021,R021-L30,230,MACHINE TOOLS,,0232,1022,230 0232-1022,
R021-L33,R021,R021-L30,275,POPULATION,,0232,9590,275 0232-9590,
R021-L36,R021,R021-L34,240,"MILITARY CONTROLS, AIR FORCE",,0169,,240 0169-,
R021-L37,R021,R021-L34,392,POLAND,RAILROAD YARDS & SHOPS- SATELLITES,0168,0112,392 0168-0112,
R021-L38,R021,R021-L34,285,RADIO & TELEVISION,,0168,0116,285 0168-0116,
R021-L39,R021,R021-L34,336,POLAND,RAILROAD EQUIP REPAIR PLANTS-SATTELITES,0169,0130,336 0169-0130,
R021-L40,R021,R021-L34,392,POLAND,RAILROAD YARDS & SHOPS- SATELLITES,0169,0132,392 0169-0132,
R021-L41,R021,R021-L34,392,POLAND,RAILROAD YARDS & SHOPS- SATELLITES,0169,0134,392 0169-0134,
R021-L42,R021,R021-L34,196,POLAND,ELECTRIC POWER - SATELLITES,0168,0150,196 0168-0150,
R021-L43,R021,R021-L34,392,POLAND,RAILROAD YARDS & SHOPS- SATELLITES,0168,0156,392 0168-0156,
R021-L44,R021,R021-L34,392,POLAND,RAILROAD YARDS & SHOPS- SATELLITES,0168,0157,392 0168-0157,
R021-L45,R021,R021-L34,392,POLAND,RAILROAD YARDS & SHOPS- SATELLITES,0168,0158,392 0168-0158,
R021-L46,R021,R021-L34,392,POLAND,RAILROAD YARDS & SHOPS- SATELLITES,0168,0159,392 0168-0159,
R021-L47,R021,R021-L34,281,"PORTS, INLAND",,0168,0160,281 0168-0160,
R021-L48,R021,R021-L34,246,"MILITARY STORAGE AREAS, ARMY & NAVY",,0168,0201,246 0168-0201,
R022-L04,R022,,250,MINING MACHINERY,,0156,0433,250 0156-0433,7400
R022-L05,R022,,275,POPULATION,,0156,9810,275 0156-9810,7400
R022-L08,R022,R022-L06,227,"LIQUID FUELS, STORAGE NON-REFINERY",,0156,,227 0156-,7400
R022-L09,R022,R022-L06,020,ALUMINA,,0156,0024,020 0156-0024,7400
R022-L10,R022,R022-L06,021,ALUMINUM,,0156,0024,021 0156-0024,7400
R022-L11,R022,R022-L06,047,A/E HEAVY WATER,,0156,0024,047 0156-0024,7400
R022-L12,R022,R022-L06,118,URALS,ELECTRIC POWER - MAJOR GRIDS,0156,0313,118 0156-0313,7400
R022-L13,R022,R022-L06,118,URALS,ELECTRIC POWER - MAJOR GRIDS,0156,0357,118 0156-0357,7400
R022-L14,R022,R022-L06,275,POPULATION,,0156,9806,275 0156-9806,7400
R022-L16,R022,R022-L15,112,MOSCOW-GORKIY,ELECTRIC POWER - MAJOR GRIDS,0167,0006,112 0167-0006,
R022-L17,R022,R022-L15,362,SOUTHERN SUB-REGION CENTRAL IND REG,RAILROAD YARDS & SHOPS- USSR,0167,0100,362 0167-0100,
R022-L18,R022,R022-L15,235,METAL FORMING EQUIPMENT,,0167,0225,235 0167-0225,
R022-L19,R022,R022-L15,281,"PORTS, INLAND",,0167,0879,281 0167-0879,
R022-L20,R022,R022-L15,246,"MILITARY STORAGE AREAS, ARMY & NAVY",,0167,0994,246 0167-0994,
R022-L21,R022,R022-L15,243,MILITARY SCHOOLS,,0167,1048,243 0167-1048,
R022-L22,R022,R022-L15,275,POPULATION,,0167,9967,275 0167-9967,
R022-L28,R022,R022-L26,227,"LIQUID FUELS, STORAGE NON-REFINERY",,0250,,227 0250-,
R022-L29,R022,R022-L26,240,"MILITARY CONTROLS, AIR FORCE",,0250,,240 0250-,
R022-L30,R022,R022-L26,243,MILITARY SCHOOLS,,0250,,243 0250-,
R022-L31,R022,R022-L26,280,"PORTS, MARITIME",,0250,0005,280 0250-0005,
R022-L32,R022,R022-L26,415,SHIPBUILDING,,0250,0006,415 0250-0006,
R022-L33,R022,R022-L26,420,SHIP REPAIR,,0250,0006,420 0250-0006,
R022-L34,R022,R022-L26,437,SUBMARINE BASES,,0250,0006,437 0250-0006,
R022-L35,R022,R022-L26,145,SOUTH ECONOMIC REGION,ELECTRIC POWER - OUTSIDE GRIDS,0250,0011,145 0250-0011,
R022-L36,R022,R022-L26,376,WEST SUB-REGION UKRAINE REGION,RAILROAD YARDS & SHOPS- USSR,0250,0049,376 0250-0049,
R022-L37,R022,R022-L26,227,"LIQUID FUELS, STORAGE NON-REFINERY",,0250,0104,227 0250-0104,
R022-L38,R022,R022-L26,420,SHIP REPAIR,,0250,0132,420 0250-0132,
R022-L39,R022,R022-L26,420,SHIP REPAIR,,0250,0133,420 0250-0133,
R022-L40,R022,R022-L26,420,SHIP REPAIR,,0250,0136,420 0250-0136,
R022-L41,R022,R022-L26,376,WEST SUB-REGION UKRAINE REGION,RAILROAD YARDS & SHOPS- USSR,0250,0191,376 0250-0191,
R022-L42,R022,R022-L26,280,"PORTS, MARITIME",,0250,0192,280 0250-0192,
R022-L43,R022,R022-L26,280,"PORTS, MARITIME",,0250,0193,280 0250-0193,
R022-L44,R022,R022-L26,246,"MILITARY STORAGE AREAS, ARMY & NAVY",,0250,0194,246 0250-0194,
R022-L45,R022,R022-L26,227,"LIQUID FUELS, STORAGE NON-REFINERY",,0250,0252,227 0250-0252,
R022-L46,R022,R022-L26,208,GOVERNMENT CONTROL CENTERS,,0250,0285,208 0250-0285,
R022-L47,R022,R022-L26,242,"MILITARY HQS, NAVY",,0250,0285,242 0250-0285,
R022-L48,R022,R022-L26,245,"MILITARY STORAGE AREAS, AIR FORCE",,0250,0372,245 0250-0372,
R022-L49,R022,R022-L26,275,POPULATION,,0250,9996,275 0250-9996,
R022-L52,R022,R022-L50,437,SUBMARINE BASES,,0250,0163,437 0250-0163,
R023-L04,R023,R022-L50,275,POPULATION,,0250,9992,275 0250-9992,
R023-L06,R023,R023-L05,254,NAVAL OPERATING BASES,,0206,0010,254 0206-0010,
R023-L07,R023,R023-L05,280,"PORTS, MARITIME",,0206,0013,280 0206-0013,
R023-L08,R023,R023-L05,275,POPULATION,,0206,9997,275 0206-9997,
R023-L10,R023,R023-L09,227,"LIQUID FUELS, STORAGE NON-REFINERY",,0249,,227 0249-,
R023-L11,R023,R023-L09,275,POPULATION,,0249,9920,275 0249-9920,
R023-L13,R023,R023-L12,248,MILITARY TROOP INSTALLATIONS,,0251,0955,248 0251-0955,
R023-L14,R023,R023-L12,275,POPULATION,,0251,9835,275 0251-9835,
R023-L16,R023,R023-L15,372,WEST SIBERIAN REGION,RAILROAD YARDS & SHOPS- USSR,0156,0428,372 0156-0428,
R023-L17,R023,R023-L15,243,MILITARY SCHOOLS,,0156,0435,243 0156-0435,
R023-L18,R023,R023-L15,275,POPULATION,,0156,9812,275 0156-9812,
R023-L21,R023,R023-L19,350,CAUCASUS REGION,RAILROAD YARDS & SHOPS- USSR,0249,0017,350 0249-0017,
R023-L22,R023,R023-L19,350,CAUCASUS REGION,RAILROAD YARDS & SHOPS- USSR,0249,0019,350 0249-0019,
R023-L23,R023,R023-L19,106,DNEPR-DONETS,ELECTRIC POWER - MAJOR GRIDS,0249,0133,106 0249-0133,
R023-L24,R023,R023-L19,285,RADIO & TELEVISION,,0249,0325,285 0249-0325,
R023-L25,R023,R023-L19,275,POPULATION,,0249,9961,275 0249-9961,
R023-L27,R023,R023-L26,430,STEEL,,0249,0016,430 0249-0016,
R023-L28,R023,R023-L26,106,DNEPR-DONETS,ELECTRIC POWER - MAJOR GRIDS,0249,0151,106 0249-0151,
R023-L29,R023,R023-L26,275,POPULATION,,0249,9980,275 0249-9980,
R023-L31,R023,R023-L30,360,NORTHEAST SUB-REGION CENTRAL IND REG,RAILROAD YARDS & SHOPS- USSR,0155,0125,360 0155-0125,
R023-L32,R023,R023-L30,275,POPULATION,,0155,9871,275 0155-9871,
R023-L37,R023,R023-L33,230,MACHINE TOOLS,,0492,,230 0492-,
R023-L38,R023,R023-L33,240,"MILITARY CONTROLS, AIR FORCE",,0492,,240 0492-,
R023-L39,R023,R023-L33,242,"MILITARY HQS, NAVY",,0492,,242 0492-,
R023-L40,R023,R023-L33,243,MILITARY SCHOOLS,,0492,,243 0492-,
R023-L41,R023,R023-L33,246,"MILITARY STORAGE AREAS, ARMY & NAVY",,0492,,246 0492-,
R023-L42,R023,R023-L33,246,"MILITARY STORAGE AREAS, ARMY & NAVY",,0492,,246 0492-,
R024-L04,R024,,280,"PORTS, MARITIME",,0120,0001,280 0120-0001,8772
R024-L05,R024,,275,POPULATION,,0120,9998,275 0120-9998,8772
R024-L07,R024,R024-L06,275,POPULATION,,0120,,275 0120-,8772
R024-L08,R024,R024-L06,284,RADAR INSTALLATIONS,,0120,,284 0120-,8772
R024-L11,R024,R024-L09,224,"LIQUID FUEL PLANTS, CRUDE",,0101,0001,224 0101-0001,
R024-L12,R024,R024-L09,226,"LIQUID FUELS, STORAGE AT REFINERIES",,0101,0001,226 0101-0001,
R024-L13,R024,R024-L09,140,NORTHWEST ECONOMIC REGION,ELECTRIC POWER - OUTSIDE GRIDS,0101,0008,140 0101-0008,
R024-L14,R024,R024-L09,275,POPULATION,,0101,9997,275 0101-9997,
R024-L16,R024,R024-L15,275,POPULATION,,0101,,275 0101-,
R024-L17,R024,R024-L15,290,RAILROAD BRIDGES,,0101,0019,290 0101-0019,
R024-L18,R024,R024-L15,358,NORTHERN REGION,RAILROAD YARDS & SHOPS- USSR,0101,0021,358 0101-0021,
R024-L20,R024,R024-L19,208,GOVERNMENT CONTROL CENTERS,,0285,0003,208 0285-0003,
R024-L21,R024,R024-L19,275,POPULATION,,0286,9997,275 0286-9997,
R024-L24,R024,R024-L22,294,RAILROAD LOCOMOTIVES,,0201,0009,294 0201-0009,
R024-L25,R024,R024-L22,430,STEEL,,0201,0009,430 0201-0009,
R024-L26,R024,R024-L22,016,AIRFRAMES,,0201,0010,016 0201-0010,
R024-L27,R024,R024-L22,125,EAST SIBERIAN ECONOMIC REGION,ELECTRIC POWER - OUTSIDE GRIDS,0201,0011,125 0201-0011,
R024-L28,R024,R024-L22,060,CALCIUM CARBIDE,,0201,0026,060 0201-0026,
R024-L29,R024,R024-L22,354,EAST SIBERIAN & FAR EASTERN REGION,RAILROAD YARDS & SHOPS- USSR,0201,0041,354 0201-0041,
R024-L30,R024,R024-L22,227,"LIQUID FUELS, STORAGE NON-REFINERY",,0201,0047,227 0201-0047,
R024-L31,R024,R024-L22,227,"LIQUID FUELS, STORAGE NON-REFINERY",,0201,0048,227 0201-0048,
R024-L32,R024,R024-L22,125,EAST SIBERIAN ECONOMIC REGION,ELECTRIC POWER - OUTSIDE GRIDS,0201,0049,125 0201-0049,
R024-L33,R024,R024-L22,281,"PORTS, INLAND",,0201,0051,281 0201-0051,
R024-L34,R024,R024-L22,208,GOVERNMENT CONTROL CENTERS,,0201,0053,208 0201-0053,
R024-L35,R024,R024-L22,246,"MILITARY STORAGE AREAS, ARMY & NAVY",,0201,0055,246 0201-0055,
R024-L36,R024,R024-L22,246,"MILITARY STORAGE AREAS, ARMY & NAVY",,0201,0056,246 0201-0056,
R024-L37,R024,R024-L22,246,"MILITARY STORAGE AREAS, ARMY & NAVY",,0201,0058,246 0201-0058,
R024-L38,R024,R024-L22,275,POPULATION,,0201,9999,275 0201-9999,
R024-L41,R024,R024-L39,227,"LIQUID FUELS, STORAGE NON-REFINERY",,0165,,227 0165-,
R024-L42,R024,R024-L39,243,MILITARY SCHOOLS,,0165,,243 0165-,
R024-L43,R024,R024-L39,252,MOTOR VEHICLES,,0165,0006,252 0165-0006,
R024-L44,R024,R024-L39,281,"PORTS, INLAND",,0165,0011,281 0165-0011,
R024-L45,R024,R024-L39,281,"PORTS, INLAND",,0165,0028,281 0165-0028,
R024-L46,R024,R024-L39,368,VOLGA REGION,RAILROAD YARDS & SHOPS- USSR,0165,0029,368 0165-0029,
R024-L47,R024,R024-L39,165,VOLGA ECONOMIC REGION,ELECTRIC POWER - OUTSIDE GRIDS,0165,0086,165 0165-0086,
R024-L48,R024,R024-L39,290,RAILROAD BRIDGES,,0165,0118,290 0165-0118,
R025-L04,R025,,266,PENICILLIN,,0168,0221,266 0168-0221,9385
R025-L05,R025,,336,POLAND,RAILROAD EQUIP REPAIR PLANTS-SATTELITES,0168,0266,336- 0168-0266,9385
R025-L06,R025,,252,MOTOR VEHICLES,,0168,0267,252 0168-0267,9385
R025-L07,R025,,264,OPTICAL EQUIPMENT,,0168,0268,264 0168-0268,9385
R025-L08,R025,,246,"MILITARY STORAGE AREAS, ARMY & NAVY",,0168,0283,246 0168-0283,9385
R025-L09,R025,,248,MILITARY TROOP INSTALLATIONS,,0168,0284,248 0168-0284,9385
R025-L10,R025,,246,"MILITARY STORAGE AREAS, ARMY & NAVY",,0168,0285,246 0168-0285,9385
R025-L11,R025,,248,MILITARY TROOP INSTALLATIONS,,0168,0286,248 0168-0286,9385
R025-L12,R025,,246,"MILITARY STORAGE AREAS, ARMY & NAVY",,0168,0338,246 0168-0338,9385
R025-L13,R025,,246,"MILITARY STORAGE AREAS, ARMY & NAVY",,0168,0339,246 0168-0339,9385
R025-L14,R025,,196,POLAND,ELECTRIC POWER - SATELLITES,0169,0488,196 0169-0488,9385
R025-L15,R025,,268,"PERISCOPES, SUBMARINE",,0169,0590,268 0169-0590,9385
R025-L16,R025,,208,GOVERNMENT CONTROL CENTERS,,0169,0592,208 0169-0592,9385
R025-L17,R025,,246,"MILITARY STORAGE AREAS, ARMY & NAVY",,0169,0595,246 0169-0595,9385
R025-L18,R025,,214,"GUNS, SMALL ARMS",,0169,0596,214 0169-0596,9385
R025-L19,R025,,392,POLAND,RAILROAD YARDS & SHOPS- SATELLITES,0169,0603,392 0169-0603,9385
R025-L20,R025,,196,POLAND,ELECTRIC POWER - SATELLITES,0169,0975,196 0169-0975,9385
R025-L21,R025,,202,ELECTRON TUBES,,0169,1045,202 0169-1045,9385
R025-L22,R025,,285,RADIO & TELEVISION,,0169,1046,285 0169-1046,9385
R025-L23,R025,,281,"PORTS, INLAND",,0169,1047,281 0169-1047,9385
R025-L24,R025,,246,"MILITARY STORAGE AREAS, ARMY & NAVY",,0169,1115,246 0169-1115,9385
R025-L25,R025,,246,"MILITARY STORAGE AREAS, ARMY & NAVY",,0169,1116,246 0169-1116,9385
R025-L26,R025,,023,AMMUNITION,,0169,1129,023 0169-1129,9385
R025-L27,R025,,227,"LIQUID FUELS, STORAGE NON-REFINERY",,0169,1134,227 0169-1134,9385
R025-L28,R025,,241,"MILITARY HQS, ARMY",,0169,1239,241 0169-1239,9385
R025-L29,R025,,275,POPULATION,,0169,9989,275 0169-9989,9385
R025-L31,R025,R025-L30,200,ELECTRIC WIRE & CABLE,,0169,0665,200 0169-0665,9385
R025-L32,R025,R025-L30,275,POPULATION,,0169,9896,275 0169-9896,9385
R025-L34,R025,R025-L33,475,TRACTORS,,0169,0585,475 0169-0585,9385
R025-L35,R025,R025-L33,050,"BATTERIES, LEAD ACID",,0169,0625,050 0169-0625,9385
R025-L36,R025,R025-L33,275,POPULATION,,0169,9901,275 0169-9901,9385
R025-L38,R025,R025-L37,230,MACHINE TOOLS,,0169,0046,230 0169-0046,9385
R025-L39,R025,R025-L37,196,POLAND,ELECTRIC POWER - SATELLITES,0169,0336,196 0169-0336,9385
R025-L40,R025,R025-L37,336,POLAND,RAILROAD EQUIP REPAIR PLANTS-SATTELITES,0169,0976,336 0169-0976,9385
R025-L41,R025,R025-L37,275,POPULATION,,0169,9873,275 0169-9873,9385
R025-L43,R025,R025-L42,227,"LIQUID FUELS, STORAGE NON-REFINERY",,0170,,227 0170-,
R025-L44,R025,R025-L42,415,SHIPBUILDING,,0170,0027,415 0170-0027,
R025-L45,R025,R025-L42,420,SHIP REPAIR,,0170,0027,420 0170-0027,
R025-L46,R025,R025-L42,023,AMMUNITION,,0170,0107,023 0170-0107,
R025-L47,R025,R025-L42,280,"PORTS, MARITIME",,0170,0500,280 0170-0500,
R025-L48,R025,R025-L42,248,MILITARY TROOP INSTALLATIONS,,0170,1093,248 0170-1093,
R025-L49,R025,R025-L42,248,MILITARY TROOP INSTALLATIONS,,0170,1094,248 0170-1094,
R025-L50,R025,R025-L42,275,POPULATION,,0170,9998,275 0170-9998,
R025-L52,R025,R025-L51,275,POPULATION,,0170,,275 0170-,
R025-L53,R025,R025-L51,388,EAST GERMANY,RAILROAD YARDS & SHOPS- SATELLITES,0170,0959,388 0170-0959,
