id,page,priority,ref,name,name_printed,country,be,lat,lon,code,text
F002-L03,F002,1042,0020,ABAKAN,ABAKAN,USSR,0161-8002,53.7167,91.45,R,1042 0020 ABAKAN 0161-8002 5343-09127 R
F002-L04,F002,814,0024,ACHINSK,ACHINSK,USSR,0159-8007,56.2667,90.4667,R,814 0024 ACHINSK 0159-8007 5616-09028 R
F002-L05,F002,771,6270,ADLER,ADLER,USSR,0324-8635,43.45,39.9333,R,771 6270 ADLER 0324-8635 4327-03956 R
F002-L09,F002,952,0100,ALAPAYEVSK,ALAPAYEVSK,USSR,0156-8024,57.8667,61.75,R,952 0100 ALAPAYEVSK 0156-8024 5752-06145 R
F002-L10,F002,683,0120,ALEKSANDROVSK,ALEKSANDROVSK,USSR,0205-8001,50.8833,142.1667,R,683 0120 ALEKSANDROVSK 0205-8001 5053-14210 R
F002-L11,F002,91,0125,ALEKSEYEVSKOYE,ALEKSEYEVSKOYE,USSR,0204-8658,49.2833,140.2667,R,91 0125 ALEKSEYEVSKOYE 0204-8658 4917-14016 R
F002-L12,F002,401,0138,ALEXENI,"ALEXENI, RUM",Romania,0251-8076,44.7,26.7333,R,"401 0138 ALEXENI, RUM 0251-8076 4442-02644 R"
F002-L13,F002,867,0160,ALMA ATA,ALMA ATA,USSR,0329-8602,43.35,77.0,R,867 0160 ALMA ATA 0329-8602 4321-07700 R
F002-L15,F002,1044,0160,ALMA ATA N W,ALMA ATA N.W.,USSR,0329-8603,43.35,76.8333,T,1044 0160 ALMA ATA N.W. 0329-8603 4321-07650 T
F002-L16,F002,355,0185,ALTENBURG,"ALTENBURG, E GER",East Germany,0231-8055,50.9833,12.5,R,"355 0185 ALTENBURG, E GER 0231-8055 5059-01230 R"
F002-L18,F002,857,0169,ALYTUS,ALYTUS,USSR,0168-8601,54.4167,24.05,R,857 0169 ALYTUS 0168-8601 5425-02403 R
F002-L19,F002,52,0201,AMDERMA,AMDERMA,USSR,0049-8001,69.75,61.6667,R,52 0201 AMDERMA 0049-8001 6945-06140 R
F002-L20,F002,27,0230,ANADYR/LENINKA,ANADYR/LENINKA,USSR,0075-8001,64.7333,177.7833,R,27 0230 ANADYR/LENINKA 0075-8001 6444-17747 R
F002-L21,F002,64,0230,ANADYR/MYS NIZMENNY,ANADYR/MYS NIZMENNY,USSR,0075-8003,64.8,177.6,S,64 0230 ANADYR/MYS NIZMENNY 0075-8003 6448-17736 S
F002-L22,F002,892,0231,ANAPA,ANAPA,USSR,0249-8093,44.8667,37.3333,R,892 0231 ANAPA 0249-8093 4452-03720 R
F002-L23,F002,134,0236,ANDIZHAN,ANDIZHAN,USSR,0328-8602,40.7333,72.3,R,134 0236 ANDIZHAN 0328-8602 4044-07218 R
F002-L24,F002,722,02485,ANKANG,"ANKANG, CHINA",China,0384-8415,32.7,108.9333,R,"722 02485 ANKANG, CHINA 0384-8415 3242-10856 R"
F002-L25,F002,291,3776,ANTONOVKA,ANTONOVKA,USSR,0282-8602,44.3833,134.3833,S,291 3776 ANTONOVKA 0282-8602 4423-13423 S
F002-L26,F002,275,02495,AN TUNG,"AN TUNG, MANCH",China (Manchuria),0290-8017,40.0167,124.2833,R,"275 02495 AN TUNG, MANCH 0290-8017 4001-12417 R"
F002-L27,F002,553,0265,ARAD CEALA,"ARAD CEALA, RUM",Romania,0251-8006,46.1833,21.2667,R,"553 0265 ARAD CEALA, RUM 0251-8006 4611-02116 R"
F002-L28,F002,53,0270,ARKHANGELSK,ARKHANGELSK,USSR,0092-8001,64.4333,40.4167,R,53 0270 ARKHANGELSK 0092-8001 6426-04025 R
F002-L29,F002,893,0270,ARKHANGELSK/BAKARITSA,ARKHANGELSK/BAKARITSA,USSR,0092-8002,64.4667,40.5833,T,893 0270 ARKHANGELSK/BAKARITSA 0092-8002 6428-04035 T
F003-L03,F003,62,0270,ARKHANGELSK/OSTROV KEG,ARKHANGELSK/OSTROV KEG,USSR,0092-8004,64.5333,40.4667,U,62 0270 ARKHANGELSK/OSTROV KEG 0092-8004 6432-04028 U
F003-L04,F003,953,0270,ARKHANGELSK/TALAGI,ARKHANGELSK/TALAGI,USSR,0092-8005,64.5833,40.7,S,953 0270 ARKHANGELSK/TALAGI 0092-8005 6435-04042 S
F003-L05,F003,49,0270,ARKHANGELSK/YAGODNIK,ARKHANGELSK/YAGODNIK,USSR,0092-8006,64.4,40.9,V,49 0270 ARKHANGELSK/YAGODNIK 0092-8006 6424-04054 V
F003-L06,F003,1045,0275,ARKHARA,ARKHARA,USSR,0203-8601,49.4333,130.0667,R,1045 0275 ARKHARA 0203-8601 4926-13004 R
F003-L07,F003,679,0280,ARMAVIR,ARMAVIR,USSR,0249-8004,44.9667,41.1167,R,679 0280 ARMAVIR 0249-8004 4458-04107 R
F003-L08,F003,690,0290,ARTEM/KNEVICHI,ARTEM/KNEVICHI,USSR,0291-8602,43.4,132.2,V,690 0290 ARTEM/KNEVICHI 0291-8602 4324-13212 V
F003-L09,F003,84,0290,ARTEM N,ARTEM N.,USSR,0291-8603,43.4,132.1667,R,84 0290 ARTEM N. 0291-8603 4324-13210 R
F003-L10,F003,772,0290,ARTEM N W,ARTEM N.W.,USSR,0291-8004,43.3667,132.15,W,772 0290 ARTEM N.W. 0291-8004 4322-13209 W
F003-L11,F003,579,0310,ARZAMAS,ARZAMAS,USSR,0166-8002,55.35,43.7,R,579 0310 ARZAMAS 0166-8002 5521-04342 R
F003-L12,F003,467,0330,ASHKHABAD/FIRYUZA,ASHKHABAD/FIRYUZA,USSR,0338-8601,37.9167,58.0833,T,467 0330 ASHKHABAD/FIRYUZA 0338-8601 3755-05805 T
F003-L13,F003,479,0330,ASHKHABAD N W,ASHKHABAD N.W.,USSR,0338-8602,37.9667,58.3667,R,479 0330 ASHKHABAD N.W. 0338-8602 3758-05822 R
F003-L14,F003,490,1055,ASLAU,"ASLAU, POL",Poland,0231-8084,51.3167,15.7333,R,"490 1055 ASLAU, POL 0231-8084 5119-01544 R"
F003-L16,F003,894,4215,ASTE,ASTE,USSR,0153-8101,58.3667,22.45,U,894 4215 ASTE 0153-8101 5822-02227 U
F003-L18,F003,674,0342,ATKARSK S E,ATKARSK S.E.,USSR,0235-8002,51.8,45.1167,S,674 0342 ATKARSK S.E. 0235-8002 5148-04507 S
F003-L19,F003,808,4442,BABSTOVO,BABSTOVO,USSR,0203-8602,48.1,132.4667,S,808 4442 BABSTOVO 0203-8602 4806-13228 S
F003-L20,F003,33,0390,BADA N,BADA N.,USSR,0201-8601,51.4,109.8667,R,33 0390 BADA N. 0201-8601 5124-10952 R
F003-L21,F003,895,0390,BADA W,BADA W.,USSR,0201-8602,51.3833,109.8667,S,895 0390 BADA W. 0201-8602 5123-10952 S
F003-L22,F003,278,0460,BAKU,BAKU,USSR,0325-8607,40.4167,49.8833,T,278 0460 BAKU 0325-8607 4025-04953 T
F003-L23,F003,222,0460,BAKU/BINA,BAKU/BINA,USSR,0325-8611,40.45,50.0667,R,222 0460 BAKU/BINA 0325-8611 4027-05004 R
F003-L24,F003,1047,0460,BAKU/ZABRAT,BAKU/ZABRAT,USSR,0325-8622,40.4833,49.9833,S,1047 0460 BAKU/ZABRAT 0325-8622 4029-04959 S
F003-L25,F003,444,0465,BALACI,"BALACI, RUM",Romania,0251-8073,44.3667,24.9833,R,"444 0465 BALACI, RUM 0251-8073 4422-02459 R"
F003-L26,F003,631,0490,BALASHOV,BALASHOV,USSR,0235-8003,51.5333,43.1667,R,631 0490 BALASHOV 0235-8003 5132-04310 R
F003-L27,F003,1048,0490,BALASHOV N,BALASHOV N.,USSR,0235-8004,51.6333,43.1667,S,1048 0490 BALASHOV N. 0235-8004 5138-04310 S
F003-L28,F003,292,7765,BALCHIK,"BALCHIK, BULG",Bulgaria,0323-8022,43.4333,28.1833,R,"292 7765 BALCHIK, BULG 0323-8022 4326-02811 R"
F003-L29,F003,293,4005,BALICE,"BALICE, POL",Poland,0232-8286,50.0833,19.8,S,"293 4005 BALICE, POL 0232-8286 5005-01948 S"
F004-L02,F004,175,0500,BALKHASH,BALKHASH,USSR,0244-8603,46.8667,75.0,R,175 0500 BALKHASH 0244-8603 4652-07500 R
F004-L04,F004,173,0547,BARABINSK,BARABINSK,USSR,0162-8001,55.3667,78.3167,R,173 0547 BARABINSK 0162-8001 5522-07819 R
F004-L06,F004,448,9180,BARANOVKA,BARANOVKA,USSR,0166-8038,52.1333,46.9667,S,448 9180 BARANOVKA 0166-8038 5208-04658 S
F004-L07,F004,1049,0560,BARNAUL,BARNAUL,USSR,0162-8002,53.3333,83.6833,R,1049 0560 BARNAUL 0162-8002 5320-08341 R
F004-L08,F004,734,7915,BARTH,"BARTH, E GER",East Germany,0169-8211,54.3333,12.7167,R,"734 7915 BARTH, E GER 0169-8211 5420-01243 R"
F004-L09,F004,354,0590,BATUMI,BATUMI,USSR,0324-8604,41.6,41.6,S,354 0590 BATUMI 0324-8604 4136-04136 S
F004-L10,F004,954,0593,BAUSKA,BAUSKA,USSR,0153-8005,56.4,24.2333,R,954 0593 BAUSKA 0153-8005 5624-02414 R
F004-L11,F004,548,0595,BAUTZEN/LITTEN,"BAUTZEN/LITTEN, E GER",East Germany,0231-8164,51.1833,14.5,R,"548 0595 BAUTZEN/LITTEN, E GER 0231-8164 5111-01430 R"
F004-L12,F004,955,0612,BAYSUN,BAYSUN,USSR,0336-8062,38.2167,67.2,R,955 0612 BAYSUN 0336-8062 3813-06712 R
F004-L13,F004,443,8125,BECHYNE,"BECHYNE, CZECH",Czechoslovakia,0231-8165,49.2833,14.5,R,"443 8125 BECHYNE, CZECH 0231-8165 4917-01430 R"
F004-L14,F004,692,9850,BELAYA,BELAYA,USSR,0200-8005,52.9,103.5833,S,692 9850 BELAYA 0200-8005 5254-10335 S
F004-L15,F004,22,0622,BELAYA TSERKOV,BELAYA TSERKOV,USSR,0233-8002,49.8,30.0333,R,22 0622 BELAYA TSERKOV 0233-8002 4948-03002 R
F004-L16,F004,57,0640,BELOMORSK,BELOMORSK,USSR,0091-8604,64.5167,34.7667,R,57 0640 BELOMORSK 0091-8604 6431-03446 R
F004-L17,F004,806,06605,BELTSY,BELTSY,USSR,0250-8617,47.95,27.95,R,806 06605 BELTSY 0250-8617 4757-02757 R
F004-L18,F004,1080,5603,BELUSHYA,BELUSHYA,USSR,0050-8002,71.5833,52.4667,R,1080 5603 BELUSHYA 0050-8002 7135-05228 R
F004-L19,F004,520,0665,BERAT/KUCOVE,"BERAT/KUCOVE, ALB",Albania,0322-8001,40.7833,19.9,R,"520 0665 BERAT/KUCOVE, ALB 0322-8001 4047-01954 R"
F004-L20,F004,621,0670,BERDICHEV,BERDICHEV,USSR,0233-8004,49.8833,28.5167,R,621 0670 BERDICHEV 0233-8004 4953-02831 R
F004-L21,F004,552,5795,BERETTYOUJFALU,"BERETTYOUJFALU, HUNG",Hungary,0251-8079,47.2333,21.5167,R,"552 5795 BERETTYOUJFALU, HUNG 0251-8079 4714-02131 R"
F004-L23,F004,468,1200,BEZENCHUCK,BEZENCHUCK,USSR,0165-8008,52.95,49.3833,S,468 1200 BEZENCHUCK 0165-8008 5257-04923 S
F004-L24,F004,478,0730,BEZHETSK,BEZHETSK,USSR,0154-,57.7167,36.6667,R,478 0730 BEZHETSK 0154-5743-03640 R
F004-L25,F004,367,9604,BEZMER,"BEZMER, BULG",Bulgaria,0322-8064,42.45,26.35,S,"367 9604 BEZMER, BULG 0322-8064 4227-02621 S"
F004-L26,F004,524,0746,BIALA PODLASKA,"BIALA PODLASKA, POL",Poland,0168-8201,52.0167,23.15,R,"524 0746 BIALA PODLASKA, POL 0168-8201 5201-02309 R"
F004-L27,F004,712,7415,BIRMA,BIRMA,USSR,0203-8606,51.35,128.7,S,712 7415 BIRMA 0203-8606 5121-12842 S
F004-L28,F004,635,0766,BIROBIDZHAN,BIROBIDZHAN,USSR,0203-8001,48.75,132.9667,S,635 0766 BIROBIDZHAN 0203-8001 4845-13258 S
F005-L02,F005,880,0766,BIROBIDZHAN S,BIROBIDZHAN S.,USSR,0203-8002,48.5833,133.05,R,880 0766 BIROBIDZHAN S. 0203-8002 4835-13303 R
F005-L03,F005,856,4442,BIROFELD,BIROFELD,USSR,0203-8003,48.35,132.7833,T,856 4442 BIROFELD 0203-8003 4821-13247 T
F005-L04,F005,1050,0790,BLAGOVESHCHENSK,BLAGOVESHCHENSK,USSR,0203-8612,50.3,127.5,R,1050 0790 BLAGOVESHCHENSK 0203-8612 5018-12730 R
F005-L05,F005,951,3183,BOBROVICHI,BOBROVICHI,USSR,0168-8805,52.2833,29.3833,R,951 3183 BOBROVICHI 0168-8805 5217-02923 R
F005-L06,F005,432,3490,BOBROVKA,BOBROVKA,USSR,0165-8026,53.15,50.7,R,432 3490 BOBROVKA 0165-8026 5309-05042 R
F005-L07,F005,4,0820,BOBRUYSK,BOBRUYSK,USSR,0168-8606,53.1,29.2167,R,4 0820 BOBRUYSK 0168-8606 5306-02913 R
F005-L08,F005,507,5406,BOMST,"BOMST, POL",Poland,0169-8621,52.15,15.8167,R,"507 5406 BOMST, POL 0169-8621 5209-01549 R"
F005-L09,F005,1051,08905,BORISOGLEBSK,BORISOGLEBSK,USSR,0234-8008,51.3833,42.1,R,1051 08905 BORISOGLEBSK 0234-8008 5123-04206 R
F005-L10,F005,21,3630,BORISPOL,BORISPOL,USSR,0233-8005,50.3667,30.9167,U,21 3630 BORISPOL 0233-8005 5022-03055 U
F005-L12,F005,406,0900,BOROVSK,BOROVSK,USSR,0167-8102,55.2167,36.6167,R,406 0900 BOROVSK 0167-8102 5513-03637 R
F005-L13,F005,247,0902,BORZYA,BORZYA,USSR,0202-8603,50.3667,116.4333,R,247 0902 BORZYA 0202-8603 5022-11626 R
F005-L14,F005,483,0915,BRANDENBURG/BRIEST,"BRANDENBURG/BRIEST, E GER",East Germany,0169-8214,52.4333,12.45,S,"483 0915 BRANDENBURG/BRIEST, E GER 0169-8214 5226-01227 S"
F005-L15,F005,484,4465,BRANDIS,"BRANDIS, E GER",East Germany,0231-8058,51.3333,12.65,R,"484 4465 BRANDIS, E GER 0231-8058 5120-01239 R"
F005-L16,F005,438,0935,BRATISLAVA/IVANKA,"BRATISLAVA/IVANKA, CZECH",Czechoslovakia,0232-8244,48.1667,17.2,R,"438 0935 BRATISLAVA/IVANKA, CZECH 0232-8244 4810-01712 R"
F005-L17,F005,392,0965,BRESLAU/SCHONGARTEN,"BRESLAU/SCHONGARTEN, POL",Poland,0232-8201,51.1,16.9167,R,"392 0965 BRESLAU/SCHONGARTEN, POL 0232-8201 5106-01655 R"
F005-L18,F005,957,0970,BREST,BREST,USSR,0168-8610,52.1333,23.6667,R,957 0970 BREST 0168-8610 5208-02340 R
F005-L19,F005,31,0980,BRIEG,"BRIEG, POL",Poland,0232-8202,50.85,17.4167,R,"31 0980 BRIEG, POL 0232-8202 5051-01725 R"
F005-L20,F005,140,0989,BRIESEN,"BRIESEN, E GER",East Germany,0169-8299,52.0333,13.75,R,"140 0989 BRIESEN, E GER 0169-8299 5202-01345 R"
F005-L21,F005,90,0307,BRIYENI,BRIYENI,USSR,0250-8752,45.9667,29.3833,R,90 0307 BRIYENI 0250-8752 4558-02923 R
F005-L22,F005,890,0995,BRNO,"BRNO, CZECH",Czechoslovakia,0232-8245,49.1833,16.6667,R,"890 0995 BRNO, CZECH 0232-8245 4911-01640 R"
F005-L23,F005,441,0995,BRNO/TURANY,"BRNO/TURANY, CZECH",Czechoslovakia,0232-8246,49.15,16.7,S,"441 0995 BRNO/TURANY, CZECH 0232-8246 4909-01642 S"
F005-L25,F005,896,4131,BRODY/GAYE,BRODY/GAYE,USSR,0233-8007,50.05,25.15,T,896 4131 BRODY/GAYE 0233-8007 5003-02509 T
F005-L27,F005,407,0740,BRYANSK,BRYANSK,USSR,0167-8020,53.2667,34.35,R,407 0740 BRYANSK 0167-8020 5316-03421 R
F005-L28,F005,189,3180,BRYUSTERORT,BRYUSTERORT,USSR,0169-8603,54.9333,20.0,Z,189 3180 BRYUSTERORT 0169-8603 5456-02000 Z
F006-L03,F006,958,1017,BUCHACH,BUCHACH,USSR,0233-8008,49.0667,25.3333,R,958 1017 BUCHACH 0233-8008 4904-02520 R
F006-L04,F006,735,1020,BUCHAREST/BANEASA,"BUCHAREST/BANEASA, RUM",Romania,0251-8012,44.5,26.0833,S,"735 1020 BUCHAREST/BANEASA, RUM 0251-8012 4430-02605 S"
F006-L05,F006,146,1020,BUCHAREST/OTOPENI,"BUCHAREST/OTOPENI, RUM",Romania,0251-8016,44.5667,26.0833,T,"146 1020 BUCHAREST/OTOPENI, RUM 0251-8016 4434-02605 T"
F006-L06,F006,754,1020,BUCHAREST/PIPERA,"BUCHAREST/PIPERA, RUM",Romania,0251-8017,44.4833,26.1167,R,"754 1020 BUCHAREST/PIPERA, RUM 0251-8017 4429-02607 R"
F006-L07,F006,125,1045,BUDAPEST/TOKOL,"BUDAPEST/TOKOL, HUNG",Hungary,0252-8045,47.35,18.9833,R,"125 1045 BUDAPEST/TOKOL, HUNG 0252-8045 4721-01859 R"
F006-L08,F006,863,1050,BUGURUSLAN,BUGURUSLAN,USSR,0165-8001,53.6,52.45,R,863 1050 BUGURUSLAN 0165-8001 5336-05227 R
F006-L09,F006,959,34737,BUSHTINO,BUSHTINO,USSR,0232-8622,48.0833,23.4667,S,959 34737 BUSHTINO 0232-8622 4805-02328 S
F006-L10,F006,823,10748,BUZAU,"BUZAU, RUM",Romania,0251-8019,45.1333,26.8,S,"823 10748 BUZAU, RUM 0251-8019 4508-02648 S"
F006-L11,F006,202,1085,BYDGOSZCZ,"BYDGOSZCZ, POL",Poland,0169-8242,53.1,17.9667,R,"202 1085 BYDGOSZCZ, POL 0169-8242 5306-01758 R"
F006-L13,F006,384,1154,CARACAL NEW,"CARACAL NEW, RUM",Romania,0251-8067,44.0833,24.4167,R,"384 1154 CARACAL NEW, RUM 0251-8067 4405-02425 R"
F006-L14,F006,145,2095,CARANSEBES,"CARANSEBES, RUM",Romania,0251-8020,45.4167,22.2333,R,"145 2095 CARANSEBES, RUM 0251-8020 4525-02214 R"
F006-L15,F006,464,3785,CASLAV/CHOTUSICE,"CASLAV/CHOTUSICE, CZECH",Czechoslovakia,0231-8169,49.95,15.3833,S,"464 3785 CASLAV/CHOTUSICE, CZECH 0231-8169 4957-01523 S"
F006-L16,F006,229,1189,CESKE BUDEJOVICE,"CESKE BUDEJOVICE, CZECH",Czechoslovakia,0231-8095,48.95,14.4333,R,"229 1189 CESKE BUDEJOVICE, CZECH 0231-8095 4857-01426 R"
F006-L17,F006,221,1193,CHANG CHIAO,"CHANG CHIAO, CHINA",China,0492-8401,29.9333,121.5667,R,"221 1193 CHANG CHIAO, CHINA 0492-8401 2956-12134 R"
F006-L18,F006,773,1195,CHANG CHUN N W,CHANG CHUN N.W. MANCH,China (Manchuria),0290-8008,43.9167,125.2833,S,773 1195 CHANG CHUN N.W. MANCH 0290-8008 4355-12517 S
F006-L19,F006,736,1195,CHANG CHUN W,CHANG CHUN W. MANCH,China (Manchuria),0290-8011,43.9333,125.1167,R,736 1195 CHANG CHUN W. MANCH 0290-8011 4356-12507 R
F006-L20,F006,744,11993,CHANG TING,"CHANG TING, CHINA",China,0498-8402,25.85,116.35,R,"744 11993 CHANG TING, CHINA 0498-8402 2551-11621 R"
F006-L21,F006,723,11995,CHAN I,"CHAN I, CHINA",China,0496-8402,25.5833,103.8333,R,"723 11995 CHAN I, CHINA 0496-8402 2535-10350 R"
F006-L22,F006,417,1200,CHAPAYEVSK,CHAPAYEVSK,USSR,0165-8009,52.9333,49.6167,R,417 1200 CHAPAYEVSK 0165-8009 5256-04937 R
F006-L24,F006,960,12025,CHARDZHOU,CHARDZHOU,USSR,0337-8602,39.0833,63.5833,R,960 12025 CHARDZHOU 0337-8602 3905-06335 R
F006-L25,F006,831,1207,CHEKUNDA,CHEKUNDA,USSR,0203-8614,50.8667,132.3,R,831 1207 CHEKUNDA 0203-8614 5052-13218 R
F006-L26,F006,737,1210,CHELYABINSK,CHELYABINSK,USSR,0164-8001,55.2,61.35,R,737 1210 CHELYABINSK 0164-8001 5512-06121 R
F006-L27,F006,630,1210,CHELYABINSK E,CHELYABINSK E.,USSR,0164-8010,55.1333,61.5,S,630 1210 CHELYABINSK E. 0164-8010 5508-06130 S
F006-L28,F006,961,1210,CHELYABINSK S W,CHELYABINSK S.W.,USSR,0164-8011,55.15,61.35,U,961 1210 CHELYABINSK S.W. 0164-8011 5509-06121 U
F006-L29,F006,551,12152,CHENG HSIEN N E,CHENG HSIEN N.E. CHINA,China,0385-8404,34.7833,113.7167,R,551 12152 CHENG HSIEN N.E. CHINA 0385-8404 3447-11343 R
F007-L02,F007,317,4490,LENINGRAD/ALEXANDROVSKAYA,LENINGRAD/ALEXANDROVSKAYA,USSR,0153-8050,59.8667,30.3,T,317 4490 LENINGRAD/ALEXANDROVSKAYA 0153-8050 5952-03018 T
F007-L03,F007,600,4490,LENINGRAD CIVIL,LENINGRAD CIVIL,USSR,0153-8048,59.8,30.3,Y,600 4490 LENINGRAD CIVIL 0153-8048 5948-03018 Y
F007-L05,F007,459,4490,LENINGRAD/GORSKAYA,LENINGRAD/GORSKAYA,USSR,0103-8602,60.0333,30.0167,V,459 4490 LENINGRAD/GORSKAYA 0103-8602 6002-03001 V
F007-L06,F007,574,4490,LENINGRAD/KAMENKA N,LENINGRAD/KAMENKA N.,USSR,0103-8603,60.05,30.1833,X,574 4490 LENINGRAD/KAMENKA N. 0103-8603 6003-03011 X
F007-L07,F007,874,4490,LENINGRAD/KASIMOVO,LENINGRAD/KASIMOVO,USSR,0103-8605,60.2,30.3333,RA,874 4490 LENINGRAD/KASIMOVO 0103-8605 6012-03020 RA
F007-L08,F007,488,4490,LENINGRAD/KOLOMYAGI,LENINGRAD/KOLOMYAGI,USSR,0103-8623,60.0,30.2833,Z,488 4490 LENINGRAD/KOLOMYAGI 0103-8623 6000-03017 Z
F007-L09,F007,994,4490,LENINGRAD/KUDROVO,LENINGRAD/KUDROVO,USSR,0153-8054,59.9,30.5167,RD,994 4490 LENINGRAD/KUDROVO 0153-8054 5954-03031 RD
F007-L10,F007,350,4490,LENINGRAD/LESNOY,LENINGRAD/LESNOY,USSR,0103-8634,60.05,30.35,RB,350 4490 LENINGRAD/LESNOY 0103-8634 6003-03021 RB
F007-L12,F007,554,4490,LENINGRAD/UGLOVO,LENINGRAD/UGLOVO,USSR,0103-8609,60.0667,30.7,W,554 4490 LENINGRAD/UGLOVO 0103-8609 6004-03042 W
F007-L13,F007,836,4490,LENINGRAD/YANINO,LENINGRAD/YANINO,USSR,0153-8060,59.95,30.5667,RC,836 4490 LENINGRAD/YANINO 0153-8060 5957-03034 RC
F007-L14,F007,916,4511,LENINSKOYE,LENINSKOYE,USSR,0282-8720,47.9667,132.6833,R,916 4511 LENINSKOYE 0282-8720 4758-13241 R
F007-L15,F007,359,4512,LENKORAN,LENKORAN,USSR,0339-8609,38.7667,48.8,R,359 4512 LENKORAN 0339-8609 3846-04848 R
F007-L16,F007,340,4520,LEPAYA E,LEPAYA E.,USSR,0152-8604,56.5167,21.0833,S,340 4520 LEPAYA E. 0152-8604 5631-02105 S
F007-L17,F007,462,4520,LEPAYA N,LEPAYA N.,USSR,0152-8605,56.5333,21.0167,T,462 4520 LEPAYA N. 0152-8605 5632-02101 T
F007-L18,F007,792,45365,LEYPTSIGSKAYA,LEYPTSIGSKAYA,USSR,0250-8674,46.3333,29.05,R,792 45365 LEYPTSIGSKAYA 0250-8674 4620-02903 R
F007-L19,F007,447,4538,LEZNICA WIELKA,"LEZNICA WIELKA, POL",Poland,0169-8298,52.0,19.15,R,"447 4538 LEZNICA WIELKA, POL 0169-8298 5200-01909 R"
F007-L20,F007,695,45405,LIANG SHAN,"LIANG SHAN, CHINA",China,0495-8410,30.7167,107.7833,R,"695 45405 LIANG SHAN, CHINA 0495-8410 3043-10747 R"
F007-L21,F007,517,0249,LIAO YANG W,LIAO YANG W. MANCH,China (Manchuria),0290-8018,41.2833,123.0667,R,517 0249 LIAO YANG W. MANCH 0290-8018 4117-12304 R
F007-L23,F007,1029,4168,LI CHIA TSUN,"LI CHIA TSUN, CHINA",China,0497-8407,25.2,110.3167,T,"1029 4168 LI CHIA TSUN, CHINA 0497-8407 2512-11019 T"
F007-L24,F007,374,4560,LIDA,LIDA,USSR,0168-8629,53.8667,25.35,R,374 4560 LIDA 0168-8629 5352-02521 R
F007-L25,F007,665,4565,LIEGNITZ,"LIEGNITZ, POL",Poland,0232-8216,51.1833,16.1833,R,"665 4565 LIEGNITZ, POL 0232-8216 5111-01611 R"
F007-L26,F007,881A,4570,LIEN CHENG,"LIEN CHENG, CHINA",China,0498-8427,25.5333,116.6167,R,"881A 4570 LIEN CHENG, CHINA 0498-8427 2532-11637 R"
F007-L27,F007,803A,45955,LIN FEN,"LIN FEN, CHINA",China,0382-8002,36.05,111.5,R,"803A 45955 LIN FEN, CHINA 0382-8002 3603-11130 R"
F007-L28,F007,555,4600,LIPETSK W,LIPETSK W.,USSR,0166-8008,52.6333,39.4667,S,555 4600 LIPETSK W. 0166-8008 5238-03928 S
F008-L03,F008,839,4990,MIASS,MIASS,USSR,0164-8008,55.0,60.0667,R,839 4990 MIASS 0164-8008 5500-06004 R
F008-L04,F008,141,5000,MICHURINSK,MICHURINSK,USSR,0166-8013,52.9333,40.5167,R,141 5000 MICHURINSK 0166-8013 5256-04031 R
F008-L05,F008,848,1575,MIELEC,"MIELEC, POL",Poland,0232-8221,50.3167,21.45,R,"848 1575 MIELEC, POL 0232-8221 5019-02127 R"
F008-L06,F008,310,6450,MIKHA TSKHAKAYA,MIKHA TSKHAKAYA,USSR,0324-8618,42.2333,42.05,R,310 6450 MIKHA TSKHAKAYA 0324-8618 4214-04203 R
F008-L07,F008,800,9220,MIKHAYLOVKA N,MIKHAYLOVKA N.,USSR,0291-8619,43.95,132.0167,T,800 9220 MIKHAYLOVKA N. 0291-8619 4357-13201 T
F008-L08,F008,239,9220,MIKHAYLOVKA S,MIKHAYLOVKA S.,USSR,0291-8620,43.9,132.0333,Z,239 9220 MIKHAYLOVKA S. 0291-8620 4354-13202 Z
F008-L09,F008,601,87805,MIKKOLYA,MIKKOLYA,USSR,0091-8620,65.2167,31.9833,R,601 87805 MIKKOLYA 0091-8620 6513-03159 R
F008-L10,F008,376,3785,MILOVICE,"MILOVICE, CZECH",Czechoslovakia,0231-8103,50.2333,14.9333,R,"376 3785 MILOVICE, CZECH 0231-8103 5014-01456 R"
F008-L11,F008,492,1185,MIMON,"MIMON, CZECH",Czechoslovakia,0231-8114,50.6167,14.7333,R,"492 1185 MIMON, CZECH 0231-8114 5037-01444 R"
F008-L12,F008,921,6610,MINERALNYYE VODY,MINERALNYYE VODY,USSR,0248-8022,44.2167,43.1,R,921 6610 MINERALNYYE VODY 0248-8022 4413-04306 R
F008-L14,F008,6,5030,MINSK/MACHULISHCHE,MINSK/MACHULISHCHE,USSR,0168-8637,53.7833,27.5667,T,6 5030 MINSK/MACHULISHCHE 0168-8637 5347-02734 T
F008-L15,F008,197,5030,MINSK S,MINSK S.,USSR,0168-8639,53.8667,27.5333,S,197 5030 MINSK S. 0168-8639 5352-02732 S
F008-L16,F008,515,5031,MINSK MAZOWIECKI,"MINSK MAZOWIECKI, POL",Poland,0168-8205,52.2,21.65,R,"515 5031 MINSK MAZOWIECKI, POL 0168-8205 5212-02139 R"
F008-L17,F008,18,5032,MIRGOROD,MIRGOROD,USSR,0233-8051,49.9333,33.65,R,18 5032 MIRGOROD 0233-8051 4956-03339 R
F008-L18,F008,1077,7440,MIYOSHINO,MIYOSHINO,USSR,0206-8001,50.7,156.3167,S,1077 7440 MIYOSHINO 0206-8001 5042-15619 S
F008-L19,F008,80,9385,MODLIN,"MODLIN, POL",Poland,0169-8262,52.45,20.6667,R,"80 9385 MODLIN, POL 0169-8262 5227-02040 R"
F008-L20,F008,624,5070,MOGILEV,MOGILEV,USSR,0167-8005,53.8667,30.3167,R,624 5070 MOGILEV 0167-8005 5352-03019 R
F008-L22,F008,1078,5090,MOLOTOV N,MOLOTOV N.,USSR,0156-8016,58.05,56.2667,R,1078 5090 MOLOTOV N. 0156-8016 5803-05616 R
F008-L23,F008,923,5090,MOLOTOV S E,MOLOTOV S.E.,USSR,0156-8004,57.9667,56.3,S,923 5090 MOLOTOV S.E. 0156-8004 5758-05618 S
F008-L24,F008,246,5110,MONCHEGORSK,MONCHEGORSK,USSR,0091-8625,67.9833,33.0167,R,246 5110 MONCHEGORSK 0091-8625 6759-03301 R
F008-L25,F008,209,5570,MONINO,MONINO,USSR,0167-8051,55.8333,38.1667,S,209 5570 MONINO 0167-8051 5550-03810 S
F008-L26,F008,236,4215,MONNUSTE,MONNUSTE,USSR,0153-8105,58.3,22.2667,S,236 4215 MONNUSTE 0153-8105 5818-02216 S
F008-L27,F008,261,5135,MORSHANSK,MORSHANSK,USSR,0166-8014,53.4333,41.7333,R,261 5135 MORSHANSK 0166-8014 5326-04144 R
F008-L28,F008,871,5150,MOSCOW/BYKOVO,MOSCOW/BYKOVO,USSR,0167-8039,55.6167,38.05,RA,871 5150 MOSCOW/BYKOVO 0167-8039 5537-03803 RA
F008-L29,F008,718,5150,MOSCOW/CENTRAL,MOSCOW/CENTRAL,USSR,0167-8041,55.7833,37.5333,X,718 5150 MOSCOW/CENTRAL 0167-8041 5547-03732 X
F009-L02,F009,998,5150,MOSCOW/CHERTANOVO,MOSCOW/CHERTANOVO,USSR,0167-8042,55.6333,37.6,RB,998 5150 MOSCOW/CHERTANOVO 0167-8042 5538-03736 RB
F009-L03,F009,719,5150,MOSCOW/FILI,MOSCOW/FILI,USSR,0167-8044,55.7667,37.4833,Y,719 5150 MOSCOW/FILI 0167-8044 5546-03729 Y
F009-L04,F009,580,5150,MOSCOW/IZMAYLOVO,MOSCOW/IZMAYLOVO,USSR,0167-8045,55.8,37.8,U,580 5150 MOSCOW/IZMAYLOVO 0167-8045 5548-03748 U
F009-L05,F009,653,5150,MOSCOW/KHIMKI N,MOSCOW/KHIMKI N.,USSR,0167-8048,55.9167,37.4333,W,653 5150 MOSCOW/KHIMKI N. 0167-8048 5555-03726 W
F009-L06,F009,578,5150,MOSCOW/LYUBERTSY,MOSCOW/LYUBERTSY,USSR,0167-8050,55.6833,37.8667,V,578 5150 MOSCOW/LYUBERTSY 0167-8050 5541-03752 V
F009-L07,F009,999,5150,MOSCOW/MYACHKOVO,MOSCOW/MYACHKOVO,USSR,0167-8110,55.5667,37.9833,RC,999 5150 MOSCOW/MYACHKOVO 0167-8110 5534-03759 RC
F009-L08,F009,1000,5150,MOSCOW/ORLOVO,MOSCOW/ORLOVO,USSR,0167-8055,55.6333,37.4,RD,1000 5150 MOSCOW/ORLOVO 0167-8055 5538-03724 RD
F009-L09,F009,751,5150,MOSCOW/SALAREVO,MOSCOW/SALAREVO,USSR,0167-8060,55.6167,37.45,Z,751 5150 MOSCOW/SALAREVO 0167-8060 5537-03727 Z
F009-L10,F009,491,5150,MOSCOW/SHCHELKOVO,MOSCOW/SHCHELKOVO,USSR,0167-8062,55.8833,38.05,T,491 5150 MOSCOW/SHCHELKOVO 0167-8062 5553-03803 T
F009-L11,F009,496,5150,MOSCOW/VNUKOVO,MOSCOW/VNUKOVO,USSR,0167-8067,55.6,37.2833,R,496 5150 MOSCOW/VNUKOVO 0167-8067 5536-03717 R
F009-L12,F009,24,5167,MOZDOK E,MOZDOK E.,USSR,0325-,43.7167,44.9,R,24 5167 MOZDOK E. 0325-4343-04454 R
F009-L13,F009,924,5171,MOZYR,MOZYR,USSR,0233-8052,51.9833,29.15,R,924 5171 MOZYR 0233-8052 5159-02909 R
F009-L14,F009,215,5230,MUKACHEVO,MUKACHEVO,USSR,0232-8611,48.4,22.6833,R,215 5230 MUKACHEVO 0232-8611 4824-02241 R
F009-L15,F009,458,5235,MUKDEN N,MUKDEN N. MANCH,China (Manchuria),0290-8016,41.8667,123.4333,S,458 5235 MUKDEN N. MANCH 0290-8016 4152-12326 S
F009-L16,F009,248,5235,MUKDEN S E,MUKDEN S.E. MANCH,China (Manchuria),0290-8014,41.7833,123.5,U,248 5235 MUKDEN S.E. MANCH 0290-8014 4147-12330 U
F009-L17,F009,847,5235,MUKDEN S W,MUKDEN S.W. MANCH,China (Manchuria),0290-8012,41.7667,123.3667,R,847 5235 MUKDEN S.W. MANCH 0290-8012 4146-12322 R
F009-L18,F009,565,5235,MUKDEN W,MUKDEN W. MANCH,China (Manchuria),0290-8015,41.8167,123.3,T,565 5235 MUKDEN W. MANCH 0290-8015 4149-12318 T
F009-L19,F009,1082,52355,MUKSALMA,MUKSALMA,USSR,0091-8637,65.0333,35.9167,R,1082 52355 MUKSALMA 0091-8637 6502-03555 R
F009-L20,F009,604,5240,MURMANSK,MURMANSK,USSR,0051-8601,69.0,33.1167,R,604 5240 MURMANSK 0051-8601 6900-03307 R
F009-L21,F009,60,5240,MURMANSK N E,MURMANSK N.E.,USSR,0051-8628,69.0167,33.3,U,60 5240 MURMANSK N.E. 0051-8628 6901-03318 U
F009-L22,F009,29,5240,MURMANSK/VAYENGA,MURMANSK/VAYENGA,USSR,0051-8627,69.0333,33.4167,T,29 5240 MURMANSK/VAYENGA 0051-8627 6902-03325 T
F009-L23,F009,51,5240,MURMASHI,MURMASHI,USSR,0051-8609,68.8167,32.8,S,51 5240 MURMASHI 0051-8609 6849-03248 S
F009-L24,F009,799,5250,MUROM,MUROM,USSR,0166-8015,55.45,42.3167,R,799 5250 MUROM 0166-8015 5527-04219 R
F009-L26,F009,26,5261,MYS SHMIDTA,MYS SHMIDTA,USSR,0065-8004,68.8833,-179.4,R,26 5261 MYS SHMIDTA 0065-8004 6853-17924W R
F009-L27,F009,612,5270,MYS ZHELANIYA,MYS ZHELANIYA,USSR,0014-8000,76.9333,68.5167,R,612 5270 MYS ZHELANIYA 0014-8000 7656-06831 R
F010-L02,F010,99,5747,OLONETS/NURMALITSY,OLONETS/NURMALITSY,USSR,0102-8015,61.05,32.9833,R,99 5747 OLONETS/NURMALITSY 0102-8015 6103-03259 R
F010-L03,F010,805,57475,OLOVYANNAYA,OLOVYANNAYA,USSR,0202-8614,51.0167,115.4167,R,805 57475 OLOVYANNAYA 0202-8614 5101-11525 R
F010-L04,F010,1004,5750,OMSK,OMSK,USSR,0163-8001,54.95,73.35,R,1004 5750 OMSK 0163-8001 5457-07321 R
F010-L05,F010,950,5750,OMSK E,OMSK E.,USSR,0163-8002,54.95,73.4667,S,950 5750 OMSK E. 0163-8002 5457-07328 S
F010-L06,F010,626,5750,OMSK S W,OMSK S.W.,USSR,0163-8003,54.95,73.3333,T,626 5750 OMSK S.W. 0163-8003 5457-07320 T
F010-L08,F010,95,0685,ORANIENBURG,"ORANIENBURG, E GER",East Germany,0169-8224,52.7333,13.2167,S,"95 0685 ORANIENBURG, E GER 0169-8224 5244-01313 S"
F010-L09,F010,655,5807,ORASUL STALIN,"ORASUL STALIN, RUM",Romania,0251-8011,45.6667,25.6167,R,"655 5807 ORASUL STALIN, RUM 0251-8011 4540-02537 R"
F010-L10,F010,412,9010,ORDZHONIKIDZEVSKAYA,ORDZHONIKIDZEVSKAYA,USSR,0325-8700,43.3167,45.0167,R,412 9010 ORDZHONIKIDZEVSKAYA 0325-8700 4319-04501 R
F010-L11,F010,686,5830,OREL,OREL,USSR,0167-8073,53.0,36.0333,R,686 5830 OREL 0167-8073 5300-03602 R
F010-L12,F010,343,5830,OREL S W,OREL S.W.,USSR,0167-8075,52.9333,36.0,S,343 5830 OREL S.W. 0167-8075 5256-03600 S
F010-L13,F010,435,16991,ORNETA,"ORNETA, POL",Poland,0169-8292,54.1333,20.1,R,"435 16991 ORNETA, POL 0169-8292 5408-02006 R"
F010-L14,F010,730,5840,ORSHA,ORSHA,USSR,0167-8007,54.5,30.4833,R,730 5840 ORSHA 0167-8007 5430-03029 R
F010-L15,F010,2,5840,ORSHA S W,ORSHA S.W.,USSR,0167-8008,54.4333,30.2833,S,2 5840 ORSHA S.W. 0167-8008 5426-03017 S
F010-L16,F010,92,0236,OSH,OSH,USSR,0328-8619,40.55,72.7667,S,92 0236 OSH 0328-8619 4033-07246 S
F010-L17,F010,107,9220,OSINOVKA,OSINOVKA,USSR,0291-8723,44.0167,132.2167,S,107 9220 OSINOVKA 0291-8723 4401-13213 S
F010-L18,F010,10,58975,OSTROV/GOROKHOVO,OSTROV/GOROKHOVO,USSR,0153-8074,57.3,28.4333,R,10 58975 OSTROV/GOROKHOVO 0153-8074 5718-02826 R
F010-L19,F010,632,6360,OSTAFYEVO,OSTAFYEVO,USSR,0167-8056,55.5,37.5167,R,632 6360 OSTAFYEVO 0167-8056 5530-03731 R
F010-L21,F010,638,5710,OVIDOPOL,OVIDOPOL,USSR,0250-8754,46.3333,30.5,T,638 5710 OVIDOPOL 0250-8754 4620-03030 T
F010-L22,F010,1083,5943,OYMYAKON,OYMYAKON,USSR,0123-8002,63.4667,142.8167,R,1083 5943 OYMYAKON 0123-8002 6328-14249 R
F010-L23,F010,1005,59604,OZERO,OZERO,USSR,0168-8643,53.6333,27.4333,R,1005 59604 OZERO 0168-8643 5338-02726 R
F010-L25,F010,618,59615,OZERO TAVAJARVI,OZERO TAVAJARVI,USSR,0091-8626,66.1,30.1,R,618 59615 OZERO TAVAJARVI 0091-8626 6606-03006 R
F010-L26,F010,855,6017,PADALI,PADALI,USSR,0204-8642,50.2167,136.6667,R,855 6017 PADALI 0204-8642 5013-13640 R
F010-L28,F010,348,3660,PALANGA,PALANGA,USSR,0168-8644,55.9333,21.0833,R,348 3660 PALANGA 0168-8644 5556-02105 R
F011-L02,F011,1026,9176,VOLOSOVO N,VOLOSOVO N.,USSR,0153-8137,59.5333,29.4667,S,1026 9176 VOLOSOVO N. 0153-8137 5932-02928 S
F011-L03,F011,1108,9176,VOLOSOVO N E,VOLOSOVO N.E.,USSR,0153-8138,59.5167,29.5833,T,1108 9176 VOLOSOVO N.E. 0153-8138 5931-02935 T
F011-L04,F011,613,9200,VORKUTA,VORKUTA,USSR,0094-8003,67.4833,64.0167,R,613 9200 VORKUTA 0094-8003 6729-06401 R
F011-L05,F011,131,9210,VORONEZH E,VORONEZH E.,USSR,0234-8081,51.65,39.25,T,131 9210 VORONEZH E. 0234-8081 5139-03915 T
F011-L06,F011,761,9210,VORONEZH N,VORONEZH N.,USSR,0234-8082,51.7,39.1667,R,761 9210 VORONEZH N. 0234-8082 5142-03910 R
F011-L07,F011,423,9210,VORONEZH S W,VORONEZH S.W.,USSR,0234-8084,51.6167,39.15,S,423 9210 VORONEZH S.W. 0234-8084 5137-03909 S
F011-L08,F011,311,9220,VOROSHILOV N,VOROSHILOV N.,USSR,0291-8663,43.8333,131.9167,U,311 9220 VOROSHILOV N. 0291-8663 4350-13155 U
F011-L09,F011,561,9220,VOROSHILOV S E,VOROSHILOV S.E.,USSR,0291-8665,43.7667,132.0,Y,561 9220 VOROSHILOV S.E. 0291-8665 4346-13200 Y
F011-L10,F011,1109,9230,VOROSHILOVGRAD N W,VOROSHILOVGRAD N.W.,USSR,0234-8086,48.65,38.9167,R,1109 9230 VOROSHILOVGRAD N.W. 0234-8086 4839-03855 R
F011-L12,F011,526,9254,VORU,VORU,USSR,0153-8162,57.9167,26.9833,R,526 9254 VORU 0153-8162 5755-02659 R
F011-L13,F011,198,7732,VOSKRESENKA,VOSKRESENKA,USSR,0282-8029,44.5667,132.7333,R,198 7732 VOSKRESENKA 0282-8029 4434-13244 R
F011-L14,F011,19,9220,VOZDVIZHENKA,VOZDVIZHENKA,USSR,0291-8019,43.9167,131.9333,X,19 9220 VOZDVIZHENKA 0291-8019 4355-13156 X
F011-L16,F011,758,9130,VTORAYA RECHKA,VTORAYA RECHKA,USSR,0291-8660,43.1667,131.9333,T,758 9130 VTORAYA RECHKA 0291-8660 4310-13156 T
F011-L17,F011,942,2922,VVEDENKA,VVEDENKA,USSR,0282-8705,45.85,133.8333,S,942 2922 VVEDENKA 0282-8705 4551-13350 S
F011-L18,F011,282,9310,VYAZMA,VYAZMA,USSR,0167-8095,55.15,34.3833,R,282 9310 VYAZMA 0167-8095 5509-03423 R
F011-L19,F011,460,9320,VYBORG E,VYBORG E.,USSR,0103-8621,60.6833,29.1667,R,460 9320 VYBORG E. 0103-8621 6041-02910 R
F011-L20,F011,1027,9340,VYTEGRA,VYTEGRA,USSR,0102-8028,61.0167,36.45,R,1027 9340 VYTEGRA 0102-8028 6101-03627 R
F011-L21,F011,286,9385,WARSAW/BOERNEROWO,"WARSAW/BOERNEROWO, POL",Poland,0169-8295,52.2667,20.9167,S,"286 9385 WARSAW/BOERNEROWO, POL 0169-8295 5216-02055 S"
F011-L23,F011,538,9403,WEI HSIEN,"WEI HSIEN, CHINA",China,0381-8012,36.65,119.1167,R,"538 9403 WEI HSIEN, CHINA 0381-8012 3639-11907 R"
F011-L24,F011,96,7345,WELZOW,"WELZOW, E GER",East Germany,0231-8080,51.5833,14.15,S,"96 7345 WELZOW, E GER 0231-8080 5135-01409 S"
F011-L25,F011,82,1935,WERNEUCHEN,"WERNEUCHEN, E GER",East Germany,0169-8239,52.6333,13.7667,T,"82 1935 WERNEUCHEN, E GER 0169-8239 5238-01346 T"
F011-L26,F011,258,1152,WHITE CLOUD,"WHITE CLOUD, CHINA",China,0614-8414,23.1667,113.25,T,"258 1152 WHITE CLOUD, CHINA 0614-8414 2310-11315 T"
F011-L27,F011,396,9483,WITTSTOCK,"WITTSTOCK, E GER",East Germany,0169-8240,53.2,12.5167,R,"396 9483 WITTSTOCK, E GER 0169-8240 5312-01231 R"
F011-L28,F011,453,9510,WONSAN,"WONSAN, N KOREA",North Korea,0380-8004,39.1667,127.4833,R,"453 9510 WONSAN, N KOREA 0380-8004 3910-12729 R"
