part2_id,ref,name,part2_priority,seen_whole,part2_dgz,part2_installations,part2_subcomplexes,part1_id,part1_name,part1_priority,part1_dgz,part1_installations,part1_subcomplexes,same_header_coords,dgz_kept,dgz_dropped,dgz_added,installations_kept,installations_dropped,installations_added
R002-L05,0670,BERDICHEV,295,True,0,9,1,C018-L04,BERDICHEV,295,3,9,1,True,0,3,0,7,2,2
R002-L16,0674,BERDSK,834,True,0,3,0,C018-L18,BERDSK,834,1,3,0,True,0,1,0,3,0,0
R002-L20,0680,BEREZNIKI,69,True,1,15,0,C018-L23,BEREZNIKI,69,3,15,0,True,1,2,0,15,0,0
R002-L37,0685,BERLIN,61,True,5,91,6,C018-L42,BERLIN,61,6,91,6,True,5,1,0,88,3,3
R004-L44,0695,BERNBURG,192,False,1,9,2,C020-L46,BERNBURG,192,4,33,8,True,1,3,0,9,22,0
R005-L23,1030,BUCKAU,1150,True,0,2,0,C032-L15,BUCKAU,1150,0,2,0,True,0,0,0,2,0,0
R005-L26,1045,BUDAPEST,60,True,4,143,7,C032-L18,BUDAPEST,60,11,143,7,True,4,7,0,140,1,1
R008-L28,1046,BUDARINSKIY,1101,True,0,2,0,C035-L25,BUDARINSKIY,1101,0,2,0,True,0,0,0,2,0,0
R008-L31,1048,BUETOW,873,True,0,2,0,C035-L28,BUETOW,873,0,2,0,True,0,0,0,2,0,0
R008-L34,1049,BUGULMA,705,True,0,2,0,C035-L31,BUGULMA,705,1,2,0,True,0,1,0,2,0,0
R008-L37,1050,BUGURUSLAN,572,True,0,4,1,C035-L35,BUGURUSLAN,572,1,4,1,True,0,1,0,4,0,0
R008-L43,10525,BUKACHACHA,907,False,0,2,0,C035-L42,BUKACHACHA,907,0,2,0,True,0,0,0,2,0,0
R009-L17,4475,LEISNIG,904,True,0,6,1,C143-L27,LEISNIG,904,0,6,1,True,0,0,0,5,0,0
R009-L25,4480,LENINAKAN,738,True,1,5,0,C143-L35,LENINAKAN,738,1,5,0,True,0,1,1,5,0,0
R009-L32,4490,LENINGRAD,2,True,5,159,4,C143-L42,LENINGRAD,2,9,152,4,True,3,6,2,152,0,7
R012-L48,4500,LENINOGORSK,301,False,0,5,1,C146-L55,LENINOGORSK,301,2,7,1,True,0,2,0,5,2,0
R013-L04,5134,MOROZOVSK,613,True,0,2,0,C166-L09,MOROZOVSK,613,1,2,0,True,0,1,0,2,0,0
R013-L07,5135,MORSHANSK,629,True,0,3,0,C166-L13,MORSHANSK,629,1,3,0,True,0,1,0,3,0,0
R013-L11,5150,MOSCOW,1,False,6,190,3,C166-L18,MOSCOW,1,13,190,3,True,3,10,3,182,1,1
R017-L06,6111,PEI LI,1080,True,0,2,0,C199-L32,PEI LI,1080,0,2,0,True,0,0,0,2,0,0
R017-L09,6115,PEI PIAO,981,True,0,2,0,C199-L35,PEI PIAO,981,0,2,0,True,0,0,0,2,0,0
R017-L12,6125,PEI PING,13,True,2,22,1,C199-L38,PEI PING,13,3,22,1,True,2,1,0,19,0,0
R017-L38,6141,PEN CHI,236,False,1,8,0,C200-L24,PEN CHI,236,2,8,0,True,1,1,0,8,0,0
R018-L09,6485,POZNAN,100,True,1,20,0,C209-L13,POZNAN,100,7,20,0,True,1,6,0,18,2,2
R018-L31,6493,PRAGUE,58,False,6,111,10,C209-L41,PRAGUE,58,15,114,11,True,6,9,0,111,3,0
R021-L24,9367,WAN HSIEN,482,True,0,2,0,C291-L44,WAN HSIEN,482,1,2,0,True,0,1,0,2,0,0
R021-L27,9370,WAREN,1042,True,0,2,0,C291-L48,WAREN,1042,0,2,0,True,0,0,0,2,0,0
R021-L30,9375,WARKA,1213,True,0,3,0,C292-L03,WARKA,1213,0,3,0,True,0,0,0,3,0,0
R021-L34,9385,WARSAW,62,False,1,13,0,C292-L07,WARSAW,62,8,48,3,True,0,8,1,13,35,0
R022-L15,7410,SERPUKHOV,422,True,0,7,0,C231-L27,SERPUKHOV,422,1,7,0,True,0,1,0,7,0,0
R022-L26,7430,SEVASTOPOL,32,True,2,24,1,C231-L39,SEVASTOPOL,32,5,24,1,True,2,3,0,24,0,0
R023-L05,7440,SEVERO KURILSK,1194,True,0,3,0,C232-L21,SEVERO KURILSK,1194,0,3,0,False,0,0,0,3,0,0
R023-L09,7445,SEVERSKAYA,1015,True,0,2,0,C232-L25,SEVERSKAYA,1015,0,2,0,True,0,0,0,2,0,0
R023-L12,7458,SFANTUL GHEORGE,1195,True,0,2,0,C232-L28,SFANTUL GHEORGE,1195,0,2,0,True,0,0,0,2,0,0
R023-L15,74595,SHADRINSK,780,True,0,3,0,C232-L31,SHADRINSK,780,0,3,0,True,0,0,0,3,0,0
R023-L19,7460,SHAKHTY,217,True,1,8,1,C232-L35,SHAKHTY,217,3,8,1,True,0,3,1,8,0,0
R023-L30,7461,SHAKHUNYA,686,True,0,2,0,C233-L07,SHAKHUNYA,686,1,2,0,True,0,1,0,2,0,0
R023-L33,7475,SHANG HAI,28,False,3,6,0,C233-L11,SHANG HAI,28,6,82,0,True,3,3,0,5,63,0
R024-L09,8780,UKH?A,592,True,1,7,1,C275-L18,UKHTA,592,1,7,1,True,1,0,0,7,0,0
R024-L19,8788,ULAAN BAATAR,497,True,0,2,0,C275-L28,ULAAN BAATAR,497,1,2,0,True,0,1,0,1,1,1
R024-L22,8790,ULAN UDE,105,True,1,15,0,C275-L32,ULAN UDE,105,4,15,0,True,0,4,1,15,0,0
R024-L39,8810,ULYANOVSK,124,False,1,8,0,C276-L09,ULYANOVSK,124,4,17,0,True,0,4,1,8,9,0
R025-L42,9475,WISMAR,361,False,0,10,2,C293-L15,WISMAR,361,0,12,2,False,0,0,0,10,2,0
