F004-L01	header	ECLASSIFIED Nw27386o TOP SECRET	unsure
F004-L02	data	175 0500 BALKHASH 0244-8603 4652-07500 R	
F004-L03	data	319 0510 BALTIYSK/NOYTIF 0169-8601 5437-01953 R	
F004-L04	data	173 0547 BARABINSK 0162-8001 5522-07819 R	
F004-L05	data	3 0550 BARANOVICHI, 0168-8602 5306-02603 R	
F004-L06	data	448 9180 BARANOVKA 0166-8038 5208-04658 S	
F004-L07	data	1049 0560 BARNAUL 0162-8002 5320-08341 R	
F004-L08	data	734 7915 BARTH, E GER 0169-8211 5420-01243 R	
F004-L09	data	354 0590 BATUMI 0324-8604 4136-04136 S	
F004-L10	data	954 0593 BAUSKA 0153-8005 5624-02414 R	
F004-L11	data	548 0595 BAUTZEN/LITTEN, E GER 0231-8164 5111-01430 R	
F004-L12	data	955 0612 BAYSUN 0336-8062 3813-06712 R	
F004-L13	data	443 8125 BECHYNE, CZECH 0231-8165 4917-01430 R	
F004-L14	data	692 9850 BELAYA 0200-8005 5254-10335 S	
F004-L15	data	22 0622 BELAYA TSERKOV 0233-8002 4948-03002 R	
F004-L16	data	57 0640 BELOMORSK 0091-8604 6431-03446 R	
F004-L17	data	806 06605 BELTSY 0250-8617 4757-02757 R	
F004-L18	data	1080 5603 BELUSHYA 0050-8002 7135-05228 R	
F004-L19	data	520 0665 BERAT/KUCOVE, ALB 0322-8001 4047-01954 R	
F004-L20	data	621 0670 BERDICHEV 0233-8004 4953-02831 R	
F004-L21	data	552 5795 BERETTYOUJFALU, HUNG 0251-8079 4714-02131 R	
F004-L22	data	147 0678 BEREZA/KARTUZKAYA 0166-8692 5233-02453 R	
F004-L23	data	468 1200 BEZENCHUCK 0165-8008 5257-04923 S	
F004-L24	data	478 0730 BEZHETSK 0154- 5743-03640 R	
F004-L25	data	367 9604 BEZMER, BULG 0322-8064 4227-02621 S	
F004-L26	data	524 0746 BIALA PODLASKA, POL 0168-8201 5201-02309 R	
F004-L27	data	712 7415 BIRMA 0203-8606 5121-12842 S	
F004-L28	data	635 0766 BIROBIDZHAN 0203-8001 4845-13258 S	
F004-L29	footer	DocId:32003765 TOP SECRET - RESTRICTED	cut
