R021-L01	header	CLASSIFIED	
R021-L02	header	27386	handwritten
R021-L03	header	TOP SECRET || DGZ BA	merged
R021-L04	data	275 0232-9625	
R021-L05	data	LUDWIGSDORF POL 5038-01630	
R021-L06	data	196 0232-0610	
R021-L07	data	275 0232-9623	
R021-L08	data	REICHENBACH POL 5043-01639	
R021-L09	data	285 0232-0350	
R021-L10	data	275 0232-9646	
R021-L11	data	SAARAU POL 5057-01630	
R021-L12	data	400 0232-0939	
R021-L13	data	445 0232-0939	
R021-L14	data	275 0232-9735	
R021-L15	data	SCHWEIDNITZ POL 5050-01630	
R021-L16	data	5050- 1630E C	
R021-L17	data	240 0232-	
R021-L18	data	264 0232-0475	
R021-L19	data	268 0232-0475	
R021-L20	data	250 0232-0789	
R021-L21	data	248 0232-1301	
R021-L22	data	245 0232-1545	
R021-L23	data	275 0232-9825	
R021-L24	data	482 9367 WAN HSIEN CHINA 3049-10824	
R021-L25	data	281 0494-0020	
R021-L26	data	275 0494-9976	
R021-L27	data	1042 9370 WAREN E GER 5331-01241	
R021-L28	data	245 0169-1569	
R021-L29	data	275 0169-9851	
R021-L30	data	1213 9375 WARKA POL 5147-02112	
R021-L31	data	290 0232-0662	
R021-L32	data	230 0232-1022	
R021-L33	data	275 0232-9590	
R021-L34	data	62 9385 WARSAW POL 5215-02100	
R021-L35	data	5210- 2057E T X	
R021-L36	data	240 0169-	
R021-L37	data	392 0168-0112	
R021-L38	data	285 0168-0116	
R021-L39	data	336 0169-0130	
R021-L40	data	392 0169-0132	
R021-L41	data	392 0169-0134	
R021-L42	data	196 0168-0150	
R021-L43	data	392 0168-0156	
R021-L44	data	392 0168-0157	
R021-L45	data	392 0168-0158	
R021-L46	data	392 0168-0159	
R021-L47	data	281 0168-0160	
R021-L48	data	246 0168-0201	
R021-L49	footer	DocId:32003765 TOP SECRET - RESTRICTED DATA	cut
