X010-L01	header	ECLASSIFIED	cut
X010-L02	header	,27386,	handwritten
X010-L03	header	TOP SECRET B-54300	
X010-L04	data	7430 SEVASTOPOL	
X010-L05	data	BALAKLAVA	
X010-L06	data	BELBEK AF	
X010-L07	data	KACHA AF	
X010-L08	data	KHERSONES AF	
X010-L09	data	PESCHANOYE AF	
X010-L10	data	SEVASTOPOL AF	
X010-L11	data	SHULI AF	
X010-L12	data	7435 SEVERNYY KORYAKI AF SEE 6210 PETROPAVLOVSK KAMSHATSKIY	
X010-L13	data	7440 SEVERO KURILSK	
X010-L14	data	KATAOKA AF	
X010-L15	data	MIYOSHINO AF	
X010-L16	data	7445 SEVERSKAYA	
X010-L17	data	7457 SEYMCHAN AF	
X010-L18	data	7458 SFANTUL GHEORGE RUM	
X010-L19	data	7459 SHABSKIY	
X010-L20	data	SHABSKIY AF	
X010-L21	data	URSATYEVSKAYA AF	
X010-L22	data	74595 SHADRINSK	
X010-L23	data	7460 SHAKHTY	
X010-L24	data	KRASNYY SULIN	
X010-L25	data	7461 SHAKHUNYA	
X010-L26	data	7475 SHANG HAI CHINA	
X010-L27	data	CHIANG WAN AF	
X010-L28	data	HUNG CHIAO AF	
X010-L29	data	LUNG HUA AF	
X010-L30	data	TA CHANG AF	
X010-L31	data	7476 SHANG JAO CHINA	
X010-L32	data	7477 SHARYA	
X010-L33	data	7478 SHA SHIH CHINA	
X010-L34	data	7480 SHATURA	
X010-L35	data	ROSHAL	
X010-L36	data	7486 SHCHEKINO SEE 8620 TULA	
X010-L37	data	7490 SHCHELKOVO SEE 5150 MOSCOW	
X010-L38	data	74905 SHCHELKOVO AF SEE 5150 MOSCOW	
X010-L39	data	7500 SHCHERBAKOV	
X010-L40	data	SHCHERBAKOV AF	
X010-L41	data	7501 SHCHI?CHIN	unsure; overlapped by footer
X010-L42	footer	DocId:32003765 TOP SECRET - RESTRICTED DATA ATOMIC ENERGY ACT 1954	
