#page	state	STATE OF PENNSYLVANIA -- DIRECT EFFECTS RISK	A-121
#header	11909083	44892
county	Adams	68459	521							0
county	Allegheny	1399652	727							0
county	Armstrong	83324	646							0
county	Beaver	197808	436							0
county	Bedford							48356	1017	0
county	Berks	318305	861							0
county	Blair							133813	527	0
county	Bradford							64199	1152	1
county	Bucks	515874	610							0
county	Butler	152040	789							0
county	Cambria							175533	691	0
county	Cameron							6596	398	1
county	Carbon	54170	385							0
county	Centre	114856	1106							0
county	Chester	339008	758							0
county	Clarion	42996	607							0
county	Clearfield							84733	1149	0
county	Clinton							39156	892	0
county	Columbia	61778	486							0
county	Crawford							89061	1011	1
county	Cumberland	186988	547							0
county	Dauphin	236650	528							0
county	Delaware	550418	184							0
county	Elk							37425	830	1
county	Erie	282674	804							0
