F005-L01	header	ECLASSIFIED NW27386	stamp, handwritten number; cut at left
F005-L01+	header	TOP SECRET	unlabelled; struck through
F005-L02	data	880 0766 BIROBIDZHAN S. 0203-8002 4835-13303 R	
F005-L03	data	856 4442 BIROFELD 0203-8003 4821-13247 T	
F005-L04	data	1050 0790 BLAGOVESHCHENSK 0203-8612 5018-12730 R	
F005-L05	data	951 3183 BOBROVICHI 0168-8805 5217-02923 R	unsure
F005-L06	data	432 3490 BOBROVKA 0165-8026 5309-05042 R	
F005-L07	data	4 0820 BOBRUYSK 0168-8606 5306-02913 R	
F005-L08	data	507 5406 BOMST, POL 0169-8621 5209-01549 R	
F005-L09	data	1051 08905 BORISOGLEBSK 0234-8008 5123-04206 R	
F005-L10	data	21 3630 BORISPOL 0233-8005 5022-03055 U	
F005-L11	data	956 08993 BOROVICHI 0154-8006 5826-03353 R	
F005-L12	data	406 0900 BOROVSK 0167-8102 5513-03637 R	
F005-L13	data	247 0902 BORZYA 0202-8603 5022-11626 R	
F005-L14	data	483 0915 BRANDENBURG/BRIEST, E GER 0169-8214 5226-01227 S	
F005-L15	data	484 4465 BRANDIS, E GER 0231-8058 5120-01239 R	
F005-L16	data	438 0935 BRATISLAVA/IVANKA, CZECH 0232-8244 4810-01712 R	
F005-L17	data	392 0965 BRESLAU/SCHONGARTEN, POL 0232-8201 5106-01655 R	
F005-L18	data	957 0970 BREST 0168-8610 5208-02340 R	
F005-L19	data	31 0980 BRIEG, POL 0232-8202 5051-01725 R	
F005-L20	data	140 0989 BRIESEN, E GER 0169-8299 5202-01345 R	
F005-L21	data	90 0307 BRIYENI 0250-8752 4558-02923 R	
F005-L22	data	890 0995 BRNO, CZECH 0232-8245 4911-01640 R	
F005-L23	data	441 0995 BRNO/TURANY, CZECH 0232-8246 4909-01642 S	
F005-L24	data	474 4131 BRODY 0233-8006 5005-02511 S	
F005-L25	data	896 4131 BRODY/GAYE 0233-8007 5003-02509 T	
F005-L26	data	410 3630 BROVARY 0233-?036 5030-03052 V	
F005-L27	data	407 0740 BRYANSK 0167-8020 5316-03421 R	
F005-L28	data	189 3180 BRYUSTERORT 0169-8603 5456-02000 Z	
F005-L29	footer	DocId:32003765 TOP SECRET - RESTRICT??ED ?	cut
