R018-L01	header	CLASSIFIED	stamp
R018-L02	header	27386	handwritten; label overlaps CLASSIFIED stamp
R018-L03	header	TOP SECRET || DGZ BA	merged
R018-L04	data	420 0324-0048	
R018-L05	data	437 0324-0048	unsure
R018-L06	data	227 0324-0089	
R018-L07	data	350 0324-0111	
R018-L08	data	275 0324-9997	
R018-L09	data	100 6485 POZNAN POL 5224-01655	
R018-L10	data	5224- 1655E A	
R018-L11	data	392 0169-0005	
R018-L12	data	090 0169-0007	
R018-L13	data	214 0169-0007	
R018-L14	data	230 0169-0007	
R018-L15	data	294 0169-0007	
R018-L16	data	296 0169-0007	
R018-L17	data	445 0169-0011	
R018-L18	data	196 0169-0067	
R018-L19	data	405 0169-0068	
R018-L20	data	335 0169-0070	
R018-L21	data	050 0169-0076	
R018-L22	data	230 0169-0438	
R018-L23	data	281 0169-0731	
R018-L24	data	392 0169-0851	
R018-L25	data	010 0169-1060	
R018-L26	data	208 0169-1139	
R018-L27	data	248 0169-1235	unsure
R018-L28	data	050 0169-1529	
R018-L29	data	050 0169-1531	
R018-L30	data	275 0169-9991	
R018-L31	data	58 6493 PRAGUE CZECH 5005-01425	
R018-L32	data	5005- 1425E A	
R018-L33	data	5003- 1422E AB	
R018-L34	data	227 0231-	
R018-L35	data	240 0231-	
R018-L36	data	241 0231-	
R018-L37	data	281 0231-0231	
R018-L38	data	230 0231-0245	
R018-L39	data	015 0231-0260	
R018-L40	data	245 0231-0260	
R018-L41	data	016 0231-0262	
R018-L42	data	055 0231-0264	
R018-L43	data	064 0231-0264	
R018-L44	data	450 0231-0264	
R018-L45	data	485 0231-0264	
R018-L46	data	206 0231-0265	
R018-L47	data	245 0231-0265	
R018-L48	data	480 0231-0265	
R018-L49	data	485 0231-0265	
R018-L50	data	285 0231-0268	
R018-L51	data	064 0231-0273	
R018-L52	data	095 0231-0273	
R018-L53	footer	DocId:32003765 TOP SECRET - RESTRICTED	cut
