X006-L01	header	CLASSIFIED	cut
X006-L02	header	27386.	handwritten number
X006-L03	header	TOP SECRET B-54300	unsure
X006-L04	data	5074 MOGZON	
X006-L05	data	SOKHONDO AF	
X006-L06	data	5075 MOINESTI RUM SEE 1?45 DARMANESTI RUM	
X006-L07	data	5080 MOLODECHNO	
X006-L08	data	MOLODECHNO AF	
X006-L09	data	5090 MOLOTOV || MOLOTOV N AF	merged
X006-L10	data	MOLOTOV S E AF	
X006-L11	data	5100 MOLOTOVSK	
X006-L12	data	5110 MONCHEGORSK	
X006-L13	data	MONCHEGORSK AF	
X006-L14	data	5112 MONINO AF SEE 5570 NOGINSK	
X006-L15	data	5113 MONNUSTE AF SEE 4215 KURESSAARE	
X006-L16	data	5120 MOR HUNG SEE 8061 SZEKESFEHERVAR HUNG	
X006-L17	data	5125 MORAVSKA OSTRAVA CZECH	
X006-L18	data	BOHUMIN	
X006-L19	data	DOLNI SUCHA	
X006-L20	data	HLUCIN	
X006-L21	data	HRUSOV	
X006-L22	data	KARVINNA	
X006-L23	data	KOPRIVNICE	
X006-L24	data	MISTEK	
X006-L25	data	STUDENKA	
X006-L26	data	5127 MORDOVO	
X006-L27	data	5134 MOROZOVSK	
X006-L28	data	TATSINSKAYA AF	
X006-L29	data	5135 ?ORSHANSK	
X006-L30	data	MORSHANSK AF	
X006-L31	data	5136 MOSCICE POL SEE 82584 TARNOW POL	
X006-L32	data	5137 MOSCISKA SEE 65565 PRZEMYSL POL	
X006-L33	data	5150 MOSCOW	
X006-L34	data	KUCHINO	
X006-L35	data	SHCHELKOVO	
X006-L36	data	TOMILINO	
X006-L37	data	BYKOVO AF	
X006-L38	data	CHERTANOVO AF	
X006-L39	data	FILI AF	
X006-L40	data	IZMAYLOVO AF	
X006-L41	data	KHIMKI N. AF || KRASNAYA POLYANA AF	merged
X006-L42	data	LYUBERTSY AF	handwritten 88 in margin
X006-L43	footer	DocId:32003765 TOP SECRET - RESTRICTED DATA - ATOMIC ENERGY ACT - 1954	unsure
