plan_id,planner,target_country,plan_year,provenance,seq,name_source,name_modern,target_class,selected,priority,weapons,yield_kt,lat,lon,source_doc,source_url,source_page,quote,notes
cd_1955_operation_alert_full,FCDA (defender exercise),USA,1955,defender,1,HOUSTON,,city,1,,,,,,"Federal Civil Defense Administration, Annual Report for 1955 (Washington: GPO, 1956), map 'ATTACK PATTERN OPERATION ALERT - 1955'",https://archive.org/download/fcda1955annualreportfor1955/FCDA%20-%201955%20-%20Annual%20Report%20for%201955.pdf,"printed p.31 (PDF p.39), map",HOUSTON | legend: FALLOUT PATTERNS FROM GROUND BURSTS OF MEGATON BOMBS,"Labelled on the official attack-pattern map with a fallout plume (legend: 'FALLOUT PATTERNS FROM GROUND BURSTS OF MEGATON BOMBS'), i.e. a megaton ground burst per the legend; individual yields not printed. The ~45 'OTHER TARGETS BOMBED' symbols on the same map are unlabelled and were not transcribed (no names printed). Same map reproduced as Appendix 1 of the hearing exhibit (p.1495, archive.org page n464), with labels identical and insets for Alaska, Hawaii, Puerto Rico and the Canal Zone whose labels are illegible on the microfilm."
cd_1955_operation_alert_full,FCDA (defender exercise),USA,1955,defender,2,ATLANTA,,city,1,,,,,,"Federal Civil Defense Administration, Annual Report for 1955 (Washington: GPO, 1956), map 'ATTACK PATTERN OPERATION ALERT - 1955'",https://archive.org/download/fcda1955annualreportfor1955/FCDA%20-%201955%20-%20Annual%20Report%20for%201955.pdf,"printed p.31 (PDF p.39), map",ATLANTA | legend: FALLOUT PATTERNS FROM GROUND BURSTS OF MEGATON BOMBS,"Labelled on the official attack-pattern map with a fallout plume (legend: 'FALLOUT PATTERNS FROM GROUND BURSTS OF MEGATON BOMBS'), i.e. a megaton ground burst per the legend; individual yields not printed. The ~45 'OTHER TARGETS BOMBED' symbols on the same map are unlabelled and were not transcribed (no names printed). Same map reproduced as Appendix 1 of the hearing exhibit (p.1495, archive.org page n464), with labels identical and insets for Alaska, Hawaii, Puerto Rico and the Canal Zone whose labels are illegible on the microfilm."
cd_1955_operation_alert_full,FCDA (defender exercise),USA,1955,defender,3,ST. LOUIS,,city,1,,1,1000,,,"Federal Civil Defense Administration, Annual Report for 1955 (Washington: GPO, 1956), map 'ATTACK PATTERN OPERATION ALERT - 1955'",https://archive.org/download/fcda1955annualreportfor1955/FCDA%20-%201955%20-%20Annual%20Report%20for%201955.pdf,"printed p.31 (PDF p.39), map",ST. LOUIS | legend: FALLOUT PATTERNS FROM GROUND BURSTS OF MEGATON BOMBS,"Labelled on the official attack-pattern map with a fallout plume (legend: 'FALLOUT PATTERNS FROM GROUND BURSTS OF MEGATON BOMBS'), i.e. a megaton ground burst per the legend; individual yields not printed. The ~45 'OTHER TARGETS BOMBED' symbols on the same map are unlabelled and were not transcribed (no names printed). Yield from newspaper (secondary): Dixon Evening Telegraph (Dixon, Ill.), 16 June 1955, Chicago-datelined wire story (archive.org dixon-evening-telegraph-1955-06-16, OCR): ""Another such bomb, one fifth as powerful, hit St. Louis at 2:45 p.m."" (i.e. 1/5 of 5 Mt = 1 Mt; arithmetic ours). Same map reproduced as Appendix 1 of the hearing exhibit (p.1495, archive.org page n464), with labels identical and insets for Alaska, Hawaii, Puerto Rico and the Canal Zone whose labels are illegible on the microfilm."
cd_1955_operation_alert_full,FCDA (defender exercise),USA,1955,defender,4,KANSAS,,city,1,,,,,,"Federal Civil Defense Administration, Annual Report for 1955 (Washington: GPO, 1956), map 'ATTACK PATTERN OPERATION ALERT - 1955'",https://archive.org/download/fcda1955annualreportfor1955/FCDA%20-%201955%20-%20Annual%20Report%20for%201955.pdf,"printed p.31 (PDF p.39), map",KANSAS | legend: FALLOUT PATTERNS FROM GROUND BURSTS OF MEGATON BOMBS,"Labelled on the official attack-pattern map with a fallout plume (legend: 'FALLOUT PATTERNS FROM GROUND BURSTS OF MEGATON BOMBS'), i.e. a megaton ground burst per the legend; individual yields not printed. The ~45 'OTHER TARGETS BOMBED' symbols on the same map are unlabelled and were not transcribed (no names printed). Label printed as 'KANSAS' next to a plume at the Missouri/Kansas border (presumably Kansas City); name_modern left blank because the label is truncated. Kansas City is named as an attacked city in the hearing exhibit itself (p.1493, evacuation casualty table: ""In Kansas City, for example..."") and in the Nome Nugget 17 Jun 1955 p.3 (AP: ""110,000 'dead' and 104,000 'injured' in Kansas City""); which side of the state line (Mo./Kans.) is not stated. Same map reproduced as Appendix 1 of the hearing exhibit (p.1495, archive.org page n464), with labels identical and insets for Alaska, Hawaii, Puerto Rico and the Canal Zone whose labels are illegible on the microfilm."
cd_1955_operation_alert_full,FCDA (defender exercise),USA,1955,defender,5,CHICAGO,,city,1,,1,5000,,,"Federal Civil Defense Administration, Annual Report for 1955 (Washington: GPO, 1956), map 'ATTACK PATTERN OPERATION ALERT - 1955'",https://archive.org/download/fcda1955annualreportfor1955/FCDA%20-%201955%20-%20Annual%20Report%20for%201955.pdf,"printed p.31 (PDF p.39), map",CHICAGO | legend: FALLOUT PATTERNS FROM GROUND BURSTS OF MEGATON BOMBS,"Labelled on the official attack-pattern map with a fallout plume (legend: 'FALLOUT PATTERNS FROM GROUND BURSTS OF MEGATON BOMBS'), i.e. a megaton ground burst per the legend; individual yields not printed. The ~45 'OTHER TARGETS BOMBED' symbols on the same map are unlabelled and were not transcribed (no names printed). Yield from newspaper (secondary): Dixon Evening Telegraph (Dixon, Ill.), 16 June 1955, Chicago-datelined wire story (archive.org dixon-evening-telegraph-1955-06-16, OCR): ""A theoretical H-bomb with power equal to five million tons of TNT exploded in Chicago at 2:20 p.m. (CDT)."" Matches the 5 Mt maximum in the FCDA report. Same map reproduced as Appendix 1 of the hearing exhibit (p.1495, archive.org page n464), with labels identical and insets for Alaska, Hawaii, Puerto Rico and the Canal Zone whose labels are illegible on the microfilm."
cd_1955_operation_alert_full,FCDA (defender exercise),USA,1955,defender,6,GARY,,city,1,,,,,,"Federal Civil Defense Administration, Annual Report for 1955 (Washington: GPO, 1956), map 'ATTACK PATTERN OPERATION ALERT - 1955'",https://archive.org/download/fcda1955annualreportfor1955/FCDA%20-%201955%20-%20Annual%20Report%20for%201955.pdf,"printed p.31 (PDF p.39), map",GARY | legend: FALLOUT PATTERNS FROM GROUND BURSTS OF MEGATON BOMBS,"Labelled on the official attack-pattern map with a fallout plume (legend: 'FALLOUT PATTERNS FROM GROUND BURSTS OF MEGATON BOMBS'), i.e. a megaton ground burst per the legend; individual yields not printed. The ~45 'OTHER TARGETS BOMBED' symbols on the same map are unlabelled and were not transcribed (no names printed). Same map reproduced as Appendix 1 of the hearing exhibit (p.1495, archive.org page n464), with labels identical and insets for Alaska, Hawaii, Puerto Rico and the Canal Zone whose labels are illegible on the microfilm."
cd_1955_operation_alert_full,FCDA (defender exercise),USA,1955,defender,7,DETROIT,,city,1,,,,,,"Federal Civil Defense Administration, Annual Report for 1955 (Washington: GPO, 1956), map 'ATTACK PATTERN OPERATION ALERT - 1955'",https://archive.org/download/fcda1955annualreportfor1955/FCDA%20-%201955%20-%20Annual%20Report%20for%201955.pdf,"printed p.31 (PDF p.39), map",DETROIT | legend: FALLOUT PATTERNS FROM GROUND BURSTS OF MEGATON BOMBS,"Labelled on the official attack-pattern map with a fallout plume (legend: 'FALLOUT PATTERNS FROM GROUND BURSTS OF MEGATON BOMBS'), i.e. a megaton ground burst per the legend; individual yields not printed. The ~45 'OTHER TARGETS BOMBED' symbols on the same map are unlabelled and were not transcribed (no names printed). Hearing exhibit 'Report on Operation Alert, 1955' (p.1491) names Buffalo and Detroit among cities not notified in advance, fallout plotted with actual winds. Same map reproduced as Appendix 1 of the hearing exhibit (p.1495, archive.org page n464), with labels identical and insets for Alaska, Hawaii, Puerto Rico and the Canal Zone whose labels are illegible on the microfilm."
cd_1955_operation_alert_full,FCDA (defender exercise),USA,1955,defender,8,CLEVELAND,,city,1,,,,,,"Federal Civil Defense Administration, Annual Report for 1955 (Washington: GPO, 1956), map 'ATTACK PATTERN OPERATION ALERT - 1955'",https://archive.org/download/fcda1955annualreportfor1955/FCDA%20-%201955%20-%20Annual%20Report%20for%201955.pdf,"printed p.31 (PDF p.39), map",CLEVELAND | legend: FALLOUT PATTERNS FROM GROUND BURSTS OF MEGATON BOMBS,"Labelled on the official attack-pattern map with a fallout plume (legend: 'FALLOUT PATTERNS FROM GROUND BURSTS OF MEGATON BOMBS'), i.e. a megaton ground burst per the legend; individual yields not printed. The ~45 'OTHER TARGETS BOMBED' symbols on the same map are unlabelled and were not transcribed (no names printed). Same map reproduced as Appendix 1 of the hearing exhibit (p.1495, archive.org page n464), with labels identical and insets for Alaska, Hawaii, Puerto Rico and the Canal Zone whose labels are illegible on the microfilm."
cd_1955_operation_alert_full,FCDA (defender exercise),USA,1955,defender,9,BUFFALO,,city,1,,,,,,"Federal Civil Defense Administration, Annual Report for 1955 (Washington: GPO, 1956), map 'ATTACK PATTERN OPERATION ALERT - 1955'",https://archive.org/download/fcda1955annualreportfor1955/FCDA%20-%201955%20-%20Annual%20Report%20for%201955.pdf,"printed p.31 (PDF p.39), map",BUFFALO | legend: FALLOUT PATTERNS FROM GROUND BURSTS OF MEGATON BOMBS,"Labelled on the official attack-pattern map with a fallout plume (legend: 'FALLOUT PATTERNS FROM GROUND BURSTS OF MEGATON BOMBS'), i.e. a megaton ground burst per the legend; individual yields not printed. The ~45 'OTHER TARGETS BOMBED' symbols on the same map are unlabelled and were not transcribed (no names printed). Hearing exhibit 'Report on Operation Alert, 1955' (p.1491) names Buffalo and Detroit among cities not notified in advance, fallout plotted with actual winds. Same map reproduced as Appendix 1 of the hearing exhibit (p.1495, archive.org page n464), with labels identical and insets for Alaska, Hawaii, Puerto Rico and the Canal Zone whose labels are illegible on the microfilm."
cd_1955_operation_alert_full,FCDA (defender exercise),USA,1955,defender,10,PHILADELPHIA,,city,1,,,,,,"Federal Civil Defense Administration, Annual Report for 1955 (Washington: GPO, 1956), map 'ATTACK PATTERN OPERATION ALERT - 1955'",https://archive.org/download/fcda1955annualreportfor1955/FCDA%20-%201955%20-%20Annual%20Report%20for%201955.pdf,"printed p.31 (PDF p.39), map",PHILADELPHIA | legend: FALLOUT PATTERNS FROM GROUND BURSTS OF MEGATON BOMBS,"Labelled on the official attack-pattern map with a fallout plume (legend: 'FALLOUT PATTERNS FROM GROUND BURSTS OF MEGATON BOMBS'), i.e. a megaton ground burst per the legend; individual yields not printed. The ~45 'OTHER TARGETS BOMBED' symbols on the same map are unlabelled and were not transcribed (no names printed). Same map reproduced as Appendix 1 of the hearing exhibit (p.1495, archive.org page n464), with labels identical and insets for Alaska, Hawaii, Puerto Rico and the Canal Zone whose labels are illegible on the microfilm."
cd_1955_operation_alert_full,FCDA (defender exercise),USA,1955,defender,11,NEW YORK CITY,,city,1,,,,,,"Federal Civil Defense Administration, Annual Report for 1955 (Washington: GPO, 1956), map 'ATTACK PATTERN OPERATION ALERT - 1955'",https://archive.org/download/fcda1955annualreportfor1955/FCDA%20-%201955%20-%20Annual%20Report%20for%201955.pdf,"printed p.31 (PDF p.39), map",NEW YORK CITY | legend: FALLOUT PATTERNS FROM GROUND BURSTS OF MEGATON BOMBS,"Labelled on the official attack-pattern map with a fallout plume (legend: 'FALLOUT PATTERNS FROM GROUND BURSTS OF MEGATON BOMBS'), i.e. a megaton ground burst per the legend; individual yields not printed. The ~45 'OTHER TARGETS BOMBED' symbols on the same map are unlabelled and were not transcribed (no names printed). Same map reproduced as Appendix 1 of the hearing exhibit (p.1495, archive.org page n464), with labels identical and insets for Alaska, Hawaii, Puerto Rico and the Canal Zone whose labels are illegible on the microfilm."
cd_1955_operation_alert_full,FCDA (defender exercise),USA,1955,defender,12,MINNEAPOLIS,,city,1,,,,,,"Federal Civil Defense Administration, Annual Report for 1955 (Washington: GPO, 1956), map 'ATTACK PATTERN OPERATION ALERT - 1955'",https://archive.org/download/fcda1955annualreportfor1955/FCDA%20-%201955%20-%20Annual%20Report%20for%201955.pdf,"printed p.31 (PDF p.39), map",MINNEAPOLIS | legend: FALLOUT PATTERNS FROM GROUND BURSTS OF MEGATON BOMBS,"Labelled on the official attack-pattern map with a fallout plume (legend: 'FALLOUT PATTERNS FROM GROUND BURSTS OF MEGATON BOMBS'), i.e. a megaton ground burst per the legend; individual yields not printed. The ~45 'OTHER TARGETS BOMBED' symbols on the same map are unlabelled and were not transcribed (no names printed). Minneapolis and St Paul are labelled separately beside a single elongated plume. Same map reproduced as Appendix 1 of the hearing exhibit (p.1495, archive.org page n464), with labels identical and insets for Alaska, Hawaii, Puerto Rico and the Canal Zone whose labels are illegible on the microfilm."
cd_1955_operation_alert_full,FCDA (defender exercise),USA,1955,defender,13,ST PAUL,,city,1,,,,,,"Federal Civil Defense Administration, Annual Report for 1955 (Washington: GPO, 1956), map 'ATTACK PATTERN OPERATION ALERT - 1955'",https://archive.org/download/fcda1955annualreportfor1955/FCDA%20-%201955%20-%20Annual%20Report%20for%201955.pdf,"printed p.31 (PDF p.39), map",ST PAUL | legend: FALLOUT PATTERNS FROM GROUND BURSTS OF MEGATON BOMBS,"Labelled on the official attack-pattern map with a fallout plume (legend: 'FALLOUT PATTERNS FROM GROUND BURSTS OF MEGATON BOMBS'), i.e. a megaton ground burst per the legend; individual yields not printed. The ~45 'OTHER TARGETS BOMBED' symbols on the same map are unlabelled and were not transcribed (no names printed). Minneapolis and St Paul are labelled separately beside a single elongated plume. Same map reproduced as Appendix 1 of the hearing exhibit (p.1495, archive.org page n464), with labels identical and insets for Alaska, Hawaii, Puerto Rico and the Canal Zone whose labels are illegible on the microfilm."
cd_1955_operation_alert_full,FCDA (defender exercise),USA,1955,defender,14,LOS ANGELES,,city,1,,3,1000,,,"Federal Civil Defense Administration, Annual Report for 1955 (Washington: GPO, 1956), map 'ATTACK PATTERN OPERATION ALERT - 1955'",https://archive.org/download/fcda1955annualreportfor1955/FCDA%20-%201955%20-%20Annual%20Report%20for%201955.pdf,"printed p.31 (PDF p.39), map",LOS ANGELES | legend: FALLOUT PATTERNS FROM GROUND BURSTS OF MEGATON BOMBS,"Labelled on the official attack-pattern map with a fallout plume (legend: 'FALLOUT PATTERNS FROM GROUND BURSTS OF MEGATON BOMBS'), i.e. a megaton ground burst per the legend; individual yields not printed. The ~45 'OTHER TARGETS BOMBED' symbols on the same map are unlabelled and were not transcribed (no names printed). Weapons/yield from congressional testimony (H. Roback): 'the assumption was made that 3, 1-megaton bombs were dropped on Los Angeles' - Civil Defense for National Survival hearings (1956), p.1433 (archive.org item sim_united-states-congress-hearings-prints-and-reports_april-10-12-17-19-may-15-17-18-1956). Newspapers (St. Louis Post-Dispatch 16 Jun 1955) also call it ""the three-bomb assault on Los Angeles with hydrogen weapons"". Same map reproduced as Appendix 1 of the hearing exhibit (p.1495, archive.org page n464), with labels identical and insets for Alaska, Hawaii, Puerto Rico and the Canal Zone whose labels are illegible on the microfilm."
cd_1955_operation_alert_full,FCDA (defender exercise),USA,1955,defender,15,SAN FRANCISCO,,city,1,,,,,,"Federal Civil Defense Administration, Annual Report for 1955 (Washington: GPO, 1956), map 'ATTACK PATTERN OPERATION ALERT - 1955'",https://archive.org/download/fcda1955annualreportfor1955/FCDA%20-%201955%20-%20Annual%20Report%20for%201955.pdf,"printed p.31 (PDF p.39), map",SAN FRANCISCO | legend: FALLOUT PATTERNS FROM GROUND BURSTS OF MEGATON BOMBS,"Labelled on the official attack-pattern map with a fallout plume (legend: 'FALLOUT PATTERNS FROM GROUND BURSTS OF MEGATON BOMBS'), i.e. a megaton ground burst per the legend; individual yields not printed. The ~45 'OTHER TARGETS BOMBED' symbols on the same map are unlabelled and were not transcribed (no names printed). Same map reproduced as Appendix 1 of the hearing exhibit (p.1495, archive.org page n464), with labels identical and insets for Alaska, Hawaii, Puerto Rico and the Canal Zone whose labels are illegible on the microfilm."
cd_1955_operation_alert_full,FCDA (defender exercise),Canada,1955,defender,16,MONTREAL,,city,1,,,,,,"Federal Civil Defense Administration, Annual Report for 1955 (Washington: GPO, 1956), map 'ATTACK PATTERN OPERATION ALERT - 1955'",https://archive.org/download/fcda1955annualreportfor1955/FCDA%20-%201955%20-%20Annual%20Report%20for%201955.pdf,"printed p.31 (PDF p.39), map",MONTREAL | legend: FALLOUT PATTERNS FROM GROUND BURSTS OF MEGATON BOMBS,"Labelled on the official attack-pattern map with a fallout plume (legend: 'FALLOUT PATTERNS FROM GROUND BURSTS OF MEGATON BOMBS'), i.e. a megaton ground burst per the legend; individual yields not printed. The ~45 'OTHER TARGETS BOMBED' symbols on the same map are unlabelled and were not transcribed (no names printed). Canadian city shown with plume (Canada participated in Operation Alert 1955); FCDA text counts only US/territory cities. Same map reproduced as Appendix 1 of the hearing exhibit (p.1495, archive.org page n464), with labels identical and insets for Alaska, Hawaii, Puerto Rico and the Canal Zone whose labels are illegible on the microfilm."
cd_1955_operation_alert_full,FCDA (defender exercise),USA,1955,defender,17,Washington,"Washington, D.C.",city,1,,1,200,,,"The Evening Star (Washington, D.C.), 15 June 1955, p.A-1 (Chronicling America sn83045462, OCR)",https://tile.loc.gov/text-services/word-coordinates-service?segment=/service/ndnp/dlc/batch_dlc_idomeneo_ver01/data/sn83045462/00280607083/1955061501/1195.xml&format=alto_xml&full_text=1,newspaper p.1 (loc.gov resource sn83045462/1955-06-15/ed-1/?sp=1),"the equivalent of 200,000 tons of TNT exploding over Eleventh and F streets N.W.","SECONDARY: named only by a 1955 newspaper (wire story), not by an FCDA document opened. Burst type: air burst per Evening Star 16 Jun 1955 p.4 (""a rather small bomb that burst high in the air. Not a hydrogen bomb but an atomic bomb. Equal to 200,000 tons of TNT""); fallout plume drawn 240 miles SSW to Durham, N.C. AP (Key West Citizen 15 Jun p.2): ""rain death and destruction on Washington and 48 other major cities""; ""3:25 p.m.-Washington hit."" FCDA map shows unlabelled target symbols in the D.C./Baltimore area."
cd_1955_operation_alert_full,FCDA (defender exercise),USA,1955,defender,18,Pittsburgh,"Pittsburgh, Pennsylvania",city,1,,,,,,"The Key West Citizen (Key West, Fla.), 15 June 1955, p.2, AP story ""President Eisenhower, Others 'Flee' In Mock Atomic Attack"" (Chronicling America sn83016244, OCR)",https://tile.loc.gov/text-services/word-coordinates-service?segment=/service/ndnp/fu/batch_fu_belleview_ver01/data/sn83016244/00517170665/1955061501/0438.xml&format=alto_xml&full_text=1,newspaper p.2 (loc.gov resource sn83016244/1955-06-15/ed-1/?sp=2),"the first nine days following an enemy assault on New York, Chicago, Los Angeles, St. Louis, Cleveland. Pittsburgh and other centers of commerce and industry.","SECONDARY: named only by a 1955 newspaper (wire story), not by an FCDA document opened. Same AP text in Nome Nugget 15 Jun 1955 p.1. Evening Star 16 Jun 1955 p.4: Richmond ""was also in the path of the fallout from the blast over Pittsburgh"" (so a fallout-producing burst, yield not stated). FCDA map shows an unlabelled target symbol at Pittsburgh."
cd_1955_operation_alert_full,FCDA (defender exercise),USA,1955,defender,19,Binghamton,"Binghamton, New York",city,1,,,,,,"The Key West Citizen (Key West, Fla.), 15 June 1955, p.2, AP story ""President Eisenhower, Others 'Flee' In Mock Atomic Attack"" (Chronicling America sn83016244, OCR)",https://tile.loc.gov/text-services/word-coordinates-service?segment=/service/ndnp/fu/batch_fu_belleview_ver01/data/sn83016244/00517170665/1955061501/0438.xml&format=alto_xml&full_text=1,newspaper p.2 (loc.gov resource sn83016244/1955-06-15/ed-1/?sp=2),"Other known target cities are: Binghamton, Schenectady, Rochester, Niagara Falls, Syracuse and Utica, N. Y.;","SECONDARY: named only by a 1955 newspaper (wire story), not by an FCDA document opened. AP pre-attack list (15 Jun 1955) of cities that knew in advance they were targets; the list is not exhaustive (it omits several map-labelled cities). Not all listed cities have a distinct symbol on the FCDA map, so a few may have been counted as part of a metropolitan target."
cd_1955_operation_alert_full,FCDA (defender exercise),USA,1955,defender,20,Schenectady,"Schenectady, New York",city,1,,,,,,"The Key West Citizen (Key West, Fla.), 15 June 1955, p.2, AP story ""President Eisenhower, Others 'Flee' In Mock Atomic Attack"" (Chronicling America sn83016244, OCR)",https://tile.loc.gov/text-services/word-coordinates-service?segment=/service/ndnp/fu/batch_fu_belleview_ver01/data/sn83016244/00517170665/1955061501/0438.xml&format=alto_xml&full_text=1,newspaper p.2 (loc.gov resource sn83016244/1955-06-15/ed-1/?sp=2),"Other known target cities are: Binghamton, Schenectady, Rochester, Niagara Falls, Syracuse and Utica, N. Y.;","SECONDARY: named only by a 1955 newspaper (wire story), not by an FCDA document opened. AP pre-attack list (15 Jun 1955) of cities that knew in advance they were targets; the list is not exhaustive (it omits several map-labelled cities). Not all listed cities have a distinct symbol on the FCDA map, so a few may have been counted as part of a metropolitan target."
cd_1955_operation_alert_full,FCDA (defender exercise),USA,1955,defender,21,Rochester,"Rochester, New York",city,1,,,,,,"The Key West Citizen (Key West, Fla.), 15 June 1955, p.2, AP story ""President Eisenhower, Others 'Flee' In Mock Atomic Attack"" (Chronicling America sn83016244, OCR)",https://tile.loc.gov/text-services/word-coordinates-service?segment=/service/ndnp/fu/batch_fu_belleview_ver01/data/sn83016244/00517170665/1955061501/0438.xml&format=alto_xml&full_text=1,newspaper p.2 (loc.gov resource sn83016244/1955-06-15/ed-1/?sp=2),"Other known target cities are: Binghamton, Schenectady, Rochester, Niagara Falls, Syracuse and Utica, N. Y.;","SECONDARY: named only by a 1955 newspaper (wire story), not by an FCDA document opened. AP pre-attack list (15 Jun 1955) of cities that knew in advance they were targets; the list is not exhaustive (it omits several map-labelled cities). Not all listed cities have a distinct symbol on the FCDA map, so a few may have been counted as part of a metropolitan target."
cd_1955_operation_alert_full,FCDA (defender exercise),USA,1955,defender,22,Niagara Falls,"Niagara Falls, New York",city,1,,,,,,"The Key West Citizen (Key West, Fla.), 15 June 1955, p.2, AP story ""President Eisenhower, Others 'Flee' In Mock Atomic Attack"" (Chronicling America sn83016244, OCR)",https://tile.loc.gov/text-services/word-coordinates-service?segment=/service/ndnp/fu/batch_fu_belleview_ver01/data/sn83016244/00517170665/1955061501/0438.xml&format=alto_xml&full_text=1,newspaper p.2 (loc.gov resource sn83016244/1955-06-15/ed-1/?sp=2),"Other known target cities are: Binghamton, Schenectady, Rochester, Niagara Falls, Syracuse and Utica, N. Y.;","SECONDARY: named only by a 1955 newspaper (wire story), not by an FCDA document opened. AP pre-attack list (15 Jun 1955) of cities that knew in advance they were targets; the list is not exhaustive (it omits several map-labelled cities). Not all listed cities have a distinct symbol on the FCDA map, so a few may have been counted as part of a metropolitan target."
cd_1955_operation_alert_full,FCDA (defender exercise),USA,1955,defender,23,Syracuse,"Syracuse, New York",city,1,,,,,,"The Key West Citizen (Key West, Fla.), 15 June 1955, p.2, AP story ""President Eisenhower, Others 'Flee' In Mock Atomic Attack"" (Chronicling America sn83016244, OCR)",https://tile.loc.gov/text-services/word-coordinates-service?segment=/service/ndnp/fu/batch_fu_belleview_ver01/data/sn83016244/00517170665/1955061501/0438.xml&format=alto_xml&full_text=1,newspaper p.2 (loc.gov resource sn83016244/1955-06-15/ed-1/?sp=2),"Other known target cities are: Binghamton, Schenectady, Rochester, Niagara Falls, Syracuse and Utica, N. Y.;","SECONDARY: named only by a 1955 newspaper (wire story), not by an FCDA document opened. AP pre-attack list (15 Jun 1955) of cities that knew in advance they were targets; the list is not exhaustive (it omits several map-labelled cities). Not all listed cities have a distinct symbol on the FCDA map, so a few may have been counted as part of a metropolitan target."
cd_1955_operation_alert_full,FCDA (defender exercise),USA,1955,defender,24,Utica,"Utica, New York",city,1,,,,,,"The Key West Citizen (Key West, Fla.), 15 June 1955, p.2, AP story ""President Eisenhower, Others 'Flee' In Mock Atomic Attack"" (Chronicling America sn83016244, OCR)",https://tile.loc.gov/text-services/word-coordinates-service?segment=/service/ndnp/fu/batch_fu_belleview_ver01/data/sn83016244/00517170665/1955061501/0438.xml&format=alto_xml&full_text=1,newspaper p.2 (loc.gov resource sn83016244/1955-06-15/ed-1/?sp=2),"Other known target cities are: Binghamton, Schenectady, Rochester, Niagara Falls, Syracuse and Utica, N. Y.;","SECONDARY: named only by a 1955 newspaper (wire story), not by an FCDA document opened. AP pre-attack list (15 Jun 1955) of cities that knew in advance they were targets; the list is not exhaustive (it omits several map-labelled cities). Not all listed cities have a distinct symbol on the FCDA map, so a few may have been counted as part of a metropolitan target."
cd_1955_operation_alert_full,FCDA (defender exercise),USA,1955,defender,25,Hartford,"Hartford, Connecticut",city,1,,,,,,"The Key West Citizen (Key West, Fla.), 15 June 1955, p.2, AP story ""President Eisenhower, Others 'Flee' In Mock Atomic Attack"" (Chronicling America sn83016244, OCR)",https://tile.loc.gov/text-services/word-coordinates-service?segment=/service/ndnp/fu/batch_fu_belleview_ver01/data/sn83016244/00517170665/1955061501/0438.xml&format=alto_xml&full_text=1,newspaper p.2 (loc.gov resource sn83016244/1955-06-15/ed-1/?sp=2),"Other known target cities are: ... Hartford, Bridgeport, New Britain, New Haven and Waterbury, Conn.;","SECONDARY: named only by a 1955 newspaper (wire story), not by an FCDA document opened. AP pre-attack list (15 Jun 1955) of cities that knew in advance they were targets; the list is not exhaustive (it omits several map-labelled cities). Not all listed cities have a distinct symbol on the FCDA map, so a few may have been counted as part of a metropolitan target."
cd_1955_operation_alert_full,FCDA (defender exercise),USA,1955,defender,26,Bridgeport,"Bridgeport, Connecticut",city,1,,,,,,"The Key West Citizen (Key West, Fla.), 15 June 1955, p.2, AP story ""President Eisenhower, Others 'Flee' In Mock Atomic Attack"" (Chronicling America sn83016244, OCR)",https://tile.loc.gov/text-services/word-coordinates-service?segment=/service/ndnp/fu/batch_fu_belleview_ver01/data/sn83016244/00517170665/1955061501/0438.xml&format=alto_xml&full_text=1,newspaper p.2 (loc.gov resource sn83016244/1955-06-15/ed-1/?sp=2),"Other known target cities are: ... Hartford, Bridgeport, New Britain, New Haven and Waterbury, Conn.;","SECONDARY: named only by a 1955 newspaper (wire story), not by an FCDA document opened. AP pre-attack list (15 Jun 1955) of cities that knew in advance they were targets; the list is not exhaustive (it omits several map-labelled cities). Not all listed cities have a distinct symbol on the FCDA map, so a few may have been counted as part of a metropolitan target."
cd_1955_operation_alert_full,FCDA (defender exercise),USA,1955,defender,27,New Britain,"New Britain, Connecticut",city,1,,,,,,"The Key West Citizen (Key West, Fla.), 15 June 1955, p.2, AP story ""President Eisenhower, Others 'Flee' In Mock Atomic Attack"" (Chronicling America sn83016244, OCR)",https://tile.loc.gov/text-services/word-coordinates-service?segment=/service/ndnp/fu/batch_fu_belleview_ver01/data/sn83016244/00517170665/1955061501/0438.xml&format=alto_xml&full_text=1,newspaper p.2 (loc.gov resource sn83016244/1955-06-15/ed-1/?sp=2),"Other known target cities are: ... Hartford, Bridgeport, New Britain, New Haven and Waterbury, Conn.;","SECONDARY: named only by a 1955 newspaper (wire story), not by an FCDA document opened. AP pre-attack list (15 Jun 1955) of cities that knew in advance they were targets; the list is not exhaustive (it omits several map-labelled cities). Not all listed cities have a distinct symbol on the FCDA map, so a few may have been counted as part of a metropolitan target."
cd_1955_operation_alert_full,FCDA (defender exercise),USA,1955,defender,28,New Haven,"New Haven, Connecticut",city,1,,,,,,"The Key West Citizen (Key West, Fla.), 15 June 1955, p.2, AP story ""President Eisenhower, Others 'Flee' In Mock Atomic Attack"" (Chronicling America sn83016244, OCR)",https://tile.loc.gov/text-services/word-coordinates-service?segment=/service/ndnp/fu/batch_fu_belleview_ver01/data/sn83016244/00517170665/1955061501/0438.xml&format=alto_xml&full_text=1,newspaper p.2 (loc.gov resource sn83016244/1955-06-15/ed-1/?sp=2),"Other known target cities are: ... Hartford, Bridgeport, New Britain, New Haven and Waterbury, Conn.;","SECONDARY: named only by a 1955 newspaper (wire story), not by an FCDA document opened. AP pre-attack list (15 Jun 1955) of cities that knew in advance they were targets; the list is not exhaustive (it omits several map-labelled cities). Not all listed cities have a distinct symbol on the FCDA map, so a few may have been counted as part of a metropolitan target."
cd_1955_operation_alert_full,FCDA (defender exercise),USA,1955,defender,29,Waterbury,"Waterbury, Connecticut",city,1,,,,,,"The Key West Citizen (Key West, Fla.), 15 June 1955, p.2, AP story ""President Eisenhower, Others 'Flee' In Mock Atomic Attack"" (Chronicling America sn83016244, OCR)",https://tile.loc.gov/text-services/word-coordinates-service?segment=/service/ndnp/fu/batch_fu_belleview_ver01/data/sn83016244/00517170665/1955061501/0438.xml&format=alto_xml&full_text=1,newspaper p.2 (loc.gov resource sn83016244/1955-06-15/ed-1/?sp=2),"Other known target cities are: ... Hartford, Bridgeport, New Britain, New Haven and Waterbury, Conn.;","SECONDARY: named only by a 1955 newspaper (wire story), not by an FCDA document opened. AP pre-attack list (15 Jun 1955) of cities that knew in advance they were targets; the list is not exhaustive (it omits several map-labelled cities). Not all listed cities have a distinct symbol on the FCDA map, so a few may have been counted as part of a metropolitan target."
cd_1955_operation_alert_full,FCDA (defender exercise),USA,1955,defender,30,Fort Wayne,"Fort Wayne, Indiana",city,1,,,,,,"The Key West Citizen (Key West, Fla.), 15 June 1955, p.2, AP story ""President Eisenhower, Others 'Flee' In Mock Atomic Attack"" (Chronicling America sn83016244, OCR)",https://tile.loc.gov/text-services/word-coordinates-service?segment=/service/ndnp/fu/batch_fu_belleview_ver01/data/sn83016244/00517170665/1955061501/0438.xml&format=alto_xml&full_text=1,newspaper p.2 (loc.gov resource sn83016244/1955-06-15/ed-1/?sp=2),"Other known target cities are: ... Fort Wayne and Gary, Ind.;","SECONDARY: named only by a 1955 newspaper (wire story), not by an FCDA document opened. AP pre-attack list (15 Jun 1955) of cities that knew in advance they were targets; the list is not exhaustive (it omits several map-labelled cities). Not all listed cities have a distinct symbol on the FCDA map, so a few may have been counted as part of a metropolitan target."
cd_1955_operation_alert_full,FCDA (defender exercise),USA,1955,defender,31,Akron,"Akron, Ohio",city,1,,,,,,"The Key West Citizen (Key West, Fla.), 15 June 1955, p.2, AP story ""President Eisenhower, Others 'Flee' In Mock Atomic Attack"" (Chronicling America sn83016244, OCR)",https://tile.loc.gov/text-services/word-coordinates-service?segment=/service/ndnp/fu/batch_fu_belleview_ver01/data/sn83016244/00517170665/1955061501/0438.xml&format=alto_xml&full_text=1,newspaper p.2 (loc.gov resource sn83016244/1955-06-15/ed-1/?sp=2),"Other known target cities are: ... Akron, Toledo and Youngstown, Ohio;","SECONDARY: named only by a 1955 newspaper (wire story), not by an FCDA document opened. AP pre-attack list (15 Jun 1955) of cities that knew in advance they were targets; the list is not exhaustive (it omits several map-labelled cities). Not all listed cities have a distinct symbol on the FCDA map, so a few may have been counted as part of a metropolitan target."
cd_1955_operation_alert_full,FCDA (defender exercise),USA,1955,defender,32,Toledo,"Toledo, Ohio",city,1,,,,,,"The Key West Citizen (Key West, Fla.), 15 June 1955, p.2, AP story ""President Eisenhower, Others 'Flee' In Mock Atomic Attack"" (Chronicling America sn83016244, OCR)",https://tile.loc.gov/text-services/word-coordinates-service?segment=/service/ndnp/fu/batch_fu_belleview_ver01/data/sn83016244/00517170665/1955061501/0438.xml&format=alto_xml&full_text=1,newspaper p.2 (loc.gov resource sn83016244/1955-06-15/ed-1/?sp=2),"Other known target cities are: ... Akron, Toledo and Youngstown, Ohio;","SECONDARY: named only by a 1955 newspaper (wire story), not by an FCDA document opened. AP pre-attack list (15 Jun 1955) of cities that knew in advance they were targets; the list is not exhaustive (it omits several map-labelled cities). Not all listed cities have a distinct symbol on the FCDA map, so a few may have been counted as part of a metropolitan target."
cd_1955_operation_alert_full,FCDA (defender exercise),USA,1955,defender,33,Youngstown,"Youngstown, Ohio",city,1,,,,,,"The Key West Citizen (Key West, Fla.), 15 June 1955, p.2, AP story ""President Eisenhower, Others 'Flee' In Mock Atomic Attack"" (Chronicling America sn83016244, OCR)",https://tile.loc.gov/text-services/word-coordinates-service?segment=/service/ndnp/fu/batch_fu_belleview_ver01/data/sn83016244/00517170665/1955061501/0438.xml&format=alto_xml&full_text=1,newspaper p.2 (loc.gov resource sn83016244/1955-06-15/ed-1/?sp=2),"Other known target cities are: ... Akron, Toledo and Youngstown, Ohio;","SECONDARY: named only by a 1955 newspaper (wire story), not by an FCDA document opened. AP pre-attack list (15 Jun 1955) of cities that knew in advance they were targets; the list is not exhaustive (it omits several map-labelled cities). Not all listed cities have a distinct symbol on the FCDA map, so a few may have been counted as part of a metropolitan target."
cd_1955_operation_alert_full,FCDA (defender exercise),USA,1955,defender,34,Trenton,"Trenton, New Jersey",city,1,,,,,,"The Key West Citizen (Key West, Fla.), 15 June 1955, p.2, AP story ""President Eisenhower, Others 'Flee' In Mock Atomic Attack"" (Chronicling America sn83016244, OCR)",https://tile.loc.gov/text-services/word-coordinates-service?segment=/service/ndnp/fu/batch_fu_belleview_ver01/data/sn83016244/00517170665/1955061501/0438.xml&format=alto_xml&full_text=1,newspaper p.2 (loc.gov resource sn83016244/1955-06-15/ed-1/?sp=2),"Other known target cities are: ... Trenton, Camden, Elizabeth, Jersey City, Newark and Paterson, N. J.;","SECONDARY: named only by a 1955 newspaper (wire story), not by an FCDA document opened. AP pre-attack list (15 Jun 1955) of cities that knew in advance they were targets; the list is not exhaustive (it omits several map-labelled cities). Not all listed cities have a distinct symbol on the FCDA map, so a few may have been counted as part of a metropolitan target."
cd_1955_operation_alert_full,FCDA (defender exercise),USA,1955,defender,35,Camden,"Camden, New Jersey",city,1,,,,,,"The Key West Citizen (Key West, Fla.), 15 June 1955, p.2, AP story ""President Eisenhower, Others 'Flee' In Mock Atomic Attack"" (Chronicling America sn83016244, OCR)",https://tile.loc.gov/text-services/word-coordinates-service?segment=/service/ndnp/fu/batch_fu_belleview_ver01/data/sn83016244/00517170665/1955061501/0438.xml&format=alto_xml&full_text=1,newspaper p.2 (loc.gov resource sn83016244/1955-06-15/ed-1/?sp=2),"Other known target cities are: ... Trenton, Camden, Elizabeth, Jersey City, Newark and Paterson, N. J.;","SECONDARY: named only by a 1955 newspaper (wire story), not by an FCDA document opened. AP pre-attack list (15 Jun 1955) of cities that knew in advance they were targets; the list is not exhaustive (it omits several map-labelled cities). Not all listed cities have a distinct symbol on the FCDA map, so a few may have been counted as part of a metropolitan target."
cd_1955_operation_alert_full,FCDA (defender exercise),USA,1955,defender,36,Elizabeth,"Elizabeth, New Jersey",city,1,,,,,,"The Key West Citizen (Key West, Fla.), 15 June 1955, p.2, AP story ""President Eisenhower, Others 'Flee' In Mock Atomic Attack"" (Chronicling America sn83016244, OCR)",https://tile.loc.gov/text-services/word-coordinates-service?segment=/service/ndnp/fu/batch_fu_belleview_ver01/data/sn83016244/00517170665/1955061501/0438.xml&format=alto_xml&full_text=1,newspaper p.2 (loc.gov resource sn83016244/1955-06-15/ed-1/?sp=2),"Other known target cities are: ... Trenton, Camden, Elizabeth, Jersey City, Newark and Paterson, N. J.;","SECONDARY: named only by a 1955 newspaper (wire story), not by an FCDA document opened. AP pre-attack list (15 Jun 1955) of cities that knew in advance they were targets; the list is not exhaustive (it omits several map-labelled cities). Not all listed cities have a distinct symbol on the FCDA map, so a few may have been counted as part of a metropolitan target."
cd_1955_operation_alert_full,FCDA (defender exercise),USA,1955,defender,37,Jersey City,"Jersey City, New Jersey",city,1,,,,,,"The Key West Citizen (Key West, Fla.), 15 June 1955, p.2, AP story ""President Eisenhower, Others 'Flee' In Mock Atomic Attack"" (Chronicling America sn83016244, OCR)",https://tile.loc.gov/text-services/word-coordinates-service?segment=/service/ndnp/fu/batch_fu_belleview_ver01/data/sn83016244/00517170665/1955061501/0438.xml&format=alto_xml&full_text=1,newspaper p.2 (loc.gov resource sn83016244/1955-06-15/ed-1/?sp=2),"Other known target cities are: ... Trenton, Camden, Elizabeth, Jersey City, Newark and Paterson, N. J.;","SECONDARY: named only by a 1955 newspaper (wire story), not by an FCDA document opened. AP pre-attack list (15 Jun 1955) of cities that knew in advance they were targets; the list is not exhaustive (it omits several map-labelled cities). Not all listed cities have a distinct symbol on the FCDA map, so a few may have been counted as part of a metropolitan target."
cd_1955_operation_alert_full,FCDA (defender exercise),USA,1955,defender,38,Newark,"Newark, New Jersey",city,1,,,,,,"The Key West Citizen (Key West, Fla.), 15 June 1955, p.2, AP story ""President Eisenhower, Others 'Flee' In Mock Atomic Attack"" (Chronicling America sn83016244, OCR)",https://tile.loc.gov/text-services/word-coordinates-service?segment=/service/ndnp/fu/batch_fu_belleview_ver01/data/sn83016244/00517170665/1955061501/0438.xml&format=alto_xml&full_text=1,newspaper p.2 (loc.gov resource sn83016244/1955-06-15/ed-1/?sp=2),"Other known target cities are: ... Trenton, Camden, Elizabeth, Jersey City, Newark and Paterson, N. J.;","SECONDARY: named only by a 1955 newspaper (wire story), not by an FCDA document opened. AP pre-attack list (15 Jun 1955) of cities that knew in advance they were targets; the list is not exhaustive (it omits several map-labelled cities). Not all listed cities have a distinct symbol on the FCDA map, so a few may have been counted as part of a metropolitan target."
cd_1955_operation_alert_full,FCDA (defender exercise),USA,1955,defender,39,Paterson,"Paterson, New Jersey",city,1,,,,,,"The Key West Citizen (Key West, Fla.), 15 June 1955, p.2, AP story ""President Eisenhower, Others 'Flee' In Mock Atomic Attack"" (Chronicling America sn83016244, OCR)",https://tile.loc.gov/text-services/word-coordinates-service?segment=/service/ndnp/fu/batch_fu_belleview_ver01/data/sn83016244/00517170665/1955061501/0438.xml&format=alto_xml&full_text=1,newspaper p.2 (loc.gov resource sn83016244/1955-06-15/ed-1/?sp=2),"Other known target cities are: ... Trenton, Camden, Elizabeth, Jersey City, Newark and Paterson, N. J.;","SECONDARY: named only by a 1955 newspaper (wire story), not by an FCDA document opened. AP pre-attack list (15 Jun 1955) of cities that knew in advance they were targets; the list is not exhaustive (it omits several map-labelled cities). Not all listed cities have a distinct symbol on the FCDA map, so a few may have been counted as part of a metropolitan target."
cd_1955_operation_alert_full,FCDA (defender exercise),USA,1955,defender,40,Boston,"Boston, Massachusetts",city,1,,,,,,"The Key West Citizen (Key West, Fla.), 15 June 1955, p.2, AP story ""President Eisenhower, Others 'Flee' In Mock Atomic Attack"" (Chronicling America sn83016244, OCR)",https://tile.loc.gov/text-services/word-coordinates-service?segment=/service/ndnp/fu/batch_fu_belleview_ver01/data/sn83016244/00517170665/1955061501/0438.xml&format=alto_xml&full_text=1,newspaper p.2 (loc.gov resource sn83016244/1955-06-15/ed-1/?sp=2),"Other known target cities are: ... Boston, Fall River, New Bedford, Springfield and Worcester, Mass.;","SECONDARY: named only by a 1955 newspaper (wire story), not by an FCDA document opened. AP pre-attack list (15 Jun 1955) of cities that knew in advance they were targets; the list is not exhaustive (it omits several map-labelled cities). Not all listed cities have a distinct symbol on the FCDA map, so a few may have been counted as part of a metropolitan target."
cd_1955_operation_alert_full,FCDA (defender exercise),USA,1955,defender,41,Fall River,"Fall River, Massachusetts",city,1,,,,,,"The Key West Citizen (Key West, Fla.), 15 June 1955, p.2, AP story ""President Eisenhower, Others 'Flee' In Mock Atomic Attack"" (Chronicling America sn83016244, OCR)",https://tile.loc.gov/text-services/word-coordinates-service?segment=/service/ndnp/fu/batch_fu_belleview_ver01/data/sn83016244/00517170665/1955061501/0438.xml&format=alto_xml&full_text=1,newspaper p.2 (loc.gov resource sn83016244/1955-06-15/ed-1/?sp=2),"Other known target cities are: ... Boston, Fall River, New Bedford, Springfield and Worcester, Mass.;","SECONDARY: named only by a 1955 newspaper (wire story), not by an FCDA document opened. AP pre-attack list (15 Jun 1955) of cities that knew in advance they were targets; the list is not exhaustive (it omits several map-labelled cities). Not all listed cities have a distinct symbol on the FCDA map, so a few may have been counted as part of a metropolitan target."
cd_1955_operation_alert_full,FCDA (defender exercise),USA,1955,defender,42,New Bedford,"New Bedford, Massachusetts",city,1,,,,,,"The Key West Citizen (Key West, Fla.), 15 June 1955, p.2, AP story ""President Eisenhower, Others 'Flee' In Mock Atomic Attack"" (Chronicling America sn83016244, OCR)",https://tile.loc.gov/text-services/word-coordinates-service?segment=/service/ndnp/fu/batch_fu_belleview_ver01/data/sn83016244/00517170665/1955061501/0438.xml&format=alto_xml&full_text=1,newspaper p.2 (loc.gov resource sn83016244/1955-06-15/ed-1/?sp=2),"Other known target cities are: ... Boston, Fall River, New Bedford, Springfield and Worcester, Mass.;","SECONDARY: named only by a 1955 newspaper (wire story), not by an FCDA document opened. AP pre-attack list (15 Jun 1955) of cities that knew in advance they were targets; the list is not exhaustive (it omits several map-labelled cities). Not all listed cities have a distinct symbol on the FCDA map, so a few may have been counted as part of a metropolitan target."
cd_1955_operation_alert_full,FCDA (defender exercise),USA,1955,defender,43,Springfield,"Springfield, Massachusetts",city,1,,,,,,"The Key West Citizen (Key West, Fla.), 15 June 1955, p.2, AP story ""President Eisenhower, Others 'Flee' In Mock Atomic Attack"" (Chronicling America sn83016244, OCR)",https://tile.loc.gov/text-services/word-coordinates-service?segment=/service/ndnp/fu/batch_fu_belleview_ver01/data/sn83016244/00517170665/1955061501/0438.xml&format=alto_xml&full_text=1,newspaper p.2 (loc.gov resource sn83016244/1955-06-15/ed-1/?sp=2),"Other known target cities are: ... Boston, Fall River, New Bedford, Springfield and Worcester, Mass.;","SECONDARY: named only by a 1955 newspaper (wire story), not by an FCDA document opened. AP pre-attack list (15 Jun 1955) of cities that knew in advance they were targets; the list is not exhaustive (it omits several map-labelled cities). Not all listed cities have a distinct symbol on the FCDA map, so a few may have been counted as part of a metropolitan target."
cd_1955_operation_alert_full,FCDA (defender exercise),USA,1955,defender,44,Worcester,"Worcester, Massachusetts",city,1,,,,,,"The Key West Citizen (Key West, Fla.), 15 June 1955, p.2, AP story ""President Eisenhower, Others 'Flee' In Mock Atomic Attack"" (Chronicling America sn83016244, OCR)",https://tile.loc.gov/text-services/word-coordinates-service?segment=/service/ndnp/fu/batch_fu_belleview_ver01/data/sn83016244/00517170665/1955061501/0438.xml&format=alto_xml&full_text=1,newspaper p.2 (loc.gov resource sn83016244/1955-06-15/ed-1/?sp=2),"Other known target cities are: ... Boston, Fall River, New Bedford, Springfield and Worcester, Mass.;","SECONDARY: named only by a 1955 newspaper (wire story), not by an FCDA document opened. AP pre-attack list (15 Jun 1955) of cities that knew in advance they were targets; the list is not exhaustive (it omits several map-labelled cities). Not all listed cities have a distinct symbol on the FCDA map, so a few may have been counted as part of a metropolitan target."
cd_1955_operation_alert_full,FCDA (defender exercise),USA,1955,defender,45,Oakland,"Oakland, California",city,1,,,,,,"The Key West Citizen (Key West, Fla.), 15 June 1955, p.2, AP story ""President Eisenhower, Others 'Flee' In Mock Atomic Attack"" (Chronicling America sn83016244, OCR)",https://tile.loc.gov/text-services/word-coordinates-service?segment=/service/ndnp/fu/batch_fu_belleview_ver01/data/sn83016244/00517170665/1955061501/0438.xml&format=alto_xml&full_text=1,newspaper p.2 (loc.gov resource sn83016244/1955-06-15/ed-1/?sp=2),"Other known target cities are: ... Oakland, Calif.;","SECONDARY: named only by a 1955 newspaper (wire story), not by an FCDA document opened. AP pre-attack list (15 Jun 1955) of cities that knew in advance they were targets; the list is not exhaustive (it omits several map-labelled cities). Not all listed cities have a distinct symbol on the FCDA map, so a few may have been counted as part of a metropolitan target."
cd_1955_operation_alert_full,FCDA (defender exercise),USA,1955,defender,46,Portland,"Portland, Oregon",city,1,,,,,,"The Key West Citizen (Key West, Fla.), 15 June 1955, p.2, AP story ""President Eisenhower, Others 'Flee' In Mock Atomic Attack"" (Chronicling America sn83016244, OCR)",https://tile.loc.gov/text-services/word-coordinates-service?segment=/service/ndnp/fu/batch_fu_belleview_ver01/data/sn83016244/00517170665/1955061501/0438.xml&format=alto_xml&full_text=1,newspaper p.2 (loc.gov resource sn83016244/1955-06-15/ed-1/?sp=2),"Other known target cities are: ... Portland, Ore.;","SECONDARY: named only by a 1955 newspaper (wire story), not by an FCDA document opened. AP pre-attack list (15 Jun 1955) of cities that knew in advance they were targets; the list is not exhaustive (it omits several map-labelled cities). Not all listed cities have a distinct symbol on the FCDA map, so a few may have been counted as part of a metropolitan target. Distinct from Portland, Maine (separate row)."
cd_1955_operation_alert_full,FCDA (defender exercise),USA,1955,defender,47,Wilmington,"Wilmington, Delaware",city,1,,,,,,"The Key West Citizen (Key West, Fla.), 15 June 1955, p.2, AP story ""President Eisenhower, Others 'Flee' In Mock Atomic Attack"" (Chronicling America sn83016244, OCR)",https://tile.loc.gov/text-services/word-coordinates-service?segment=/service/ndnp/fu/batch_fu_belleview_ver01/data/sn83016244/00517170665/1955061501/0438.xml&format=alto_xml&full_text=1,newspaper p.2 (loc.gov resource sn83016244/1955-06-15/ed-1/?sp=2),"Other known target cities are: ... Wilmington, Del.;","SECONDARY: named only by a 1955 newspaper (wire story), not by an FCDA document opened. AP pre-attack list (15 Jun 1955) of cities that knew in advance they were targets; the list is not exhaustive (it omits several map-labelled cities). Not all listed cities have a distinct symbol on the FCDA map, so a few may have been counted as part of a metropolitan target."
cd_1955_operation_alert_full,FCDA (defender exercise),USA,1955,defender,48,Providence,"Providence, Rhode Island",city,1,,,,,,"The Key West Citizen (Key West, Fla.), 15 June 1955, p.2, AP story ""President Eisenhower, Others 'Flee' In Mock Atomic Attack"" (Chronicling America sn83016244, OCR)",https://tile.loc.gov/text-services/word-coordinates-service?segment=/service/ndnp/fu/batch_fu_belleview_ver01/data/sn83016244/00517170665/1955061501/0438.xml&format=alto_xml&full_text=1,newspaper p.2 (loc.gov resource sn83016244/1955-06-15/ed-1/?sp=2),"Other known target cities are: ... Providence, R. I.;","SECONDARY: named only by a 1955 newspaper (wire story), not by an FCDA document opened. AP pre-attack list (15 Jun 1955) of cities that knew in advance they were targets; the list is not exhaustive (it omits several map-labelled cities). Not all listed cities have a distinct symbol on the FCDA map, so a few may have been counted as part of a metropolitan target."
cd_1955_operation_alert_full,FCDA (defender exercise),USA,1955,defender,49,Norfolk,"Norfolk, Virginia",city,1,,,,,,"The Key West Citizen (Key West, Fla.), 15 June 1955, p.2, AP story ""President Eisenhower, Others 'Flee' In Mock Atomic Attack"" (Chronicling America sn83016244, OCR)",https://tile.loc.gov/text-services/word-coordinates-service?segment=/service/ndnp/fu/batch_fu_belleview_ver01/data/sn83016244/00517170665/1955061501/0438.xml&format=alto_xml&full_text=1,newspaper p.2 (loc.gov resource sn83016244/1955-06-15/ed-1/?sp=2),"Other known target cities are: ... Norfolk, Va.;","SECONDARY: named only by a 1955 newspaper (wire story), not by an FCDA document opened. AP pre-attack list (15 Jun 1955) of cities that knew in advance they were targets; the list is not exhaustive (it omits several map-labelled cities). Not all listed cities have a distinct symbol on the FCDA map, so a few may have been counted as part of a metropolitan target."
cd_1955_operation_alert_full,FCDA (defender exercise),USA,1955,defender,50,Flint,"Flint, Michigan",city,1,,,,,,"The Key West Citizen (Key West, Fla.), 15 June 1955, p.2, AP story ""President Eisenhower, Others 'Flee' In Mock Atomic Attack"" (Chronicling America sn83016244, OCR)",https://tile.loc.gov/text-services/word-coordinates-service?segment=/service/ndnp/fu/batch_fu_belleview_ver01/data/sn83016244/00517170665/1955061501/0438.xml&format=alto_xml&full_text=1,newspaper p.2 (loc.gov resource sn83016244/1955-06-15/ed-1/?sp=2),"Other known target cities are: ... Flint, Mich.;","SECONDARY: named only by a 1955 newspaper (wire story), not by an FCDA document opened. AP pre-attack list (15 Jun 1955) of cities that knew in advance they were targets; the list is not exhaustive (it omits several map-labelled cities). Not all listed cities have a distinct symbol on the FCDA map, so a few may have been counted as part of a metropolitan target. Nome Nugget 17 Jun 1955 p.3 (AP): ""At Flint, Mich., sirens were being prepared and thus not in working order. Without warning devices, 57,000 people theoretically died."""
cd_1955_operation_alert_full,FCDA (defender exercise),USA,1955,defender,51,Baltimore,"Baltimore, Maryland",city,1,,,,,,"The Key West Citizen (Key West, Fla.), 15 June 1955, p.2, AP story ""President Eisenhower, Others 'Flee' In Mock Atomic Attack"" (Chronicling America sn83016244, OCR)",https://tile.loc.gov/text-services/word-coordinates-service?segment=/service/ndnp/fu/batch_fu_belleview_ver01/data/sn83016244/00517170665/1955061501/0438.xml&format=alto_xml&full_text=1,newspaper p.2 (loc.gov resource sn83016244/1955-06-15/ed-1/?sp=2),Other known target cities are: ... Baltimore; and Seattle;,"SECONDARY: named only by a 1955 newspaper (wire story), not by an FCDA document opened. AP pre-attack list (15 Jun 1955) of cities that knew in advance they were targets; the list is not exhaustive (it omits several map-labelled cities). Not all listed cities have a distinct symbol on the FCDA map, so a few may have been counted as part of a metropolitan target."
cd_1955_operation_alert_full,FCDA (defender exercise),USA,1955,defender,52,Seattle,"Seattle, Washington",city,1,,,,,,"The Key West Citizen (Key West, Fla.), 15 June 1955, p.2, AP story ""President Eisenhower, Others 'Flee' In Mock Atomic Attack"" (Chronicling America sn83016244, OCR)",https://tile.loc.gov/text-services/word-coordinates-service?segment=/service/ndnp/fu/batch_fu_belleview_ver01/data/sn83016244/00517170665/1955061501/0438.xml&format=alto_xml&full_text=1,newspaper p.2 (loc.gov resource sn83016244/1955-06-15/ed-1/?sp=2),Other known target cities are: ... Baltimore; and Seattle;,"SECONDARY: named only by a 1955 newspaper (wire story), not by an FCDA document opened. AP pre-attack list (15 Jun 1955) of cities that knew in advance they were targets; the list is not exhaustive (it omits several map-labelled cities). Not all listed cities have a distinct symbol on the FCDA map, so a few may have been counted as part of a metropolitan target."
cd_1955_operation_alert_full,FCDA (defender exercise),USA (Territory of Alaska),1955,defender,53,Anchorage,"Anchorage, Alaska",city,1,,,,,,"The Key West Citizen (Key West, Fla.), 15 June 1955, p.2, AP story ""President Eisenhower, Others 'Flee' In Mock Atomic Attack"" (Chronicling America sn83016244, OCR)",https://tile.loc.gov/text-services/word-coordinates-service?segment=/service/ndnp/fu/batch_fu_belleview_ver01/data/sn83016244/00517170665/1955061501/0438.xml&format=alto_xml&full_text=1,newspaper p.2 (loc.gov resource sn83016244/1955-06-15/ed-1/?sp=2),"Other known target cities are: ... Anchorage, Fairbanks and Juneau, Alaska;","SECONDARY: named only by a 1955 newspaper (wire story), not by an FCDA document opened. AP pre-attack list (15 Jun 1955) of cities that knew in advance they were targets; the list is not exhaustive (it omits several map-labelled cities). Not all listed cities have a distinct symbol on the FCDA map, so a few may have been counted as part of a metropolitan target. AP: ""Guided missiles have 'hit' Alaska; submarines have delivered devastation to Hawaii, the Canal Zone and Puerto Rico."" Hearing Appendix 1 insets show 3 symbols in Alaska and 1 each in Hawaii, Puerto Rico and the Canal Zone (labels illegible)."
cd_1955_operation_alert_full,FCDA (defender exercise),USA (Territory of Alaska),1955,defender,54,Fairbanks,"Fairbanks, Alaska",city,1,,,,,,"The Key West Citizen (Key West, Fla.), 15 June 1955, p.2, AP story ""President Eisenhower, Others 'Flee' In Mock Atomic Attack"" (Chronicling America sn83016244, OCR)",https://tile.loc.gov/text-services/word-coordinates-service?segment=/service/ndnp/fu/batch_fu_belleview_ver01/data/sn83016244/00517170665/1955061501/0438.xml&format=alto_xml&full_text=1,newspaper p.2 (loc.gov resource sn83016244/1955-06-15/ed-1/?sp=2),"Other known target cities are: ... Anchorage, Fairbanks and Juneau, Alaska;","SECONDARY: named only by a 1955 newspaper (wire story), not by an FCDA document opened. AP pre-attack list (15 Jun 1955) of cities that knew in advance they were targets; the list is not exhaustive (it omits several map-labelled cities). Not all listed cities have a distinct symbol on the FCDA map, so a few may have been counted as part of a metropolitan target. AP: ""Guided missiles have 'hit' Alaska; submarines have delivered devastation to Hawaii, the Canal Zone and Puerto Rico."" Hearing Appendix 1 insets show 3 symbols in Alaska and 1 each in Hawaii, Puerto Rico and the Canal Zone (labels illegible)."
cd_1955_operation_alert_full,FCDA (defender exercise),USA (Territory of Alaska),1955,defender,55,Juneau,"Juneau, Alaska",city,1,,,,,,"The Key West Citizen (Key West, Fla.), 15 June 1955, p.2, AP story ""President Eisenhower, Others 'Flee' In Mock Atomic Attack"" (Chronicling America sn83016244, OCR)",https://tile.loc.gov/text-services/word-coordinates-service?segment=/service/ndnp/fu/batch_fu_belleview_ver01/data/sn83016244/00517170665/1955061501/0438.xml&format=alto_xml&full_text=1,newspaper p.2 (loc.gov resource sn83016244/1955-06-15/ed-1/?sp=2),"Other known target cities are: ... Anchorage, Fairbanks and Juneau, Alaska;","SECONDARY: named only by a 1955 newspaper (wire story), not by an FCDA document opened. AP pre-attack list (15 Jun 1955) of cities that knew in advance they were targets; the list is not exhaustive (it omits several map-labelled cities). Not all listed cities have a distinct symbol on the FCDA map, so a few may have been counted as part of a metropolitan target. AP: ""Guided missiles have 'hit' Alaska; submarines have delivered devastation to Hawaii, the Canal Zone and Puerto Rico."" Hearing Appendix 1 insets show 3 symbols in Alaska and 1 each in Hawaii, Puerto Rico and the Canal Zone (labels illegible)."
cd_1955_operation_alert_full,FCDA (defender exercise),Panama Canal Zone (US),1955,defender,56,Balboa,"Balboa, Panama Canal Zone",city,1,,,,,,"The Key West Citizen (Key West, Fla.), 15 June 1955, p.2, AP story ""President Eisenhower, Others 'Flee' In Mock Atomic Attack"" (Chronicling America sn83016244, OCR)",https://tile.loc.gov/text-services/word-coordinates-service?segment=/service/ndnp/fu/batch_fu_belleview_ver01/data/sn83016244/00517170665/1955061501/0438.xml&format=alto_xml&full_text=1,newspaper p.2 (loc.gov resource sn83016244/1955-06-15/ed-1/?sp=2),"Other known target cities are: ... Balboa, Panama Canal Zone;","SECONDARY: named only by a 1955 newspaper (wire story), not by an FCDA document opened. AP pre-attack list (15 Jun 1955) of cities that knew in advance they were targets; the list is not exhaustive (it omits several map-labelled cities). Not all listed cities have a distinct symbol on the FCDA map, so a few may have been counted as part of a metropolitan target. AP: ""Guided missiles have 'hit' Alaska; submarines have delivered devastation to Hawaii, the Canal Zone and Puerto Rico."" Hearing Appendix 1 insets show 3 symbols in Alaska and 1 each in Hawaii, Puerto Rico and the Canal Zone (labels illegible)."
cd_1955_operation_alert_full,FCDA (defender exercise),USA (Territory of Hawaii),1955,defender,57,Honolulu,"Honolulu, Hawaii",city,1,,,,,,"The Key West Citizen (Key West, Fla.), 15 June 1955, p.2, AP story ""President Eisenhower, Others 'Flee' In Mock Atomic Attack"" (Chronicling America sn83016244, OCR)",https://tile.loc.gov/text-services/word-coordinates-service?segment=/service/ndnp/fu/batch_fu_belleview_ver01/data/sn83016244/00517170665/1955061501/0438.xml&format=alto_xml&full_text=1,newspaper p.2 (loc.gov resource sn83016244/1955-06-15/ed-1/?sp=2),"Other known target cities are: ... Honolulu, Hawaii;","SECONDARY: named only by a 1955 newspaper (wire story), not by an FCDA document opened. AP pre-attack list (15 Jun 1955) of cities that knew in advance they were targets; the list is not exhaustive (it omits several map-labelled cities). Not all listed cities have a distinct symbol on the FCDA map, so a few may have been counted as part of a metropolitan target. AP: ""Guided missiles have 'hit' Alaska; submarines have delivered devastation to Hawaii, the Canal Zone and Puerto Rico."" Hearing Appendix 1 insets show 3 symbols in Alaska and 1 each in Hawaii, Puerto Rico and the Canal Zone (labels illegible)."
cd_1955_operation_alert_full,FCDA (defender exercise),USA (Puerto Rico),1955,defender,58,San Juan,"San Juan, Puerto Rico",city,1,,,,,,"The Key West Citizen (Key West, Fla.), 15 June 1955, p.2, AP story ""President Eisenhower, Others 'Flee' In Mock Atomic Attack"" (Chronicling America sn83016244, OCR)",https://tile.loc.gov/text-services/word-coordinates-service?segment=/service/ndnp/fu/batch_fu_belleview_ver01/data/sn83016244/00517170665/1955061501/0438.xml&format=alto_xml&full_text=1,newspaper p.2 (loc.gov resource sn83016244/1955-06-15/ed-1/?sp=2),"Other known target cities are: ... and San Juan, P. R.","SECONDARY: named only by a 1955 newspaper (wire story), not by an FCDA document opened. AP pre-attack list (15 Jun 1955) of cities that knew in advance they were targets; the list is not exhaustive (it omits several map-labelled cities). Not all listed cities have a distinct symbol on the FCDA map, so a few may have been counted as part of a metropolitan target. AP: ""Guided missiles have 'hit' Alaska; submarines have delivered devastation to Hawaii, the Canal Zone and Puerto Rico."" Hearing Appendix 1 insets show 3 symbols in Alaska and 1 each in Hawaii, Puerto Rico and the Canal Zone (labels illegible)."
cd_1955_operation_alert_full,FCDA (defender exercise),USA,1955,defender,59,"Portland, Me.","Portland, Maine",city,1,,,,,,"The Evening Star (Washington, D.C.), 16 June 1955, p.A-4 (Chronicling America sn83045462, OCR)",https://tile.loc.gov/text-services/word-coordinates-service?segment=/service/ndnp/dlc/batch_dlc_idomeneo_ver01/data/sn83045462/00280607095/1955061601/0004.xml&format=alto_xml&full_text=1,newspaper p.4 (loc.gov resource sn83045462/1955-06-16/ed-1/?sp=4),"The first simulated bomb fell on Portland, Me.","SECONDARY: named only by a 1955 newspaper (wire story), not by an FCDA document opened. FCDA map shows an unlabelled target symbol on the Maine coast."
cd_1955_operation_alert_full,FCDA (defender exercise),USA,1955,defender,60,New Orleans,"New Orleans, Louisiana",city,1,,,,,,"The Nome Nugget (Nome, Alaska), 17 June 1955, p.3, AP story ""History Making Disaster Rehearsal Leaves 5,000,000 Americans 'Dead'"" (Chronicling America sn84020662, OCR)",https://tile.loc.gov/text-services/word-coordinates-service?segment=/service/ndnp/ak/batch_ak_dungenesscrab_ver01/data/sn84020662/00414185277/1955061701/0442.xml&format=alto_xml&full_text=1,newspaper p.3 (loc.gov resource sn84020662/1955-06-17/ed-1/?sp=3),"In New Orleans, one of the seven cities which did not know in advance whether it would be a target area or supporting city, the make-believe blast killed 36,023 and injured 12,619.","SECONDARY: named only by a 1955 newspaper (wire story), not by an FCDA document opened. One of the cities not notified in advance. No target symbol is visible at New Orleans on the FCDA map (PDF p.39) - unresolved discrepancy."
