class,aimpoints,notes_on_editing_rules,page,quote
Silo-Based ICBM,,"WARHEADS allocated = 720 (pie-chart value; colour-to-category mapping read from the rendered figure). Aimpoint count per category not given in this figure (see category sections, e.g. Tables 4.9-4.11, 4.13, 4.15). MAO-NF = NRDC reconstruction of a US Major Attack Option against Russian nuclear forces.","PDF p.123 (printed p.111, Figure 4.83)","MAO-NF: 1,289 Attacking Warheads | Silo-Based ICBM | 720"
Road-Mobile ICBM,,"WARHEADS allocated = 100 (pie-chart value; colour-to-category mapping read from the rendered figure). Aimpoint count per category not given in this figure (see category sections, e.g. Tables 4.9-4.11, 4.13, 4.15). MAO-NF = NRDC reconstruction of a US Major Attack Option against Russian nuclear forces.","PDF p.123 (printed p.111, Figure 4.83)","MAO-NF: 1,289 Attacking Warheads | Road-Mobile ICBM | 100"
Rail-Mobile ICBM,,"WARHEADS allocated = 5 (pie-chart value; colour-to-category mapping read from the rendered figure). Aimpoint count per category not given in this figure (see category sections, e.g. Tables 4.9-4.11, 4.13, 4.15). MAO-NF = NRDC reconstruction of a US Major Attack Option against Russian nuclear forces.","PDF p.123 (printed p.111, Figure 4.83)","MAO-NF: 1,289 Attacking Warheads | Rail-Mobile ICBM | 5"
SSBN and Other Naval,,"WARHEADS allocated = 137 (pie-chart value; colour-to-category mapping read from the rendered figure). Aimpoint count per category not given in this figure (see category sections, e.g. Tables 4.9-4.11, 4.13, 4.15). MAO-NF = NRDC reconstruction of a US Major Attack Option against Russian nuclear forces.","PDF p.123 (printed p.111, Figure 4.83)","MAO-NF: 1,289 Attacking Warheads | SSBN and Other Naval | 137"
Long-Range Aviation,,"WARHEADS allocated = 73 (pie-chart value; colour-to-category mapping read from the rendered figure). Aimpoint count per category not given in this figure (see category sections, e.g. Tables 4.9-4.11, 4.13, 4.15). MAO-NF = NRDC reconstruction of a US Major Attack Option against Russian nuclear forces.","PDF p.123 (printed p.111, Figure 4.83)","MAO-NF: 1,289 Attacking Warheads | Long-Range Aviation | 73"
Nuclear Warhead Storage,,"WARHEADS allocated = 128 (pie-chart value; colour-to-category mapping read from the rendered figure). Aimpoint count per category not given in this figure (see category sections, e.g. Tables 4.9-4.11, 4.13, 4.15). MAO-NF = NRDC reconstruction of a US Major Attack Option against Russian nuclear forces.","PDF p.123 (printed p.111, Figure 4.83)","MAO-NF: 1,289 Attacking Warheads | Nuclear Warhead Storage | 128"
Warhead Design and Production,,"WARHEADS allocated = 29 (pie-chart value; colour-to-category mapping read from the rendered figure). Aimpoint count per category not given in this figure (see category sections, e.g. Tables 4.9-4.11, 4.13, 4.15). MAO-NF = NRDC reconstruction of a US Major Attack Option against Russian nuclear forces.","PDF p.123 (printed p.111, Figure 4.83)","MAO-NF: 1,289 Attacking Warheads | Warhead Design and Production | 29"
L-C3,,"WARHEADS allocated = 97 (pie-chart value; colour-to-category mapping read from the rendered figure). Aimpoint count per category not given in this figure (see category sections, e.g. Tables 4.9-4.11, 4.13, 4.15). MAO-NF = NRDC reconstruction of a US Major Attack Option against Russian nuclear forces.","PDF p.123 (printed p.111, Figure 4.83)","MAO-NF: 1,289 Attacking Warheads | L-C3 | 97"
Total (MAO-NF),,"WARHEADS = 1,289. NRDC's two countervalue (population-maximising) attacks in Chapter 5 are excluded (circular).","PDF p.123 (printed p.111, Figure 4.83)","MAO-NF: 1,289 Attacking Warheads"
