A029-L08	X	329 0188 PIRSAGAT 0339-8611 3951-04921 S	low	3rd letter a broken R; first BE digit after hyphen has a waist = 8
C112-L04	X	275 0164-9988	low	2nd digit after hyphen blotted but closed top loop with tail = 9
A023-L16	X	10 5032 MIRGOROD 0233-8051 4956-03339 R	high	priority 2nd digit a round 0 without waist
C094-L06	Y	MERSEBURG E GER 5121-01159 || 388 0231-1919	high	bar covers the header and the 388 line: two printed lines
C122-L20	Y	POBEZOVICE CZECH 4930-01248	high	2nd letter a clear O
C160-L04	Y	5258- 4028E C	high	4th lon digit has a waist = 8
C191-L21	X	TIMISUL DE JOS RUM 4535-02536	high	O clear
A004-L29	X	635 0766 BIROBIDZHAN 0203-8001 4945-13258 S	low	last lon digit two stacked loops = 8
C219-L06	X	227 0231-2808 || 275 0231-9891	high	bar covers both the 227 and the 275 line
C080-L05	X	246 0232-1306 || 275 0232-9968	high	bar covers both the 246 and the 275 line
