id,type,source,curated,audit,judged,outcome,note
A002-L08,airfield,agreed,48 0096 ALAKURTTI 0091-8602 6658-03021 R,48 0096 ALAKURTTI 0091-8602 6658-03021 R,,agree,
A002-L09,airfield,adjudicated,952 0100 ALAPAYEVSK 0156-8024 5752-06145 R,952 0100 ALAPAYEVSK 0156-8024 5752-06145 R,,agree,
A002-L16,airfield,agreed,"355 0185 ALTENBURG, E GER 0231-8055 5059-01230 R","355 0185 ALTENBURG, E GER 0231-8055 5059-01230 R",,agree,
A009-L15,airfield,agreed,1058 1780 DROGOBYCH 0232-8602 4922-02334 R,1058 1780 DROGOBYCH 0232-8602 4922-02334 R,,agree,
A009-L21,airfield,agreed,199 1885 DZHANKOY 0250-8633 4541-03425 R,199 1885 DZHANKOY 0250-8633 4541-03425 R,,agree,
A014-L24,airfield,agreed,486 3400 KERCH N. 0249-8172 4523-03630 R,486 3400 KERCH N. 0249-8172 4523-03630 R,,agree,
A018-L10,airfield,agreed,594 4134 KREST KHALDZHAY 0124-8000 6251-13437 R,594 4134 KREST KHALDZHAY 0124-8000 6251-13437 R,,agree,
A018-L20,airfield,agreed,242 9963 KUBINKA 0167-8030 5537-03639 R,242 9963 KUBINKA 0167-8030 5537-03639 R,,agree,
A018-L22,airfield,agreed,"97 4193 KUNG CHU LING, MANCH 0290-8009 4331-12445 R","97 4193 KUNG CHU LING, MANCH 0290-8009 4331-12445 R",,agree,
A022-L03,airfield,agreed,"853 0209 MA CHIANG, CHINA 0498-8416 2439-11816 R","853 0209 MA CHIANG, CHINA 0498-8416 2439-11816 R",,agree,
A029-L08,airfield,agreed,329 0188 PIRSAGAT 0339-8611 3951-04921 S,329 0188 PI?SAGAT 0339-?611 3951-04921 S,329 0188 PIRSAGAT 0339-8611 3951-04921 S,curated right,3rd letter a broken R; first BE digit after hyphen has a waist = 8
A035-L04,airfield,agreed,"182 7745 SSU PING #1, MANCH 0290-8010 4310-12419 R","182 7745 SSU PING #1, MANCH 0290-8010 4310-12419 R",,agree,
A035-L17,airfield,agreed,15 7920 STRYY 0232-8619 4915-02348 R,15 7920 STRYY 0232-8619 4915-02348 R,,agree,
A035-L27,airfield,agreed,936 0290 SURAZHEVKA 0291-8009 4327-13217 Y,936 0290 SURAZHEVKA 0291-8009 4327-13217 Y,,agree,
A039-L26,airfield,agreed,132 8848 USMAN 0166-8044 5202-03939 R,132 8848 USMAN 0166-8044 5202-03939 R,,agree,
C002-L38,installation,agreed,324 0238-0043,324 0238-0043,,agree,
C002-L40,installation,agreed,275 0238-9998,275 0238-9998,,agree,
C006-L25,installation,agreed,208 0328-0208,208 0328-0208,,agree,
C011-L07,installation,agreed,275 0251-9871,275 0251-9871,,agree,
C011-L27,installation,agreed,281 0252-0899,281 0252-0899,,agree,
C011-L32,dgz,agreed,4025-4957E BA,4025- 4957E BA,,agree,
C011-L35,dgz,agreed,4025-4948E M,4025- 4948E M,,agree,
C011-L44,installation,agreed,116 0325-0010,116 0325-0010,,agree,
C015-L15,installation,agreed,254 0324-0046,254 0324-0046,,agree,
C015-L48,dgz,agreed,4014-6912E D,4014- 6912E D,,agree,
C020-L15,installation,agreed,275 0169-,275 0169-,,agree,
C024-L13,installation,agreed,241 0168-,241 0168-,,agree,
C024-L28,complex,agreed,607 0843 BOGOYAVLENSKOYE 5315-04018,607 0843 BOGOYAVLENSKOYE 5315-04018,,agree,
C024-L43,dgz,agreed,5752-3406E B,5752- 3406E B,,agree,
C028-L14,installation,agreed,056 0232-0699,056 0232-0699,,agree,
C028-L16,installation,agreed,056 0232-0701,056 0232-0701,,agree,
C028-L20,installation,agreed,392 0232-0749,392 0232-0749,,agree,
C032-L25,dgz,agreed,4732-1904E G,4732- 1904E G,,agree,
C032-L30,installation,agreed,056 0251-0036,056 0251-0036,,agree,
C032-L45,installation,agreed,235 0251-0342,235 0251-0342,,agree,
C036-L07,installation,agreed,275 0231-9897,275 0231-9897,,agree,
C036-L11,installation,agreed,382 0323-0085,382 0323-0085,,agree,
C036-L32,installation,agreed,227 0248-,227 0248-,,agree,
C041-L32,installation,agreed,188 0231-0450,188 0231-0450,,agree,
C047-L05,installation,agreed,243 0283-,243 0283-,,agree,
C052-L06,installation,agreed,275 0169-9974,275 0169-9974,,agree,
C052-L08,dgz,agreed,4646-2335E A,4646- 2335E A,,agree,
C056-L17,installation,agreed,400 0232-0334,400 0232-0334,,agree,
C056-L26,complex,agreed,671 1590 DEBLIN POL 5134-02151,671 1590 DEBLIN POL 5134-02151,,agree,
C056-L28,installation,agreed,056 0232-0596,056 0232-0596,,agree,
C056-L30,installation,agreed,246 0232-1537,246 0232-1537,,agree,
C056-L40,installation,agreed,030 0251-0856,030 0251-0856,,agree,
C060-L14,installation,agreed,352 0234-0031,352 0234-0031,,agree,
C060-L25,installation,agreed,106 0234-0480,106 0234-0480,,agree,
C064-L40,dgz,agreed,4917-2325E F,4917- 2325E F,,agree,
C064-L48,installation,agreed,275 0232-9991,275 0232-9991,,agree,
C068-L18,installation,agreed,248 0169-1201,248 0169-1201,,agree,
C068-L21,installation,agreed,275 0169-9930,275 0169-9930,,agree,
C068-L26,installation,agreed,275 0169-,275 0169-,,agree,
C068-L27,installation,agreed,248 0169-1153,248 0169-1153,,agree,
C068-L28,subcomplex,agreed,FINOW E GER 5251-01345,FINOW E GER 5251-01345,,agree,
C072-L13,subcomplex,agreed,RUHNOW POL 5333-01532,RUHNOW POL 5333-01532,,agree,
C077-L36,installation,agreed,240 0169-,240 0169-,,agree,
C077-L39,installation,agreed,242 0169-0125,242 0169-0125,,agree,
C077-L54,dgz,agreed,5105-1206E L,5105- 1206E L,,agree,
C081-L21,installation,agreed,275 0232-9642,275 0232-9642,,agree,
C081-L27,dgz,agreed,5020-1850E AN,5020- 1850E AN,,agree,
C081-L31,dgz,agreed,5018-1847E H,5018- 1847E H,,agree,
C081-L41,dgz,agreed,5011-1836E DF,5011- 1836E DF,,agree,
C085-L27,installation,agreed,370 0167-0140,370 0167-0140,,agree,
C085-L32,installation,agreed,230 0167-0393,230 0167-0393,,agree,
C089-L38,installation,agreed,275 0169-9923,275 0169-9923,,agree,
C093-L39,installation,agreed,248 0231-3229,248 0231-3229,,agree,
C097-L05,installation,agreed,275 0232-,275 0232-,,agree,
C101-L02,installation,agreed,275 0093-9998,275 0093-9998,,agree,
C101-L22,installation,agreed,095 0200-0003,095 0200-0003,,agree,
C101-L34,installation,agreed,227 0200-0072,227 0200-0072,,agree,
C107-L23,complex,agreed,851 3204 KAMENETS PODOLSKIY 4840-02634,851 3204 KAMENETS PODOLSKIY 4840-02634,,agree,
C107-L30,installation,agreed,282 0234-0037,282 0234-0037,,agree,
C107-L36,subcomplex,agreed,LIKHAYA 4810-04012,LIKHAYA 4810-04012,,agree,
C112-L04,installation,adjudicated,275 0164-9988,275 0164-9?88,275 0164-9988,curated right,2nd digit after hyphen blotted but closed top loop with tail = 9
C112-L20,installation,agreed,290 0168-0053,290 0168-0053,,agree,
C112-L29,installation,agreed,280 0121-,280 0121-,,agree,
C112-L42,installation,agreed,445 0165-0019,445 0165-0019,,agree,
C112-L49,installation,agreed,264 0165-0069,264 0165-0069,,agree,
C117-L34,installation,agreed,275 0201-9998,275 0201-9998,,agree,
C121-L04,installation,agreed,145 0250-0269,145 0250-0269,,agree,
C121-L18,installation,agreed,240 0233-,240 0233-,,agree,
C121-L37,installation,agreed,376 0233-0123,376 0233-0123,,agree,
C127-L33,installation,agreed,430 0234-0065,430 0234-0065,,agree,
C127-L42,installation,agreed,227 0234-,227 0234-,,agree,
C131-L05,installation,agreed,064 0232-0344,064 0232-0344,,agree,
C131-L24,installation,agreed,275 0232-9615,275 0232-9615,,agree,
C131-L27,installation,agreed,275 0290-9998,275 0290-9998,,agree,
C135-L14,installation,agreed,430 0250-0003,430 0250-0003,,agree,
C135-L15,installation,agreed,376 0250-0027,376 0250-0027,,agree,
C135-L33,installation,agreed,275 0153-9991,275 0153-9991,,agree,
C139-L03,installation,agreed,246 0324-,246 0324-,,agree,
C139-L14,dgz,agreed,4222-4259E F,4222- 4259E F,,agree,
C143-L22,dgz,agreed,5121-1244E AK,5121- 1244E AK,,agree,
C143-L25,installation,agreed,010 0231-2789,010 0231-2789,,agree,
C143-L33,installation,agreed,285 0231-0952,285 0231-0952,,agree,
C148-L25,complex,agreed,1177 4562 LIEBEROSE E GER 5201-01418,1177 4562 LIEBEROSE E GER 5201-01418,,agree,
C152-L27,complex,agreed,248 4725 LUBLIN POL 5115-02234,248 4725 LUBLIN POL 5115-02234,,agree,
C152-L30,installation,agreed,392 0232-0028,392 0232-0028,,agree,
C159-L04,dgz,agreed,5124-5744E C,5124- 5744E C,,agree,
C159-L13,installation,agreed,352 0249-0084,352 0249-0084,,agree,
C166-L13,complex,agreed,629 5135 MORSHANSK 5328-04149,629 5135 MORSHANSK 5328-04149,,agree,
C166-L26,dgz,agreed,5558-3728E BL,5558- 3728E BL,,agree,
C166-L44,installation,agreed,252 0167-0008,252 0167-0008,,agree,
C171-L11,installation,agreed,386 0231-0250,386 0231-0250,,agree,
C171-L17,installation,agreed,248 0231-3435,248 0231-3435,,agree,
C171-L32,complex,agreed,905 5167 MOZDOK 4344-04436,905 5167 MOZDOK 4344-04436,,agree,
C171-L40,installation,agreed,275 0167-9974,275 0167-9974,,agree,
C171-L46,subcomplex,agreed,DINGELSTADT E GER 5119-01019,DINGELSTADT E GER 5119-01019,,agree,
C175-L21,installation,agreed,248 0281-,248 0281-,,agree,
C179-L05,installation,agreed,275 0154-9770,275 0154-9770,,agree,
C185-L03,dgz,agreed,4444-3749E C,4444- 3749E C,,agree,
C185-L26,installation,agreed,040 0162-,040 0162-,,agree,
C190-L25,subcomplex,agreed,MALAPANE POL 5041-01813,MALAPANE POL 5041-01813,,agree,
C190-L44,installation,agreed,227 0251-,227 0251-,,agree,
C190-L47,installation,agreed,010 0251-0011,010 0251-0011,,agree,
C195-L33,installation,agreed,188 0232-0476,188 0232-0476,,agree,
C200-L02,installation,agreed,242 0381-,242 0381-,,agree,
C200-L25,dgz,agreed,4119-12345E A,4119-12345E A,,agree,
C204-L07,dgz,agreed,4452-2601E E,4452- 2601E E,,agree,
C204-L32,installation,agreed,227 0251-0549,227 0251-0549,,agree,
C204-L43,subcomplex,agreed,CAMPINA RUM 4508-02543,CAMPINA RUM 4508-02543,,agree,
C204-L53,installation,agreed,275 0251-9985,275 0251-9985,,agree,
C208-L03,dgz,agreed,6912-3328E B,6912- 3328E B,,agree,
C208-L36,complex,agreed,379 6445 POSTORNA CZECH 4845-01652,379 6445 POSTORNA CZECH 4845-01652,,agree,
C213-L33,installation,agreed,248 0075-,248 0075-,,agree,
C217-L05,installation,agreed,075 0232-0064,075 0232-0064,,agree,
C217-L15,subcomplex,agreed,RATIBORHAMMER POL 5012-01819,RATIBORHAMMER POL 5012-01819,,agree,
C217-L22,complex,agreed,779 6752 RAVA RUSSKAYA 5014-02338,779 6752 RAVA RUSSKAYA 5014-02338,,agree,
C217-L32,dgz,agreed,5403-5457E B,5403- 5457E B,,agree,
C217-L41,installation,agreed,064 0251-0210,064 0251-0210,,agree,
C221-L04,installation,agreed,208 0169-1136,208 0169-1136,,agree,
C221-L18,dgz,agreed,4715-3943E F,4715- 3943E F,,agree,
C221-L22,installation,agreed,430 0249-0020,430 0249-0020,,agree,
C221-L26,installation,agreed,016 0249-0066,016 0249-0066,,agree,
C221-L32,installation,agreed,350 0249-0073,350 0249-0073,,agree,
C225-L16,installation,agreed,227 0249-,227 0249-,,agree,
C230-L10,installation,agreed,227 0170-1185,227 0170-1185,,agree,
C234-L25,installation,agreed,405 0492-0145,405 0492-0145,,agree,
C234-L33,installation,agreed,248 0492-0166,248 0492-0166,,agree,
C238-L24,installation,agreed,275 0251-,275 0251-,,agree,
C238-L37,installation,agreed,275 0198-9985,275 0198-9985,,agree,
C242-L09,installation,agreed,275 0322-9957,275 0322-9957,,agree,
C242-L10,installation,agreed,400 0322-0821,400 0322-0821,,agree,
C246-L05,installation,agreed,415 0235-0055,415 0235-0055,,agree,
C246-L12,dgz,agreed,4803-3746E AF,4803- 3746E AF,,agree,
C246-L19,installation,agreed,270 0249-0004,270 0249-0004,,agree,
C246-L23,installation,agreed,246 0249-0038,246 0249-0038,,agree,
C246-L25,installation,agreed,075 0249-0059,075 0249-0059,,agree,
C250-L35,installation,agreed,226 0165-0040,226 0165-0040,,agree,
C250-L41,installation,agreed,082 0169-0047,082 0169-0047,,agree,
C250-L44,installation,agreed,227 0169-0049,227 0169-0049,,agree,
C250-L48,installation,agreed,420 0169-0055,420 0169-0055,,agree,
C255-L06,installation,agreed,285 0156-0322,285 0156-0322,,agree,
C255-L18,installation,agreed,275 0156-9999,275 0156-9999,,agree,
C255-L28,installation,agreed,228 0102-0038,228 0102-0038,,agree,
C255-L43,complex,agreed,337 8015 SVITAVY CZECH 4947-01628,337 8015 SVITAVY CZECH 4947-01628,,agree,
C259-L09,installation,agreed,064 0249-0122,064 0249-0122,,agree,
C259-L20,installation,agreed,275 0249-9996,275 0249-9996,,agree,
C259-L48,installation,agreed,384 0382-0062,384 0382-0062,,agree,
C263-L23,installation,agreed,104 0328-0142,104 0328-0142,,agree,
C263-L41,complex,agreed,480 8290 TATARSK 5514-07600,480 8290 TATARSK 5514-07600,,agree,
C267-L13,installation,agreed,208 0381-9973,208 0381-9973,,agree,
C272-L23,installation,agreed,384 0283-0072,384 0283-0072,,agree,
C272-L24,installation,agreed,275 0283-9976,275 0283-9976,,agree,
C272-L43,dgz,agreed,5409-3743E B,5409- 3743E B,,agree,
C272-L44,dgz,agreed,5414-3734E C,5414- 3734E C,,agree,
C277-L17,subcomplex,agreed,KITOY 5234-10355,KITOY 5234-10355,,agree,
C277-L37,installation,agreed,100 0239-0043,100 0239-0043,,agree,
C281-L04,dgz,agreed,4708-1801E J,4708- 1801E J,,agree,
C285-L04,installation,agreed,227 0322-0235,227 0322-0235,,agree,
C285-L12,installation,agreed,110 0153-0036,110 0153-0036,,agree,
C285-L28,installation,agreed,248 0168-0325,248 0168-0325,,agree,
C285-L30,complex,agreed,590 91625 VOLNOVAKHA 4735-03730,590 91625 VOLNOVAKHA 4735-03730,,agree,
C285-L38,installation,agreed,376 0233-0041,376 0233-0041,,agree,
C290-L12,installation,agreed,227 0154-,227 0154-,,agree,
C294-L27,installation,agreed,275 0615-9985,275 0615-9985,,agree,
C294-L34,complex,agreed,731 9547 WU HU CHINA 3120-11822,731 9547 WU HU CHINA 3120-11822,,agree,
C298-L17,dgz,agreed,4023-4436E F,4023- 4436E F,,agree,
C302-L45,installation,agreed,352 0249-0248,352 0249-0248,,agree,
C302-L46,installation,agreed,352 0249-0249,352 0249-0249,,agree,
C306-L03,installation,agreed,252 0231-0202,252 0231-0202,,agree,
C306-L04,installation,agreed,075 0231-1515,075 0231-1515,,agree,
C306-L42,installation,agreed,275 0169-9903,275 0169-9903,,agree,
C306-L50,installation,agreed,275 0169-9957,275 0169-9957,,agree,
A003-L09,airfield,agreed,579 0310 ARZAMAS 0166-8002 5521-04342 R,579 0310 ARZAMAS 0166-8002 5521-04342 R,,agree,
A010-L08,airfield,agreed,767 21292 FOCSANI S. RUM 0250-8209 4541-02712 R,767 21292 FOCSANI S. RUM 0250-8209 4541-02712 R,,agree,
A015-L17,airfield,agreed,314 3464 KHERSON 0250-8660 4640-03238 R,314 3464 KHERSON 0250-8660 4640-03238 R,,agree,
A019-L07,airfield,agreed,777 4290 KUTAISI W. 0324-8633 4215-04238 W,777 4290 KUTAISI W. 0324-8633 4215-04238 W,,agree,
A023-L16,airfield,adjudicated,10 5032 MIRGOROD 0233-8051 4956-03339 R,1? 5032 MIRGOROD 0233-8051 4956-03339 R,10 5032 MIRGOROD 0233-8051 4956-03339 R,curated right,priority 2nd digit a round 0 without waist
A030-L14,airfield,adjudicated,"525 6615 PUCK CHANG, N KOREA 0380-0457 3930-12558 S","525 6615 PUCK CHANG, N KOREA 0380-0457 3930-12558 S",,agree,
A036-L08,airfield,agreed,480 8038 SYUGATY 0328-8636 4316-07442 R,480 8038 SYUGATY 0328-8636 4316-07442 R,,agree,
A040-L05,airfield,agreed,277 89157 VAINODE 0152-8609 5625-02153 R,277 89157 VAINODE 0152-8609 5625-02153 R,,agree,
C003-L35,subcomplex,agreed,TEIUS RUM 4612-02343,TEIUS RUM 4612-02343,,agree,
C007-L22,installation,agreed,384 0290-0075,384 0290-0075,,agree,
C007-L26,installation,agreed,282 0290-0291,282 0290-0291,,agree,
C007-L28,installation,agreed,208 0290-0375,208 0290-0375,,agree,
C007-L33,installation,agreed,275 0290-9942,275 0290-9942,,agree,
C012-L37,installation,agreed,021 0325-0050,021 0325-0050,,agree,
C012-L46,installation,agreed,112 0154-0013,112 0154-0013,,agree,
C012-L52,installation,agreed,112 0154-0216,112 0154-0216,,agree,
C016-L07,installation,agreed,104 0328-0060,104 0328-0060,,agree,
C016-L09,complex,agreed,445 06205 BEKESCSABA HUNG 4639-02105,445 06205 BEKESCSABA HUNG 4639-02105,,agree,
C021-L16,installation,agreed,388 0231-3104,388 0231-3104,,agree,
C025-L18,installation,agreed,275 0165-9863,275 0165-9863,,agree,
C025-L21,installation,agreed,275 0165-9954,275 0165-9954,,agree,
C025-L35,installation,agreed,248 0168-0297,248 0168-0297,,agree,
C025-L41,installation,agreed,275 0168-9942,275 0168-9942,,agree,
C029-L09,complex,agreed,216 0970 BREST 5206-02342,216 0970 BREST 5206-02342,,agree,
C029-L40,installation,agreed,224 0232-0188,224 0232-0188,,agree,
C033-L15,installation,agreed,430 0251-0359,430 0251-0359,,agree,
C033-L20,installation,agreed,055 0251-0367,055 0251-0367,,agree,
C033-L48,installation,agreed,206 0251-0415,206 0251-0415,,agree,
C037-L11,installation,agreed,392 0169-0064,392 0169-0064,,agree,
C037-L40,dgz,agreed,2307-11315E A,2307-11315E A,,agree,
C037-L42,dgz,agreed,2308-11313E G,2308-11313E G,,agree,
C042-L17,installation,agreed,095 0164-0077,095 0164-0077,,agree,
C042-L38,dgz,agreed,5049-1254E D,5049- 1254E D,,agree,
C042-L49,installation,agreed,230 0231-2001,230 0231-2001,,agree,
C042-L54,installation,agreed,264 0231-2993,264 0231-2993,,agree,
C048-L04,installation,agreed,226 0289-0070,226 0289-0070,,agree,
C048-L11,installation,agreed,186 0283-0020,186 0283-0020,,agree,
C048-L30,dgz,agreed,4125-6931E F,4125- 6931E F,,agree,
C048-L34,installation,agreed,022 0328-0003,022 0328-0003,,agree,
C048-L39,installation,agreed,064 0328-0123,064 0328-0123,,agree,
C053-L04,complex,agreed,88 1481 COTTBUS E GER 5146-01420,88 1481 COTTBUS E GER 5146-01420,,agree,
C053-L08,installation,agreed,248 0231-3750,248 0231-3750,,agree,
C053-L09,installation,agreed,275 0231-9998,275 0231-9998,,agree,
C053-L17,installation,agreed,227 0231-1510,227 0231-1510,,agree,
C053-L30,installation,agreed,480 0251-0756,480 0251-0756,,agree,
C053-L34,installation,agreed,275 0251-9935,275 0251-9935,,agree,
C053-L40,installation,agreed,214 0251-0096,214 0251-0096,,agree,
C053-L41,installation,agreed,230 0251-0096,230 0251-0096,,agree,
C057-L03,complex,agreed,574 1607 DEJ RUM 4709-02352,574 1607 DEJ RUM 4709-02352,,agree,
C057-L10,installation,agreed,275 0204-9997,275 0204-9997,,agree,
C057-L15,complex,agreed,917 1613 DERNYA BULG 4313-02733,917 1613 DERNYA BULG 4313-02733,,agree,
C057-L16,installation,agreed,062 0323-0190,062 0323-0190,,agree,
C057-L22,subcomplex,agreed,SINDEL BULG 4307-02736,SINDEL BULG 4307-02736,,agree,
C061-L23,installation,agreed,248 0234-,248 0234-,,agree,
C065-L22,installation,agreed,275 0232-,275 0232-,,agree,
C065-L26,installation,agreed,275 0232-9693,275 0232-9693,,agree,
C065-L33,installation,agreed,082 0232-0225,082 0232-0225,,agree,
C069-L07,installation,agreed,248 0231-2797,248 0231-2797,,agree,
C069-L10,subcomplex,agreed,BAD SALZUNGEN E GER 5049-01014,BAD SALZUNGEN E GER 5049-01014,,agree,
C069-L36,installation,agreed,010 0231-3812,010 0231-3812,,agree,
C069-L39,installation,agreed,082 0231-1243,082 0231-1243,,agree,
C073-L45,installation,agreed,275 0169-9929,275 0169-9929,,agree,
C078-L05,installation,agreed,230 0231-1298,230 0231-1298,,agree,
C078-L39,installation,agreed,388 0231-3102,388 0231-3102,,agree,
C082-L06,installation,agreed,250 0232-0788,250 0232-0788,,agree,
C082-L12,installation,agreed,392 0232-0821,392 0232-0821,,agree,
C086-L10,complex,agreed,1023 2359 GORI 4200-04407,1023 2359 GORI 4200-04407,,agree,
C086-L18,installation,agreed,227 0154-,227 0154-,,agree,
C086-L25,installation,agreed,450 0154-0006,450 0154-0006,,agree,
C086-L30,installation,agreed,095 0154-0051,095 0154-0051,,agree,
C086-L32,installation,agreed,415 0154-0051,415 0154-0051,,agree,
C090-L05,subcomplex,agreed,SKIERNIEWICE POL 5158-02009,SKIERNIEWICE POL 5158-02009,,agree,
C090-L14,installation,agreed,262 0325-0035,262 0325-0035,,agree,
C094-L06,merged,agreed,MERSEBURG E GER 5121-01159 || 388 0231-1919,MERSEBURG E GER 5121-01159 388 0231-1919,MERSEBURG E GER 5121-01159 || 388 0231-1919,curated right,bar covers the header and the 388 line: two printed lines
C094-L51,installation,agreed,384 0492-0236,384 0492-0236,,agree,
C098-L10,installation,agreed,208 0384-0003,208 0384-0003,,agree,
C098-L25,installation,agreed,275 0290-9894,275 0290-9894,,agree,
C098-L27,dgz,agreed,4035-11504E C,4035-11504E C,,agree,
C103-L07,installation,agreed,275 0232-9528,275 0232-9528,,agree,
C103-L09,dgz,agreed,5055-1134E B,5055- 1134E B,,agree,
C103-L10,dgz,agreed,5057-1136E F,5057- 1136E F,,agree,
C108-L06,installation,agreed,366 0156-0396,366 0156-0396,,agree,
C108-L29,installation,agreed,372 0236-0075,372 0236-0075,,agree,
C108-L40,installation,agreed,358 0091-0035,358 0091-0035,,agree,
C108-L41,installation,agreed,275 0091-9998,275 0091-9998,,agree,
C114-L08,installation,agreed,246 0153-,246 0153-,,agree,
C114-L13,installation,agreed,358 0091-0009,358 0091-0009,,agree,
C114-L45,dgz,agreed,4516-3624E E,4516- 3624E E,,agree,
C118-L17,complex,agreed,535 3490 KINEL 5314-05038,535 3490 KINEL 5314-05038,,agree,
C118-L25,installation,agreed,064 0154-0097,064 0154-0097,,agree,
C118-L39,installation,agreed,060 0290-0011,060 0290-0011,,agree,
C122-L20,subcomplex,agreed,POBEZOVICE CZECH 4930-01248,P?BEZOVICE CZECH 4930-01248,POBEZOVICE CZECH 4930-01248,curated right,2nd letter a clear O
C122-L22,installation,agreed,248 0231-3475,248 0231-3475,,agree,
C122-L32,installation,agreed,227 0154-,227 0154-,,agree,
C128-L16,dgz,agreed,5057-2838E B,5057- 2838E B,,agree,
C128-L40,complex,agreed,348 3925 KOSICE CZECH 4844-02117,348 3925 KOSICE CZECH 4844-02117,,agree,
C132-L31,dgz,agreed,4728-3712E B,4728- 3712E B,,agree,
C136-L22,installation,agreed,354 0199-0045,354 0199-0045,,agree,
C136-L26,installation,agreed,275 0249-,275 0249-,,agree,
C140-L08,installation,agreed,224 0165-0295,224 0165-0295,,agree,
C140-L44,dgz,agreed,5530-6015E C,5530- 6015E C,,agree,
C145-L19,installation,agreed,050 0153-0189,050 0153-0189,,agree,
C145-L28,installation,agreed,066 0153-0271,066 0153-0271,,agree,
C149-L06,installation,agreed,248 0289-,248 0289-,,agree,
C149-L11,installation,agreed,225 0289-0071,225 0289-0071,,agree,
C149-L18,installation,agreed,227 0289-0074,227 0289-0074,,agree,
C149-L19,installation,agreed,445 0289-0081,445 0289-0081,,agree,
C149-L30,installation,agreed,356 0154-0457,356 0154-0457,,agree,
C149-L40,subcomplex,agreed,ROZNOW POL 4946-02040,ROZNOW POL 4946-02040,,agree,
C154-L13,complex,agreed,946 4800 LYUDINOVO 5352-03427,946 4800 LYUDINOVO 5352-03427,,agree,
C154-L43,installation,agreed,354 0198-0017,354 0198-0017,,agree,
C160-L04,dgz,agreed,5258-4028E C,5258- 402?E C,5258- 4028E C,curated right,4th lon digit has a waist = 8
C160-L18,dgz,agreed,4855-4023E B,4855- 4023E B,,agree,
C160-L23,dgz,agreed,4903-4022E C,4903- 4022E C,,agree,
C167-L16,installation,agreed,090 0167-0034,090 0167-0034,,agree,
C167-L24,installation,agreed,030 0167-0059,030 0167-0059,,agree,
C167-L49,installation,agreed,356 0167-0181,356 0167-0181,,agree,
C172-L05,complex,agreed,869 5230 MUKACHEVO 4826-02242,869 5230 MUKACHEVO 4826-02242,,agree,
C172-L18,dgz,agreed,4152-12329E K,4152-12329E K,,agree,
C172-L43,installation,agreed,208 0290-0377,208 0290-0377,,agree,
C176-L29,installation,agreed,208 0493-0099,208 0493-0099,,agree,
C182-L37,installation,agreed,118 0156-0334,118 0156-0334,,agree,
C182-L49,installation,agreed,072 0156-0096,072 0156-0096,,agree,
C186-L13,installation,agreed,227 0162-0113,227 0162-0113,,agree,
C186-L34,complex,agreed,646 5690 OBLUCHYE 4901-13105,646 5690 OBLUCHYE 4901-13105,,agree,
C191-L18,installation,agreed,230 0251-0866,230 0251-0866,,agree,
C191-L21,subcomplex,agreed,TIMISUL DE JOS RUM 4535-02536,TIMISUL DE J?S RUM 4535-02536,TIMISUL DE JOS RUM 4535-02536,curated right,O clear
C191-L48,installation,agreed,275 0167-,275 0167-,,agree,
C196-L14,complex,agreed,886 5960 OZERNAYA 4032-04457,886 5960 OZERNAYA 4032-04457,,agree,
C196-L31,installation,agreed,192 0252-0455,192 0252-0455,,agree,
C196-L33,installation,agreed,275 0252-9987,275 0252-9987,,agree,
C196-L37,subcomplex,agreed,DEVECSER HUNG 4705-01724,DEVECSER HUNG 4705-01724,,agree,
C201-L06,installation,agreed,243 0166-0224,243 0166-0224,,agree,
C201-L43,installation,agreed,254 0194-0033,254 0194-0033,,agree,
C201-L46,installation,agreed,250 0251-0459,250 0251-0459,,agree,
C205-L23,installation,agreed,246 0322-0510,246 0322-0510,,agree,
C210-L17,installation,agreed,285 0231-0268,285 0231-0268,,agree,
C210-L34,installation,agreed,386 0231-0698,386 0231-0698,,agree,
C210-L38,installation,agreed,333 0231-0706,333 0231-0706,,agree,
C210-L45,installation,agreed,292 0231-1778,292 0231-1778,,agree,
C210-L50,installation,agreed,264 0231-1844,264 0231-1844,,agree,
C214-L35,complex,agreed,1039 6573 PUDOZH 6148-03632,1039 6573 PUDOZH 6148-03632,,agree,
C218-L14,installation,agreed,275 0251-,275 0251-,,agree,
C218-L21,installation,agreed,227 0156-,227 0156-,,agree,
C218-L33,installation,agreed,430 0156-0031,430 0156-0031,,agree,
C218-L35,installation,agreed,118 0156-0319,118 0156-0319,,agree,
C222-L15,installation,agreed,230 0231-0258,230 0231-0258,,agree,
C222-L32,subcomplex,agreed,ZDOLBUNOV 5031-02616,ZDOLBUNOV 5031-02616,,agree,
C227-L05,installation,agreed,212 0235-0010,212 0235-0010,,agree,
C227-L14,installation,agreed,062 0235-0073,062 0235-0073,,agree,
C227-L15,installation,agreed,068 0235-0073,068 0235-0073,,agree,
C227-L22,installation,agreed,281 0235-0117,281 0235-0117,,agree,
C227-L46,complex,agreed,1090 7267 SASSNITZ E GER 5432-01337,1090 7267 SASSNITZ E GER 5432-01337,,agree,
C231-L04,installation,agreed,270 0156-0038,270 0156-0038,,agree,
C235-L07,installation,agreed,112 0166-0001,112 0166-0001,,agree,
C235-L17,dgz,agreed,5805-3842E F,5805- 3842E F,,agree,
C239-L15,installation,agreed,275 0234-9962,275 0234-9962,,agree,
C239-L25,installation,agreed,430 0234-0029,430 0234-0029,,agree,
C239-L39,installation,agreed,352 0234-0328,352 0234-0328,,agree,
C239-L46,dgz,agreed,4744-2931E C,4744- 2931E C,,agree,
C243-L22,complex,agreed,103 7730 SOVETSKAYA GAVAN 4858-14018,103 7730 SOVETSKAYA GAVAN 4858-14018,,agree,
C243-L23,installation,agreed,240 0204-,240 0204-,,agree,
C243-L25,installation,agreed,248 0204-,248 0204-,,agree,
C247-L23,dgz,agreed,4800-3815E G,4800- 3815E G,,agree,
C247-L45,subcomplex,agreed,DONSKOY 5358-03820,DONSKOY 5358-03820,,agree,
C251-L16,installation,agreed,392 0169-0865,392 0169-0865,,agree,
C251-L36,installation,agreed,230 0231-0660,230 0231-0660,,agree,
C251-L40,installation,agreed,248 0231-3491,248 0231-3491,,agree,
C251-L44,installation,agreed,227 0169-0213,227 0169-0213,,agree,
C256-L11,complex,agreed,547 8020 SVOBODNYY 5124-12808,547 8020 SVOBODNYY 5124-12808,,agree,
C256-L17,installation,agreed,354 0203-0086,354 0203-0086,,agree,
C256-L36,dgz,agreed,5304-4824E C,5304- 4824E C,,agree,
C260-L13,installation,agreed,227 0381-0046,227 0381-0046,,agree,
C260-L27,installation,agreed,280 0381-0318,280 0381-0318,,agree,
C264-L19,installation,agreed,227 0325-,227 0325-,,agree,
C264-L36,installation,agreed,246 0325-0279,246 0325-0279,,agree,
C268-L24,installation,agreed,108 0158-0017,108 0158-0017,,agree,
C273-L07,installation,agreed,230 0167-0146,230 0167-0146,,agree,
C273-L17,installation,agreed,248 0167-0995,248 0167-0995,,agree,
C278-L10,installation,agreed,275 0231-9903,275 0231-9903,,agree,
C278-L12,installation,agreed,275 0231-,275 0231-,,agree,
C278-L32,dgz,agreed,5040-1406E E,5040- 1406E E,,agree,
C278-L34,installation,agreed,425 0231-0419,425 0231-0419,,agree,
C278-L45,installation,agreed,264 0231-0648,264 0231-0648,,agree,
C278-L47,subcomplex,agreed,TE/EZIN CZECH 5030-01408,TE/EZIN CZECH 5030-01408,,agree,
C282-L22,dgz,agreed,4913-2830E C,4913- 2830E C,,agree,
C282-L37,installation,agreed,230 0167-0220,230 0167-0220,,agree,
C287-L35,installation,agreed,208 0234-0408,208 0234-0408,,agree,
C287-L45,installation,agreed,243 0291-,243 0291-,,agree,
C291-L11,installation,agreed,196 0232-0389,196 0232-0389,,agree,
C291-L42,installation,agreed,245 0232-1545,245 0232-1545,,agree,
C291-L46,installation,agreed,281 0494-0020,281 0494-0020,,agree,
C295-L29,dgz,agreed,4234-2636E C,4234- 2636E C,,agree,
C295-L38,installation,agreed,104 0328-0159,104 0328-0159,,agree,
C299-L07,complex,agreed,1096 97103 YOSHKAR OLA 5638-04755,1096 97103 YOSHKAR OLA 5638-04755,,agree,
C303-L34,installation,agreed,030 0232-0764,030 0232-0764,,agree,
C303-L39,installation,agreed,248 0232-1260,248 0232-1260,,agree,
A004-L13,airfield,agreed,955 0612 BAYSUN 0336-8062 3813-06712 R,955 0612 BAYSUN 0336-8062 3813-06712 R,,agree,
A004-L21,airfield,agreed,621 0670 BERDICHEV 0233-8004 4953-02831 R,621 0670 BERDICHEV 0233-8004 4953-02831 R,,agree,
A004-L29,airfield,adjudicated,635 0766 BIROBIDZHAN 0203-8001 4945-13258 S,635 0766 BIROBIDZHAN 0203-8001 4945-1325? S,635 0766 BIROBIDZHAN 0203-8001 4945-13258 S,curated right,last lon digit two stacked loops = 8
A011-L12,airfield,agreed,369 1420 GRAKOVO 0234-8100 4942-03648 S,369 1420 GRAKOVO 0234-8100 4942-03648 S,,agree,
A011-L15,airfield,agreed,"287 6825 GROSSENHAIN, E GER 0231-8068 5119-01334 R","287 6825 GROSSENHAIN, E GER 0231-8068 5119-01334 R",,agree,
A016-L09,airfield,agreed,1067 3572 KIRSANOV 0166-8006 5240-04241 R,1067 3572 KIRSANOV 0166-8006 5240-04241 R,,agree,
A020-L03,airfield,agreed,317 4490 LENINGRAD/ALEXANDROVSKAYA 0153-8050 5952-03018 T,317 4490 LENINGRAD/ALEXANDROVSKAYA 0153-8050 5952-03018 T,,agree,
A020-L12,airfield,adjudicated,321 4490 LENINGRAD/LEVASHOVO 0103-8606 6005-03012 U,321 4490 LENINGRAD/LEVASHOVO 0103-8606 6005-03012 U,,agree,
A025-L06,airfield,agreed,"557 5364 NAN CHANG NEW, CHINA 0493-8409 2838-11555 R","557 5364 NAN CHANG NEW, CHINA 0493-8409 2838-11555 R",,agree,
A025-L13,airfield,agreed,591 9620 NAUTSI 0051-8612 6904-02910 R,591 9620 NAUTSI 0051-8612 6904-02910 R,,agree,
A031-L06,airfield,agreed,461 6830 RIGA/SALASPILS 0153-8094 5652-02420 V,461 6830 RIGA/SALASPILS 0153-8094 5652-02420 V,,agree,
A037-L22,airfield,agreed,705 8310 TBILISI/ORKHEVI 0325-8711 4140-04457 V,705 8310 TBILISI/ORKHEVI 0325-8711 4140-04457 V,,agree,
A041-L11,airfield,agreed,1109 9230 VOROSHILOVGRAD N.W. 0234-8086 4839-03855 R,1109 9230 VOROSHILOVGRAD N.W. 0234-8086 4839-03855 R,,agree,
C004-L08,installation,agreed,280 0205-0038,280 0205-0038,,agree,
C004-L17,complex,agreed,46 0130 ALEKSIN 5431-03706,46 0130 ALEKSIN 5431-03706,,agree,
C004-L20,installation,agreed,010 0167-0054,010 0167-0054,,agree,
C004-L28,complex,agreed,961 0140 ALGA 4958-05716,961 0140 ALGA 4958-05716,,agree,
C004-L32,dgz,agreed,4106-4439E B,4106- 4439E B,,agree,
C008-L13,installation,agreed,275 0249-9848,275 0249-9848,,agree,
C013-L24,installation,agreed,370 0169-0941,370 0169-0941,,agree,
C017-L14,installation,agreed,372 0161-0103,372 0161-0103,,agree,
C017-L32,installation,agreed,227 0250-0217,227 0250-0217,,agree,
C017-L41,installation,agreed,275 0231-,275 0231-,,agree,
C017-L44,installation,agreed,226 0322-0215,226 0322-0215,,agree,
C022-L27,installation,agreed,208 0167-0973,208 0167-0973,,agree,
C026-L25,installation,agreed,281 0169-0927,281 0169-0927,,agree,
C026-L31,dgz,agreed,5227-1232E E,5227- 1232E E,,agree,
C030-L11,installation,agreed,030 0232-0183,030 0232-0183,,agree,
C030-L32,installation,agreed,235 0232-1336,235 0232-1336,,agree,
C030-L45,dgz,agreed,4918-1632E K,4918- 1632E K,,agree,
C034-L09,installation,agreed,056 0251-0575,056 0251-0575,,agree,
C034-L13,installation,agreed,390 0251-0594,390 0251-0594,,agree,
C034-L17,installation,agreed,390 0251-0598,390 0251-0598,,agree,
C034-L39,installation,agreed,248 0251-0748,248 0251-0748,,agree,
C034-L50,installation,agreed,275 0251-9997,275 0251-9997,,agree,
C039-L07,installation,agreed,246 0251-0887,246 0251-0887,,agree,
C043-L21,subcomplex,agreed,PENIG E GER 5056-01242,PENIG E GER 5056-01242,,agree,
C043-L43,complex,agreed,241 12155 CHENG TU CHINA 3040-10405,241 12155 CHENG TU CHINA 3040-10405,,agree,
C049-L08,installation,agreed,241 0199-,241 0199-,,agree,
C049-L14,installation,agreed,125 0199-0031,125 0199-0031,,agree,
C049-L21,installation,agreed,246 0199-0042,246 0199-0042,,agree,
C049-L36,installation,agreed,016 0236-0005,016 0236-0005,,agree,
C054-L12,installation,agreed,392 0232-0891,392 0232-0891,,agree,
C054-L19,installation,agreed,196 0232-0406,196 0232-0406,,agree,
C054-L38,installation,agreed,022 0381-0213,022 0381-0213,,agree,
C058-L12,installation,agreed,190 0231-1360,190 0231-1360,,agree,
C058-L36,installation,agreed,248 0231-3451,248 0231-3451,,agree,
C062-L31,dgz,agreed,5103-1344E A,5103- 1344E A,,agree,
C066-L10,installation,agreed,110 0153-0139,110 0153-0139,,agree,
C070-L19,complex,agreed,417 2000 ENSO 6106-02851,417 2000 ENSO 6106-02851,,agree,
C070-L25,subcomplex,agreed,ROUKHIALA 6103-02853,ROUKHIALA 6103-02853,,agree,
C070-L39,installation,agreed,246 0231-1486,246 0231-1486,,agree,
C074-L06,installation,agreed,281 0169-0821,281 0169-0821,,agree,
C074-L12,installation,agreed,275 0169-9802,275 0169-9802,,agree,
C074-L25,installation,agreed,216 0231-1869,216 0231-1869,,agree,
C074-L26,installation,agreed,445 0231-1869,445 0231-1869,,agree,
C074-L32,installation,agreed,230 0328-0081,230 0328-0081,,agree,
C079-L08,installation,agreed,281 0322-0100,281 0322-0100,,agree,
C079-L30,complex,agreed,154 2315 GLIWICE-SOSNOWIEC POL 5018-01900,154 2315 GLIWICE-SOSNOWIEC POL 5018-01900,,agree,
C079-L44,installation,agreed,196 0232-0386,196 0232-0386,,agree,
C083-L28,installation,agreed,230 0232-0546,230 0232-0546,,agree,
C083-L51,installation,agreed,275 0232-,275 0232-,,agree,
C087-L30,subcomplex,agreed,JASLO POL 4945-02129,JASLO POL 4945-02129,,agree,
C091-L36,installation,agreed,275 0168-,275 0168-,,agree,
C095-L13,installation,agreed,240 0493-,240 0493-,,agree,
C095-L22,installation,agreed,270 0493-0097,270 0493-0097,,agree,
C095-L23,installation,agreed,430 0493-0097,430 0493-0097,,agree,
C099-L03,installation,agreed,248 0232-1238,248 0232-1238,,agree,
C099-L45,installation,agreed,376 0250-0198,376 0250-0198,,agree,
C104-L04,installation,agreed,275 0231-9421,275 0231-9421,,agree,
C104-L14,installation,agreed,388 0231-2838,388 0231-2838,,agree,
C104-L38,installation,agreed,304 0234-0434,304 0234-0434,,agree,
C104-L39,subcomplex,agreed,VOROSHILOVSK 4830-03846,VOROSHILOVSK 4830-03846,,agree,
C110-L07,installation,agreed,135 0238-0023,135 0238-0023,,agree,
C110-L20,installation,agreed,227 0249-,227 0249-,,agree,
C110-L44,complex,agreed,806 3280 KARSAKPAY 4751-06641,806 3280 KARSAKPAY 4751-06641,,agree,
C115-L07,installation,agreed,075 0249-0176,075 0249-0176,,agree,
C115-L17,dgz,agreed,4834-13501E D,4834-13501E D,,agree,
C115-L24,installation,agreed,420 0204-0007,420 0204-0007,,agree,
C115-L50,installation,agreed,281 0204-0114,281 0204-0114,,agree,
C119-L23,installation,agreed,208 0155-0114,208 0155-0114,,agree,
C119-L28,dgz,agreed,5405-3419E B,5405- 3419E B,,agree,
C119-L35,installation,agreed,116 0325-0159,116 0325-0159,,agree,
C123-L05,complex,agreed,310 3712 KO CHIU CHINA 2322-10309,310 3712 KO CHIU CHINA 2322-10309,,agree,
C123-L19,dgz,agreed,5921-2656E C,5921- 2656E C,,agree,
C123-L22,installation,agreed,275 0153-9933,275 0153-9933,,agree,
C129-L35,dgz,agreed,6115-4639E B,6115- 4639E B,,agree,
C133-L04,installation,agreed,275 0326-9999,275 0326-9999,,agree,
C133-L08,dgz,agreed,5601-9302E D,5601- 9302E D,,agree,
C137-L12,installation,agreed,275 0166-9990,275 0166-9990,,agree,
C137-L15,installation,agreed,227 0156-,227 0156-,,agree,
C137-L34,dgz,agreed,5523-6527E C,5523- 6527E C,,agree,
C141-L20,installation,agreed,392 0169-0644,392 0169-0644,,agree,
C141-L25,installation,agreed,275 0385-9991,275 0385-9991,,agree,
C146-L06,installation,agreed,005 0153-0465,005 0153-0465,,agree,
C150-L02,installation,agreed,332 0289-0112,332 0289-0112,,agree,
C155-L18,installation,agreed,227 0170-0155,227 0170-0155,,agree,
C155-L25,installation,agreed,388 0170-0432,388 0170-0432,,agree,
C155-L50,installation,agreed,248 0170-1097,248 0170-1097,,agree,
C164-L32,installation,agreed,082 0232-0214,082 0232-0214,,agree,
C164-L47,installation,agreed,188 0232-0472,188 0232-0472,,agree,
C168-L34,installation,agreed,016 0167-0396,016 0167-0396,,agree,
C168-L46,installation,agreed,245 0167-0580,245 0167-0580,,agree,
C173-L24,installation,agreed,114 0051-0021,114 0051-0021,,agree,
C177-L07,installation,agreed,280 0386-0163,280 0386-0163,,agree,
C177-L12,subcomplex,agreed,PU CHEN CHINA 3208-11842,PU CHEN CHINA 3208-11842,,agree,
C177-L13,dgz,agreed,3205-11842E G,3205-11842E G,,agree,
C177-L21,installation,agreed,243 0289-,243 0289-,,agree,
C183-L11,installation,agreed,430 0156-0075,430 0156-0075,,agree,
C183-L29,complex,agreed,292 5575 NORDHAUSEN E GER 5131-01048,292 5575 NORDHAUSEN E GER 5131-01048,,agree,
C183-L31,installation,agreed,475 0231-1411,475 0231-1411,,agree,
C183-L32,installation,agreed,250 0231-1796,250 0231-1796,,agree,
C188-L25,installation,agreed,248 0232-1252,248 0232-1252,,agree,
C188-L31,installation,agreed,230 0232-1202,230 0232-1202,,agree,
C192-L14,subcomplex,agreed,OREKHOVSK 5441-03029,OREKHOVSK 5441-03029,,agree,
C192-L38,installation,agreed,235 0236-0064,235 0236-0064,,agree,
C197-L25,installation,agreed,224 0231-0233,224 0231-0233,,agree,
C197-L46,installation,agreed,064 0231-0534,064 0231-0534,,agree,
C202-L06,installation,agreed,198 0251-0068,198 0251-0068,,agree,
C206-L23,subcomplex,agreed,HOLYSOV CZECH 4936-01306,HOLYSOV CZECH 4936-01306,,agree,
C206-L49,installation,agreed,465 0167-0189,465 0167-0189,,agree,
C211-L17,installation,agreed,246 0231-3421,246 0231-3421,,agree,
C211-L35,dgz,agreed,5014-1418E D,5014- 1418E D,,agree,
C211-L49,installation,agreed,290 0231-0725,290 0231-0725,,agree,
C215-L23,installation,agreed,240 0380-,240 0380-,,agree,
C215-L38,installation,agreed,230 0232-0349,230 0232-0349,,agree,
C219-L06,merged,agreed,227 0231-2808 || 275 0231-9891,227 0231-2808,227 0231-2808 || 275 0231-9891,curated right,bar covers both the 227 and the 275 line
C219-L11,installation,agreed,388 0231-2776,388 0231-2776,,agree,
C219-L14,installation,agreed,275 0231-9139,275 0231-9139,,agree,
C223-L13,complex,agreed,1126 7017 RUDNYA 5457-03106,1126 7017 RUDNYA 5457-03106,,agree,
C223-L22,complex,agreed,235 7060 RYAZAN 5438-03945,235 7060 RYAZAN 5438-03945,,agree,
C223-L24,dgz,agreed,5443-3931E B,5443- 3931E B,,agree,
C228-L08,installation,agreed,204 0164-0017,204 0164-0017,,agree,
C228-L32,complex,agreed,982 7285 SCHITU GOLESTI RUM 4513-02501,982 7285 SCHITU GOLESTI RUM 4513-02501,,agree,
C228-L33,installation,agreed,198 0251-0492,198 0251-0492,,agree,
C228-L38,subcomplex,agreed,RUGENWALDE POL 5426-01623,RUGENWALDE POL 5426-01623,,agree,
C232-L13,installation,agreed,208 0250-0285,208 0250-0285,,agree,
C232-L15,installation,agreed,245 0250-0372,245 0250-0372,,agree,
C232-L16,installation,agreed,275 0250-9996,275 0250-9996,,agree,
C232-L35,complex,agreed,217 7460 SHAKHTY 4743-04014,217 7460 SHAKHTY 4743-04014,,agree,
C236-L13,subcomplex,agreed,TA YEH CHINA 3005-11458,TA YEH CHINA 3005-11458,,agree,
C236-L21,installation,agreed,130 0205-0019,130 0205-0019,,agree,
C236-L24,installation,agreed,246 0205-0035,246 0205-0035,,agree,
C240-L07,complex,agreed,1091 7653 SLONIM 5305-02519,1091 7653 SLONIM 5305-02519,,agree,
C240-L21,complex,agreed,270 7660 SMELA 4914-03153,270 7660 SMELA 4914-03153,,agree,
C240-L31,installation,agreed,290 0233-0120,290 0233-0120,,agree,
C240-L35,dgz,agreed,4909-3131E C,4909- 3131E C,,agree,
C244-L14,complex,agreed,5 7732 SPASSK DALNIY 4437-13248,5 7732 SPASSK DALNIY 4437-13248,,agree,
C248-L02,installation,agreed,250 0167-0824,250 0167-0824,,agree,
C248-L16,installation,agreed,324 0161-0020,324 0161-0020,,agree,
C248-L22,installation,agreed,275 0161-9998,275 0161-9998,,agree,
C248-L24,installation,agreed,090 0232-0347,090 0232-0347,,agree,
C252-L10,complex,agreed,140 7920 STRYY 4916-02351,140 7920 STRYY 4916-02351,,agree,
C252-L33,dgz,agreed,5036-1041E B,5036- 1041E B,,agree,
C252-L44,dgz,agreed,5043-1027E D,5043- 1027E D,,agree,
C257-L02,installation,agreed,281 0165-0284,281 0165-0284,,agree,
C257-L11,installation,agreed,368 0165-0259,368 0165-0259,,agree,
C257-L30,installation,agreed,275 0251-9995,275 0251-9995,,agree,
C257-L37,installation,agreed,023 0252-0651,023 0252-0651,,agree,
C261-L24,installation,agreed,364 0166-0029,364 0166-0029,,agree,
C265-L07,dgz,agreed,4131-4502E F,4131- 4502E F,,agree,
C265-L13,installation,agreed,430 0325-0186,430 0325-0186,,agree,
C265-L32,installation,agreed,248 0169-0966,248 0169-0966,,agree,
C270-L04,installation,agreed,281 0169-0743,281 0169-0743,,agree,
C270-L10,installation,agreed,275 0153-9985,275 0153-9985,,agree,
C270-L21,installation,agreed,188 0232-0478,188 0232-0478,,agree,
C274-L05,complex,agreed,336 8680 TYUMEN 5710-06531,336 8680 TYUMEN 5710-06531,,agree,
C274-L23,installation,agreed,118 0165-0003,118 0165-0003,,agree,
C279-L02,installation,agreed,354 0161-0101,354 0161-0101,,agree,
C279-L30,installation,agreed,376 0233-0037,376 0233-0037,,agree,
C283-L24,installation,agreed,254 0291-,254 0291-,,agree,
C283-L28,installation,agreed,415 0291-0001,415 0291-0001,,agree,
C288-L29,installation,agreed,352 0234-0320,352 0234-0320,,agree,
C288-L50,installation,agreed,376 0234-0369,376 0234-0369,,agree,
C292-L10,dgz,agreed,5214-2059E D,5214- 2059E D,,agree,
C292-L19,installation,agreed,196 0168-0150,196 0168-0150,,agree,
C296-L16,installation,agreed,312 0154-0046,312 0154-0046,,agree,
C300-L13,installation,agreed,275 0281-9999,275 0281-9999,,agree,
C300-L21,installation,agreed,275 0154-9969,275 0154-9969,,agree,
C300-L28,installation,agreed,226 0252-1166,226 0252-1166,,agree,
C304-L27,installation,agreed,270 0164-0041,270 0164-0041,,agree,
C304-L28,installation,agreed,430 0164-0041,430 0164-0041,,agree,
A008-L16,airfield,agreed,"815 1455 CONSTANTA/MAMAIA, RUM 0250-8203 4418-02837 R","815 1455 CONSTANTA/MAMAIA, RUM 0250-8203 4418-02837 R",,agree,
A012-L06,airfield,agreed,"888 5925 HOLESOV, CZECH 0232-8283 4919-01734 R","888 5925 HOLESOV, CZECH 0232-8283 4919-01734 R",,agree,
A017-L10,airfield,agreed,345 6293 KORENOVSKAYA 0249-8316 4527-03926 R,345 6293 KORENOVSKAYA 0249-8316 4527-03926 R,,agree,
A017-L18,airfield,agreed,910 3960 KOTLAS 0101-8003 6115-04647 R,910 3960 KOTLAS 0101-8003 6115-04647 R,,agree,
A021-L16,airfield,agreed,"1028 4762 LU LIANG, CHINA 0496-8412 2459-10338 R","1028 4762 LU LIANG, CHINA 0496-8412 2459-10338 R",,agree,
A026-L13,airfield,agreed,1081 56404 NOVOSUKHOTINO 0163-8055 5351-06953 R,1081 56404 NOVOSUKHOTINO 0163-8055 5351-06953 R,,agree,
A033-L15,airfield,agreed,331 7430 SEVASTOPOL/KHERSONES 0250-8714 4434-03324 T,331 7430 SEVASTOPOL/KHERSONES 0250-8714 4434-03324 T,,agree,
A033-L27,airfield,agreed,77 7562 SIAULIAI 0168-8664 5554-02323 R,77 7562 SIAULIAI 0168-8664 5554-02323 R,,agree,
A038-L23,airfield,agreed,"545 86005 TSING TAO, CHINA 0381-8000 3610-12023 R","545 86005 TSING TAO, CHINA 0381-8000 3610-12023 R",,agree,
A043-L23,airfield,agreed,948 9980 ZYRYANKA 0073-8005 6550-15052 R,948 9980 ZYRYANKA 0073-8005 6550-15052 R,,agree,
C005-L27,installation,agreed,230 0231-1293,230 0231-1293,,agree,
C005-L48,complex,agreed,597 0209 AMOY CHINA 2427-11805,597 0209 AMOY CHINA 2427-11805,,agree,
C009-L08,complex,agreed,740 0275 ARKHARA 4926-13004,740 0275 ARKHARA 4926-13004,,agree,
C009-L38,subcomplex,agreed,UGLOVAYA 4321-13206,UGLOVAYA 4321-13206,,agree,
C014-L20,installation,agreed,390 0252-0889,390 0252-0889,,agree,
C014-L22,complex,agreed,902 0557 BARLAD RUM 4614-02740,902 0557 BARLAD RUM 4614-02740,,agree,
C014-L41,installation,agreed,292 0162-0122,292 0162-0122,,agree,
C019-L11,installation,agreed,285 0169-0390,285 0169-0390,,agree,
C019-L15,installation,agreed,206 0169-0405,206 0169-0405,,agree,
C019-L28,installation,agreed,388 0169-0554,388 0169-0554,,agree,
C019-L36,installation,agreed,334 0169-0565,334 0169-0565,,agree,
C019-L44,installation,agreed,334 0169-0606,334 0169-0606,,agree,
C023-L15,installation,agreed,372 0161-0073,372 0161-0073,,agree,
C023-L16,installation,agreed,275 0161-9992,275 0161-9992,,agree,
C027-L46,dgz,agreed,5105-1703E N,5105- 1703E N,,agree,
C031-L04,installation,agreed,248 0232-1233,248 0232-1233,,agree,
C031-L32,installation,agreed,023 0251-0196,023 0251-0196,,agree,
C031-L44,installation,agreed,010 0251-0565,010 0251-0565,,agree,
C035-L07,subcomplex,agreed,ROMAIFURDO HUNG 4735-01903,ROMAIFURDO HUNG 4735-01903,,agree,
C035-L24,installation,agreed,275 0252-9604,275 0252-9604,,agree,
C035-L34,installation,agreed,275 0165-9961,275 0165-9961,,agree,
C035-L42,complex,agreed,907 10525 BUKACHACHA 5258-11654,907 10525 BUKACHACHA 5258-11654,,agree,
C040-L21,dgz,agreed,2811-11258E A,2811-11258E A,,agree,
C040-L29,installation,agreed,227 0235-,227 0235-,,agree,
C044-L07,installation,agreed,102 0200-0004,102 0200-0004,,agree,
C044-L24,complex,agreed,253 1240 CHEREPOVETS 5908-03756,253 1240 CHEREPOVETS 5908-03756,,agree,
C051-L06,dgz,agreed,5850-3213E C,5850- 3213E C,,agree,
C051-L15,installation,agreed,372 0162-0032,372 0162-0032,,agree,
C051-L21,dgz,agreed,2934-10635E D,2934-10635E D,,agree,
C051-L24,installation,agreed,243 0495-,243 0495-,,agree,
C051-L38,installation,agreed,281 0495-0020,281 0495-0020,,agree,
C055-L15,installation,agreed,230 0381-0322,230 0381-0322,,agree,
C055-L21,installation,agreed,275 0381-,275 0381-,,agree,
C059-L24,installation,agreed,280 0046-0001,280 0046-0001,,agree,
C063-L09,installation,agreed,388 0231-1480,388 0231-1480,,agree,
C063-L15,installation,agreed,480 0231-1875,480 0231-1875,,agree,
C063-L18,installation,agreed,281 0231-1904,281 0231-1904,,agree,
C063-L41,installation,agreed,275 0231-,275 0231-,,agree,
C063-L42,installation,agreed,430 0231-1758,430 0231-1758,,agree,
C063-L51,installation,agreed,275 0231-9837,275 0231-9837,,agree,
C067-L17,installation,agreed,236 0154-0040,236 0154-0040,,agree,
C071-L43,installation,agreed,006 0252-0770,006 0252-0770,,agree,
C076-L22,installation,agreed,095 0250-0138,095 0250-0138,,agree,
C080-L05,merged,agreed,246 0232-1306 || 275 0232-9968,246 0232-1306,246 0232-1306 || 275 0232-9968,curated right,bar covers both the 246 and the 275 line
C080-L07,installation,agreed,060 0232-0311,060 0232-0311,,agree,
C080-L09,installation,agreed,204 0232-0324,204 0232-0324,,agree,
C080-L17,installation,agreed,275 0232-9656,275 0232-9656,,agree,
C080-L28,installation,agreed,430 0232-0032,430 0232-0032,,agree,
C084-L07,subcomplex,agreed,STRZYBNICA POL 5028-01845,STRZYBNICA POL 5028-01845,,agree,
C084-L29,installation,agreed,490 0232-0121,490 0232-0121,,agree,
C084-L36,installation,agreed,064 0232-1531,064 0232-1531,,agree,
C084-L49,subcomplex,agreed,WYSOKA POL 5026-01921,WYSOKA POL 5026-01921,,agree,
C084-L54,installation,agreed,062 0232-0752,062 0232-0752,,agree,
C088-L25,installation,agreed,047 0234-0125,047 0234-0125,,agree,
C092-L18,installation,agreed,275 0616-,275 0616-,,agree,
C092-L24,complex,agreed,567 2530 HAI LA ERH MANCH 4913-11944,567 2530 HAI LA ERH MANCH 4913-11944,,agree,
C096-L15,installation,agreed,090 0283-0107,090 0283-0107,,agree,
C096-L17,installation,agreed,485 0283-0108,485 0283-0108,,agree,
C100-L07,complex,agreed,850 2887 IDRITSA 5619-02852,850 2887 IDRITSA 5619-02852,,agree,
C100-L17,complex,agreed,1164 28955 IKOVKA 5538-06459,1164 28955 IKOVKA 5538-06459,,agree,
C100-L27,complex,agreed,274 29355 INOWROCLAW POL 5248-01815,274 29355 INOWROCLAW POL 5248-01815,,agree,
C100-L31,subcomplex,agreed,MATWY POL 5245-01816,MATWY POL 5245-01816,,agree,
C100-L35,complex,agreed,868 2936 INTA 6625-06130,868 2936 INTA 6625-06130,,agree,
C105-L18,complex,agreed,1027 3158 KALACH 5026-04102,1027 3158 KALACH 5026-04102,,agree,
C105-L34,installation,agreed,227 0154-0369,227 0154-0369,,agree,
C111-L15,complex,agreed,224 3310 KASHIRA 5451-03810,224 3310 KASHIRA 5451-03810,,agree,
C111-L38,complex,agreed,1168 33189 KATANGLI 5142-14313,1168 33189 KATANGLI 5142-14313,,agree,
C111-L41,installation,agreed,275 0205-9994,275 0205-9994,,agree,
C116-L18,installation,agreed,030 0234-0035,030 0234-0035,,agree,
C116-L21,installation,agreed,430 0234-0041,430 0234-0041,,agree,
C120-L06,installation,agreed,227 0325-,227 0325-,,agree,
C120-L10,installation,agreed,116 0325-0167,116 0325-0167,,agree,
C120-L33,installation,agreed,227 0091-,227 0091-,,agree,
C125-L12,installation,agreed,275 0250-9987,275 0250-9987,,agree,
C125-L28,installation,agreed,275 0252-9978,275 0252-9978,,agree,
C130-L25,installation,agreed,280 0028-0003,280 0028-0003,,agree,
C134-L24,dgz,agreed,4907-3326E E,4907- 3326E E,,agree,
C138-L09,installation,agreed,120 0234-0164,120 0234-0164,,agree,
C138-L26,installation,agreed,275 0156-9987,275 0156-9987,,agree,
C138-L40,installation,agreed,248 0169-1233,248 0169-1233,,agree,
C142-L07,dgz,agreed,5119-1223E AG,5119- 1223E AG,,agree,
C147-L34,installation,agreed,370 0152-0504,370 0152-0504,,agree,
C151-L09,installation,agreed,275 0497-9974,275 0497-9974,,agree,
C151-L35,installation,agreed,445 0232-0297,445 0232-0297,,agree,
C151-L36,installation,agreed,275 0232-9814,275 0232-9814,,agree,
C156-L24,installation,agreed,215 0170-0136,215 0170-0136,,agree,
C156-L37,installation,agreed,430 0164-0010,430 0164-0010,,agree,
C165-L11,installation,agreed,188 0232-1036,188 0232-1036,,agree,
C165-L45,dgz,agreed,4935-1809E P,4935- 1809E P,,agree,
C165-L53,installation,agreed,248 0232-1250,248 0232-1250,,agree,
C170-L24,installation,agreed,227 0196-0004,227 0196-0004,,agree,
C170-L47,installation,agreed,226 0231-0217,226 0231-0217,,agree,
C174-L08,installation,agreed,227 0166-,227 0166-,,agree,
C174-L23,installation,agreed,248 0283-0132,248 0283-0132,,agree,
C174-L32,installation,agreed,275 0065-,275 0065-,,agree,
C178-L08,installation,agreed,110 0153-0001,110 0153-0001,,agree,
C178-L22,installation,agreed,227 0166-,227 0166-,,agree,
C178-L40,dgz,agreed,5151-11602E C,5151-11602E C,,agree,
C184-L19,installation,agreed,275 0156-9821,275 0156-9821,,agree,
C189-L04,installation,agreed,392 0169-0632,392 0169-0632,,agree,
C189-L17,installation,agreed,015 0163-0004,015 0163-0004,,agree,
C189-L21,installation,agreed,290 0163-0034,290 0163-0034,,agree,
C189-L35,complex,agreed,885 5760 OMUTNINSK 5839-05211,885 5760 OMUTNINSK 5839-05211,,agree,
C194-L38,subcomplex,agreed,BIALA POL 4949-01903,BIALA POL 4949-01903,,agree,
C194-L42,installation,agreed,230 0232-0545,230 0232-0545,,agree,
C198-L12,subcomplex,agreed,SEMTIN CZECH 5004-01543,SEMTIN CZECH 5004-01543,,agree,
C198-L21,installation,agreed,445 0231-1683,445 0231-1683,,agree,
C198-L23,complex,agreed,1078 6060 PASHIYA 5826-05817,1078 6060 PASHIYA 5826-05817,,agree,
C198-L30,installation,agreed,275 0234-9965,275 0234-9965,,agree,
C203-L09,complex,agreed,1188 6290 PITKYARANTA 6135-03130,1188 6290 PITKYARANTA 6135-03130,,agree,
C203-L26,subcomplex,agreed,GREIZ E GER 5039-01212,GREIZ E GER 5039-01212,,agree,
C203-L28,installation,agreed,020 0231-3730,020 0231-3730,,agree,
C207-L06,installation,agreed,246 0167-0961,246 0167-0961,,agree,
C207-L21,complex,agreed,819 6380 POLEVSKOY 5627-06012,819 6380 POLEVSKOY 5627-06012,,agree,
C207-L26,installation,agreed,352 0249-0280,352 0249-0280,,agree,
C212-L23,installation,agreed,275 0231-9908,275 0231-9908,,agree,
C212-L27,installation,agreed,275 0231-9509,275 0231-9509,,agree,
C216-L06,installation,agreed,235 0231-3539,235 0231-3539,,agree,
C216-L08,subcomplex,agreed,LANY CZECH 5007-01358,LANY CZECH 5007-01358,,agree,
C220-L15,installation,agreed,485 0153-0506,485 0153-0506,,agree,
C220-L33,installation,agreed,394 0251-0121,394 0251-0121,,agree,
C224-L10,installation,agreed,392 0232-0067,392 0232-0067,,agree,
C224-L29,installation,agreed,090 0231-1938,090 0231-1938,,agree,
C229-L18,installation,agreed,275 0231-,275 0231-,,agree,
C229-L29,installation,agreed,075 0231-1924,075 0231-1924,,agree,
C229-L42,installation,agreed,275 0231-,275 0231-,,agree,
C233-L45,installation,agreed,224 0492-0015,224 0492-0015,,agree,
C233-L51,installation,agreed,022 0492-0032,022 0492-0032,,agree,
C237-L07,installation,agreed,068 0233-0112,068 0233-0112,,agree,
C237-L13,installation,agreed,382 0322-0740,382 0322-0740,,agree,
C237-L36,installation,agreed,243 0251-0962,243 0251-0962,,agree,
C241-L05,dgz,agreed,5447-3204E B,5447- 3204E B,,agree,
C241-L48,installation,agreed,241 0322-0515,241 0322-0515,,agree,
C245-L21,installation,agreed,450 0235-0005,450 0235-0005,,agree,
C245-L35,installation,agreed,062 0235-0068,062 0235-0068,,agree,
C249-L39,installation,agreed,227 0234-,227 0234-,,agree,
C249-L40,installation,agreed,362 0234-0462,362 0234-0462,,agree,
C253-L24,installation,agreed,437 0324-,437 0324-,,agree,
C253-L36,installation,agreed,048 0324-0126,048 0324-0126,,agree,
C258-L16,installation,agreed,275 0251-9893,275 0251-9893,,agree,
C258-L45,subcomplex,agreed,STRIBRO CZECH 4945-01300,STRIBRO CZECH 4945-01300,,agree,
C262-L32,installation,agreed,068 0232-0618,068 0232-0618,,agree,
C266-L20,installation,agreed,216 0282-0003,216 0282-0003,,agree,
C266-L24,installation,agreed,246 0617-,246 0617-,,agree,
C271-L27,complex,agreed,49 86005 TSING TAO CHINA 3605-12020,49 86005 TSING TAO CHINA 3605-12020,,agree,
C276-L25,installation,agreed,246 0165-0157,246 0165-0157,,agree,
C276-L38,complex,agreed,238 8820 URALSK 5113-05123,238 8820 URALSK 5113-05123,,agree,
C276-L43,installation,agreed,410 0235-0049,410 0235-0049,,agree,
C280-L04,installation,agreed,275 0153-9995,275 0153-9995,,agree,
C280-L13,installation,agreed,280 0152-0160,280 0152-0160,,agree,
C280-L17,installation,agreed,275 0322-,275 0322-,,agree,
C284-L11,installation,agreed,246 0291-0150,246 0291-0150,,agree,
C284-L17,installation,agreed,245 0291-0174,245 0291-0174,,agree,
C284-L23,installation,agreed,246 0291-0166,246 0291-0166,,agree,
C284-L24,installation,agreed,246 0291-0167,246 0291-0167,,agree,
C284-L32,subcomplex,agreed,CICEU RUM 4626-02547,CICEU RUM 4626-02547,,agree,
C284-L38,subcomplex,agreed,DOMASIN CZECH 4943-01453,DOMASIN CZECH 4943-01453,,agree,
C289-L12,installation,agreed,275 0167-9962,275 0167-9962,,agree,
C289-L39,dgz,agreed,4927-1807E E,4927- 1807E E,,agree,
C293-L15,complex,agreed,361 9475 WISMAR E GER 5354-01128,361 9475 WISMAR E GER 5354-01128,,agree,
C293-L36,subcomplex,agreed,PERLEBERG E GER 5305-01151,PERLEBERG E GER 5305-01151,,agree,
C297-L42,installation,agreed,021 0325-0013,021 0325-0013,,agree,
C301-L09,installation,agreed,304 0249-0018,304 0249-0018,,agree,
C301-L38,installation,agreed,275 0203-9982,275 0203-9982,,agree,
C301-L42,complex,agreed,496 9833 ZDUNSKA WOLA POL 5134-01901,496 9833 ZDUNSKA WOLA POL 5134-01901,,agree,
C301-L45,complex,agreed,488 9860 ZELENODOLSK 5550-04829,488 9860 ZELENODOLSK 5550-04829,,agree,
C305-L38,subcomplex,agreed,DOROKHOVO 5532-03624,DOROKHOVO 5532-03624,,agree,
C305-L43,msite,agreed,YERSHOVO M-66 5548-03652 QC,YERSHOVO M-66 5548-03652 QC,,agree,
