A002-L01	header	DECLASSIFIED	cut
A002-L02	header	DECLASSIFIED	cut
A002-L03	data	1042 0020 ABAKAN 0161-8002 5343-09127 R	
A002-L04	data	814 0024 ACHINSK 0159-8007 5616-09028 R	
A002-L05	data	771 6270 ADLER 0324-8635 4327-09956 R	
A002-L06	data	47 0034 AFRIKANDA 0091-8601 6728-03248 R	
A002-L07	data	727 0080 AKTYURINSK 0236-8002 5010-05710 R	
A002-L08	data	48 0096 ALAKURTTI 0091-8602 6658-03021 R	
A002-L09	data	952 0100 ALAPAYEVSK 0156-8024 5752-06145 R	
A002-L10	data	683 0120 ALEKSANDROVSK 0205-8001 5053-14210 R	
A002-L11	data	91 0125 ALEKSEYEVSKOYE 0204-8658 4917-14016 R	
A002-L12	data	401 0138 ALEXENI, RUM 0251-8076 4442-02644 R	
A002-L13	data	867 0160 ALMA ATA 0329-8602 4321-07700 R	
A002-L14	data	1043 0160 ALMA ATA N. 0329-8501 4323-07659 S	
A002-L15	data	1044 0160 ALMA ATA N.W. 0329-8603 4321-07690 T	
A002-L16	data	355 0185 ALTENBURG, E GER 0231-8055 5059-01230 R	
A002-L17	data	442 8465 ALT LONNEWITZ, E GER 0231-8056 5133-01313 R	
A002-L18	data	857 0189 ALYTUS 0168-8601 5425-02402 R	
A002-L19	data	52 0201 AMDERMA 0049-8001 5945-06140 R	
A002-L20	data	27 0230 ANADYR/LENINKA 0075-8001 6444-17747 R	
A002-L21	data	64 0230 ANADYR/MYS NIZMENNY 0075-8003 6448-17736 S	
A002-L22	data	892 0231 ANAPA 0249-8093 4452-03720 R	
A002-L23	data	134 0236 ANDIZHAN 0328-8602 4044-07218 R	
A002-L24	data	722 02485 ANKANG, CHINA 0384-8415 3242-10856 R	
A002-L25	data	291 3776 ANTONOVKA 0282-8602 4423-13423 S	
A002-L26	data	275 02495 AN TUNG, MANCH 0290-8017 4001-12417 R	
A002-L27	data	553 0265 ARAD CEALA, RUM 0251-8006 4611-02116 R	
A002-L28	data	53 0270 ARKHANGELSK 0092-8001 6426-04025 R	
A002-L29	data	893 027? ARKHANGELSK/BAKARITSA 0092-8002 6478-04035 T	
A002-L30	footer	DocId:32003765 TOP SECRET - RESTRICTED DA	cut
