C153-L01	header	DGZ BA	
C153-L02	data	005 0153-0201	
C153-L03	data	358 0153-0653	
C153-L04	data	275 0153-9925	speck after the final 5 ignored
C153-L05	data	1068 47603 LUGOJ RUM 4540-02155	
C153-L06	data	056 0251-0136	
C153-L07	data	290 0251-0137	
C153-L08	data	290 0251-0138	
C153-L09	data	248 0251-0891	
C153-L10	data	275 0251-9926	
C153-L11	data	477 47615 LUKOW POL 5154-02226	
C153-L12	data	392 0232-0916	
C153-L13	data	336 0232-0917	
C153-L14	data	275 0232-9848	
C153-L15	data	976 4770 LUNINETS 5215-02649	
C153-L16	data	370 0168-0245	
C153-L17	data	275 0168-9843	
C153-L18	data	474 4776 LU PIN MANCH 4935-11726	
C153-L19	data	4935-11726E B	
C153-L20	data	384 0202-0028	unsure; first digit after hyphen is a 0 missing its top arc
C153-L21	data	227 0202-0032	
C153-L22	data	275 0202-9975	
C153-L23	data	954 4777 LUTSK 5045-02519	
C153-L24	data	5044- 2518E B	
C153-L25	data	227 0233-	
C153-L26	data	275 0233-9813	
C153-L27	data	21 4780 LVOV 4951-02402	
C153-L28	data	4950- 2401E A	
C153-L29	data	4948- 2401E C	
C153-L30	data	227 0232-	
C153-L31	data	240 0232-	
C153-L32	data	241 0232-	
C153-L33	data	328 0232-0128	
C153-L34	data	145 0232-0145	speck above the 1 ignored
C153-L35	data	376 0232-0149	
C153-L36	data	376 0232-0152	
C153-L37	data	010 0232-0480	
C153-L38	data	208 0232-0762	
C153-L39	data	224 0232-1002	
C153-L40	data	226 0232-1002	
C153-L41	data	285 0232-1025	
C153-L42	data	246 0232-1205	
C153-L43	footer	DocId:32003765 TOP SECRET - RESTRICT??	cut; 9th letter under round mark, last letter partly cut, left unread
