A031-L01	header	ASSIFIED || ND 75573	merged; stamp cut at left, 75573 handwritten
A031-L01+	header	TOP SECRET	unlabelled; struck through
A031-L02	data	262 9483 RECHLIN/LARZ, E GER 0169-8231 5318-01245 S	
A031-L03	data	1110 9670 REDKINO 0167-8100 5232-03804 S	
A031-L04	data	629 7704 RELBITSY 0153-8109 5804-03005 S	
A031-L05	data	943 9320 REMPETI 0103-8613 6028-02846 S	
A031-L06	data	461 6830 RIGA/SALASPILS 0153-8094 5652-02420 V	
A031-L07	data	699 6830 RIGA/SKIROTAVA 0153-8095 5653-02413 T	
A031-L08	data	191 6830 RIGA/SPILVE 0153-8096 5659-02405 S	
A031-L09	data	149 6830 RIGA W. 0153-8098 5655-02359 R	
A031-L10	data	109 0290 ROMANOVKA 0291-8006 4315-13227 X	
A031-L11	data	110 0290 ROMANOVKA W. 0291-8675 4314-13219 RM	
A031-L12	data	123 22495 ROPSHA 0153-8099 5943-02950 S	
A031-L13	data	324 9162 ROSS 0168-8662 5318-02422 R	
A031-L14	data	1013 6897 ROSSOSH 0234-8054 5008-03941 R	
A031-L15	data	841 6910 ROSTOV E. 0249-8250 4715-03949 T	
A031-L16	data	860 6910 ROSTOV N. 0249-8249 4715-03945 S	speck before 860 ignored
A031-L17	data	290 6910 ROSTOV N.W. 0249-8251 4717-03938 R	
A031-L18	data	122 5465 ROTHENBURG, E GER 0231-8171 5122-01457 R	
A031-L19	data	875 7660 ROTMISTROVKA 0233-8063 4908-03141 R	
A031-L20	data	1086 6923 ROVENKI 0234-8055 4805-03927 R	
A031-L21	data	1087 6925 ROVNO 0233-8064 5036-02609 R	
A031-L22	data	1088 6994 RUCHI 0092-8029 6601-04108 R	
A031-L23	data	511 1515 RUDNIKI, POL 0232-8229 5053-01912 R	
A031-L24	data	168 7060 RYAZAN/DYAGILEVO 0166-8027 5438-03935 R	
A031-L25	data	642 7070 RYAZHSK 0166-8028 5342-04001 R	
A031-L26	data	1089 7072 RYBACHIY 0169-8614 5510-02051 R	
A031-L27	data	825 7095 RZEZOW/JASIONKA, POL 0232-8230 5006-02203 R	
A031-L28	data	547 7100 RZHEV 0154-8039 5616-03424 R	
A031-L29	footer	DocId:32003765 TOP SECRET - RESTRICT?ED DA	cut
