C087-L01	header	LASSIFIED	
C087-L02	header	ND75573	
C087-L03	header	TOP SECRET || DGZ BA	merged
C087-L04	data	227 0154-0290	
C087-L05	data	281 0154-0306	
C087-L06	data	208 0154-0359	
C087-L07	data	227 0154-0368	
C087-L08	data	112 0154-0397	
C087-L09	data	430 0154-0408	
C087-L10	data	281 0154-0413	
C087-L11	data	281 0154-0414	
C087-L12	data	243 0154-0442	
C087-L13	data	248 0154-0442	
C087-L14	data	275 0154-9996	
C087-L15	data	BOR 5622-04404	
C087-L16	data	5620- 4404E M	
C087-L17	data	281 0155-0095	
C087-L18	data	227 0155-0100	
C087-L19	data	227 0155-0106	
C087-L20	data	275 0155-9989	
C087-L21	data	470 2365 GORLICE POL 4940-02110	
C087-L22	data	4939- 2109E C	
C087-L23	data	224 0232-0004	
C087-L24	data	226 0232-0004	
C087-L25	data	275 0232-9867	
C087-L26	data	GLINIK MARIAMPOLSKI POL 4942-02113	
C087-L27	data	275 0232-	
C087-L28	data	250 0232-1203	
C087-L29	data	262 0232-1203	
C087-L30	data	JASLO POL 4945-02129	
C087-L31	data	4943- 2127E B	
C087-L32	data	224 0232-0005	
C087-L33	data	226 0232-0005	
C087-L34	data	392 0232-0019	
C087-L35	data	275 0232-9863	
C087-L36	data	207 2370 GORLITZ E GER 5110-01500	
C087-L37	data	5109- 1458E B	
C087-L38	data	292 0231-0538	
C087-L39	data	296 0231-0538	
C087-L40	data	388 0231-0539	
C087-L41	data	235 0231-0617	
C087-L42	data	485 0231-0617	
C087-L43	data	264 0231-2744	
C087-L44	data	275 0231-9993	
C087-L45	data	HIRSCHFELDE E GER 5057-01453	
C087-L46	data	275 0231-	
C087-L47	data	060 0231-0427	
C087-L48	data	LAUBAN POL 5107-01517	
C087-L49	data	275 0231-	
C087-L50	data	336 0231-3078	
C087-L51	data	LOEBAU E GER 5106-01440	
C087-L52	data	248 0231-3413	
C087-L53	footer	DocId:32003765 TOP SECRET - RESTRICT?	cut
